ISO-10303-21;
HEADER;
FILE_DESCRIPTION (( 'STEP AP214' ),
    '1' );
FILE_NAME ('door detail with lock sensor.STEP',
    '2026-09-28T13:19:07',
    ( '' ),
    ( '' ),
    'SwSTEP 2.0',
    'SolidWorks 2017',
    '' );
FILE_SCHEMA (( 'AUTOMOTIVE_DESIGN' ));
ENDSEC;

DATA;
#1 = DIRECTION ( 'NONE',  ( 0.0000000000000000000, 0.0000000000000000000, 1.000000000000000000 ) ) ;
#2 = CARTESIAN_POINT ( 'NONE',  ( -4.849999999999997900, 29.99999999999999600, -8.400000000000003900 ) ) ;
#3 = PRODUCT_DEFINITION_SHAPE ( 'NONE', 'NONE',  #3798 ) ;
#4 = VECTOR ( 'NONE', #1095, 1000.000000000000000 ) ;
#5 = CARTESIAN_POINT ( 'NONE',  ( -9.650000569866584500, 35.75000000000000700, 2.944058900495365000 ) ) ;
#6 = LINE ( 'NONE', #2290, #3583 ) ;
#7 = EDGE_CURVE ( 'NONE', #1113, #2626, #2183, .T. ) ;
#8 = VECTOR ( 'NONE', #1849, 1000.000000000000000 ) ;
#9 = VERTEX_POINT ( 'NONE', #1283 ) ;
#10 = EDGE_CURVE ( 'NONE', #1815, #1023, #3060, .T. ) ;
#11 = DIRECTION ( 'NONE',  ( -0.0000000000000000000, -0.0000000000000000000, -1.000000000000000000 ) ) ;
#12 = LINE ( 'NONE', #1101, #1744 ) ;
#13 = ORIENTED_EDGE ( 'NONE', *, *, #1094, .T. ) ;
#14 = LINE ( 'NONE', #472, #2017 ) ;
#15 = ORIENTED_EDGE ( 'NONE', *, *, #3537, .F. ) ;
#16 = CARTESIAN_POINT ( 'NONE',  ( -8.900000000000030600, -1.250000000000000000, 5.949999999999999300 ) ) ;
#17 = CARTESIAN_POINT ( 'NONE',  ( 17.50000000000000700, 99.99999999999994300, 11.79999999999999900 ) ) ;
#18 = VECTOR ( 'NONE', #76, 1000.000000000000000 ) ;
#19 = VERTEX_POINT ( 'NONE', #2094 ) ;
#20 = VERTEX_POINT ( 'NONE', #1232 ) ;
#21 = ADVANCED_FACE ( 'NONE', ( #2971 ), #3299, .F. ) ;
#22 = VERTEX_POINT ( 'NONE', #1512 ) ;
#23 = VERTEX_POINT ( 'NONE', #48 ) ;
#24 = CARTESIAN_POINT ( 'NONE',  ( 0.0000000000000000000, 0.0000000000000000000, 9.299999999999998900 ) ) ;
#25 = CARTESIAN_POINT ( 'NONE',  ( 0.0000000000000000000, 1.000000000000000900, 13.00000000000000500 ) ) ;
#26 = EDGE_CURVE ( 'NONE', #586, #23, #335, .T. ) ;
#27 = CARTESIAN_POINT ( 'NONE',  ( -17.49999999999999300, 99.99999999999994300, 9.299999999999998900 ) ) ;
#28 = CARTESIAN_POINT ( 'NONE',  ( -8.900000569866989500, 35.75000000000000700, 8.900126457546539500 ) ) ;
#29 = ORIENTED_EDGE ( 'NONE', *, *, #3729, .T. ) ;
#30 = ORIENTED_EDGE ( 'NONE', *, *, #3562, .T. ) ;
#31 = EDGE_CURVE ( 'NONE', #20, #113, #656, .T. ) ;
#32 = ORIENTED_EDGE ( 'NONE', *, *, #100, .T. ) ;
#33 = EDGE_CURVE ( 'NONE', #2463, #250, #2288, .T. ) ;
#34 =( REPRESENTATION_RELATIONSHIP ('NONE','NONE', #1134, #1192 ) REPRESENTATION_RELATIONSHIP_WITH_TRANSFORMATION ( #245 )SHAPE_REPRESENTATION_RELATIONSHIP( ) );
#35 = AXIS2_PLACEMENT_3D ( 'NONE', #1196, #283, #589 ) ;
#36 = CARTESIAN_POINT ( 'NONE',  ( -8.150000569866989500, 35.75000000000000700, 3.450377687358690000 ) ) ;
#37 = VECTOR ( 'NONE', #690, 1000.000000000000000 ) ;
#38 = DIRECTION ( 'NONE',  ( 7.153498870007453100E-016, -1.000000000000000000, 0.0000000000000000000 ) ) ;
#39 = VECTOR ( 'NONE', #3669, 1000.000000000000000 ) ;
#40 = CARTESIAN_POINT ( 'NONE',  ( 0.0000000000000000000, 1.000000000000000900, 13.00000000000000200 ) ) ;
#41 = DIRECTION ( 'NONE',  ( 0.0000000000000000000, -1.000000000000000000, 0.0000000000000000000 ) ) ;
#42 = DIRECTION ( 'NONE',  ( -1.000000000000000000, 0.0000000000000000000, 0.0000000000000000000 ) ) ;
#43 = ORIENTED_EDGE ( 'NONE', *, *, #1880, .F. ) ;
#44 = ORIENTED_EDGE ( 'NONE', *, *, #2962, .T. ) ;
#45 = AXIS2_PLACEMENT_3D ( 'NONE', #3347, #1041, #1876 ) ;
#46 = VECTOR ( 'NONE', #1822, 1000.000000000000000 ) ;
#47 = VERTEX_POINT ( 'NONE', #3566 ) ;
#48 = CARTESIAN_POINT ( 'NONE',  ( 8.499999999999998200, 48.69999999999998200, 0.0000000000000000000 ) ) ;
#49 = LINE ( 'NONE', #307, #2283 ) ;
#50 = CARTESIAN_POINT ( 'NONE',  ( 4.850000000000001400, 30.00000000000000400, -86.87902598758884700 ) ) ;
#51 = AXIS2_PLACEMENT_3D ( 'NONE', #2845, #3440, #2590 ) ;
#52 = LINE ( 'NONE', #3026, #2370 ) ;
#53 = ORIENTED_EDGE ( 'NONE', *, *, #3317, .F. ) ;
#54 = DIRECTION ( 'NONE',  ( -0.0000000000000000000, -0.0000000000000000000, -1.000000000000000000 ) ) ;
#55 = ORIENTED_EDGE ( 'NONE', *, *, #728, .T. ) ;
#56 = DIRECTION ( 'NONE',  ( 0.0000000000000000000, -1.000000000000000000, 0.0000000000000000000 ) ) ;
#57 = VECTOR ( 'NONE', #1088, 1000.000000000000000 ) ;
#58 = CARTESIAN_POINT ( 'NONE',  ( -16.80000000000000100, 1.000000000000000900, 14.00000000000000000 ) ) ;
#59 = ORIENTED_EDGE ( 'NONE', *, *, #3239, .F. ) ;
#60 = CARTESIAN_POINT ( 'NONE',  ( -4.899999999999999500, -1.250000000000000200, 4.236770495056200400 ) ) ;
#61 = ORIENTED_EDGE ( 'NONE', *, *, #2049, .T. ) ;
#62 = VECTOR ( 'NONE', #1489, 1000.000000000000000 ) ;
#63 = VERTEX_POINT ( 'NONE', #2375 ) ;
#64 = EDGE_CURVE ( 'NONE', #1490, #541, #1694, .T. ) ;
#65 = CARTESIAN_POINT ( 'NONE',  ( -8.900000569866989500, 35.75000000000000700, 8.896999350387458700 ) ) ;
#66 = AXIS2_PLACEMENT_3D ( 'NONE', #1715, #849, #251 ) ;
#67 = ORIENTED_EDGE ( 'NONE', *, *, #830, .F. ) ;
#68 = VERTEX_POINT ( 'NONE', #673 ) ;
#69 = DIRECTION ( 'NONE',  ( 0.0000000000000000000, 0.0000000000000000000, -1.000000000000000000 ) ) ;
#70 = CARTESIAN_POINT ( 'NONE',  ( -5.500000000000009800, 11.00000000000000200, -29.80527936219560200 ) ) ;
#71 = CARTESIAN_POINT ( 'NONE',  ( -9.650000569866991300, 35.75000000000000700, 7.072757702718760700 ) ) ;
#72 = ORIENTED_EDGE ( 'NONE', *, *, #2145, .F. ) ;
#73 = DIRECTION ( 'NONE',  ( 1.000000000000000000, 0.0000000000000000000, -0.0000000000000000000 ) ) ;
#74 = DIRECTION ( 'NONE',  ( 0.0000000000000000000, -1.000000000000000000, 1.734723475976807100E-015 ) ) ;
#75 = DIRECTION ( 'NONE',  ( 0.0000000000000000000, 0.0000000000000000000, 1.000000000000000000 ) ) ;
#76 = DIRECTION ( 'NONE',  ( 5.178279032766586000E-017, -1.000000000000000000, -0.0000000000000000000 ) ) ;
#77 = CARTESIAN_POINT ( 'NONE',  ( -9.650000569866991300, 35.75000000000000700, 4.967940939012032200 ) ) ;
#78 = EDGE_CURVE ( 'NONE', #2597, #586, #428, .T. ) ;
#79 = CARTESIAN_POINT ( 'NONE',  ( -13.33594566263990100, 35.75000000000000700, 9.650126457546539500 ) ) ;
#80 = VECTOR ( 'NONE', #1103, 1000.000000000000000 ) ;
#81 = VERTEX_POINT ( 'NONE', #1246 ) ;
#82 = EDGE_CURVE ( 'NONE', #1083, #2576, #1511, .T. ) ;
#83 = LINE ( 'NONE', #1373, #1678 ) ;
#84 = CARTESIAN_POINT ( 'NONE',  ( -8.150000569866989500, 35.75000000000000700, 5.995388947890981000 ) ) ;
#85 = VERTEX_POINT ( 'NONE', #658 ) ;
#86 = LINE ( 'NONE', #2604, #2055 ) ;
#87 = CARTESIAN_POINT ( 'NONE',  ( 8.499999999999998200, 82.19999999999997400, 2.500000000000000000 ) ) ;
#88 = VERTEX_POINT ( 'NONE', #2980 ) ;
#89 = VECTOR ( 'NONE', #1534, 1000.000000000000000 ) ;
#90 = PLANE ( 'NONE',  #2628 ) ;
#91 = CARTESIAN_POINT ( 'NONE',  ( -9.650000569866788800, 35.75000000000000700, 2.944058900495390800 ) ) ;
#92 = DIRECTION ( 'NONE',  ( 1.000000000000000000, -1.734723475976807400E-017, 0.0000000000000000000 ) ) ;
#93 = LINE ( 'NONE', #3426, #2920 ) ;
#94 = VECTOR ( 'NONE', #3580, 1000.000000000000000 ) ;
#95 = VECTOR ( 'NONE', #2910, 1000.000000000000000 ) ;
#96 = VERTEX_POINT ( 'NONE', #2692 ) ;
#97 = EDGE_CURVE ( 'NONE', #401, #2349, #572, .T. ) ;
#98 = FACE_OUTER_BOUND ( 'NONE', #638, .T. ) ;
#99 = ORIENTED_EDGE ( 'NONE', *, *, #1958, .F. ) ;
#100 = EDGE_CURVE ( 'NONE', #375, #2825, #3253, .T. ) ;
#101 = DIRECTION ( 'NONE',  ( 1.000000000000000000, 0.0000000000000000000, -2.043846688811130000E-031 ) ) ;
#102 = CARTESIAN_POINT ( 'NONE',  ( 17.50000000000001100, -97.50000000000004300, -0.0000000000000000000 ) ) ;
#103 = FACE_OUTER_BOUND ( 'NONE', #2900, .T. ) ;
#104 = EDGE_LOOP ( 'NONE', ( #353, #2630, #3278, #2895 ) ) ;
#105 = EDGE_CURVE ( 'NONE', #2000, #20, #1780, .T. ) ;
#106 = VECTOR ( 'NONE', #2901, 1000.000000000000000 ) ;
#107 = EDGE_LOOP ( 'NONE', ( #548, #1219, #1126, #505 ) ) ;
#108 = ORIENTED_EDGE ( 'NONE', *, *, #1718, .F. ) ;
#109 = MANIFOLD_SOLID_BREP ( 'Imported1', #1761 ) ;
#110 = ORIENTED_EDGE ( 'NONE', *, *, #2427, .T. ) ;
#111 = DIRECTION ( 'NONE',  ( -0.0000000000000000000, 1.000000000000000000, -0.0000000000000000000 ) ) ;
#112 = CARTESIAN_POINT ( 'NONE',  ( -8.900000000000011000, 12.75462388992309900, 17.89999999999999900 ) ) ;
#113 = VERTEX_POINT ( 'NONE', #1868 ) ;
#114 = DIRECTION ( 'NONE',  ( 0.0000000000000000000, 0.0000000000000000000, 1.000000000000000000 ) ) ;
#115 = PRODUCT_DEFINITION_FORMATION_WITH_SPECIFIED_SOURCE ( 'ANY', '', #2039, .NOT_KNOWN. ) ;
#116 = VERTEX_POINT ( 'NONE', #998 ) ;
#117 = CARTESIAN_POINT ( 'NONE',  ( -8.500000000000003600, 48.69999999999998200, 0.0000000000000000000 ) ) ;
#118 = FACE_OUTER_BOUND ( 'NONE', #2476, .T. ) ;
#119 = DIRECTION ( 'NONE',  ( 0.0000000000000000000, 1.000000000000000000, -0.0000000000000000000 ) ) ;
#120 = AXIS2_PLACEMENT_3D ( 'NONE', #3043, #431, #1596 ) ;
#121 = CARTESIAN_POINT ( 'NONE',  ( -8.900000569866989500, 35.75000000000000700, 8.896999350387458700 ) ) ;
#122 = EDGE_CURVE ( 'NONE', #3101, #9, #3750, .T. ) ;
#123 = EDGE_CURVE ( 'NONE', #1300, #767, #887, .T. ) ;
#124 = EDGE_LOOP ( 'NONE', ( #2387, #1309, #2842, #168, #1478 ) ) ;
#125 = EDGE_LOOP ( 'NONE', ( #2020, #3020, #224, #1820, #1155, #897 ) ) ;
#126 = DIRECTION ( 'NONE',  ( 1.097877974401809900E-015, -0.0000000000000000000, -1.000000000000000000 ) ) ;
#127 = CIRCLE ( 'NONE', #3600, 1.000000000000000000 ) ;
#128 = EDGE_CURVE ( 'NONE', #2626, #711, #2735, .T. ) ;
#129 = EDGE_LOOP ( 'NONE', ( #3725, #2781, #1573, #44 ) ) ;
#130 =( GEOMETRIC_REPRESENTATION_CONTEXT ( 3 ) GLOBAL_UNCERTAINTY_ASSIGNED_CONTEXT ( ( #3003 ) ) GLOBAL_UNIT_ASSIGNED_CONTEXT ( ( #1542, #356, #1266 ) ) REPRESENTATION_CONTEXT ( 'NONE', 'WORKASPACE' ) );
#131 = DIRECTION ( 'NONE',  ( 0.0000000000000000000, 1.000000000000000000, 0.0000000000000000000 ) ) ;
#132 = LINE ( 'NONE', #3227, #2323 ) ;
#133 = DIRECTION ( 'NONE',  ( 0.0000000000000000000, 0.0000000000000000000, -1.000000000000000000 ) ) ;
#134 = DIRECTION ( 'NONE',  ( 0.0000000000000000000, -0.0000000000000000000, 1.000000000000000000 ) ) ;
#135 = CARTESIAN_POINT ( 'NONE',  ( -4.970346528868032200, 35.75000000000000700, 8.150126457546541300 ) ) ;
#136 = FACE_OUTER_BOUND ( 'NONE', #579, .T. ) ;
#137 = EDGE_LOOP ( 'NONE', ( #1627, #2986, #451, #1607 ) ) ;
#138 = DIRECTION ( 'NONE',  ( -0.0000000000000000000, 0.7071067811865480200, 0.7071067811865470200 ) ) ;
#139 = VECTOR ( 'NONE', #3185, 1000.000000000000000 ) ;
#140 = DIRECTION ( 'NONE',  ( 0.0000000000000000000, -0.0000000000000000000, 1.000000000000000000 ) ) ;
#141 = ORIENTED_EDGE ( 'NONE', *, *, #2732, .F. ) ;
#142 = CIRCLE ( 'NONE', #2646, 3.000000000000000000 ) ;
#143 = EDGE_LOOP ( 'NONE', ( #871, #595 ) ) ;
#144 = CARTESIAN_POINT ( 'NONE',  ( -1.000000000000000000, 12.98835678118660100, 11.82414321881350000 ) ) ;
#145 = EDGE_CURVE ( 'NONE', #1556, #88, #1827, .T. ) ;
#146 = PLANE ( 'NONE',  #1374 ) ;
#147 = ORIENTED_EDGE ( 'NONE', *, *, #3636, .T. ) ;
#148 = LINE ( 'NONE', #1133, #622 ) ;
#149 = ORIENTED_EDGE ( 'NONE', *, *, #2741, .F. ) ;
#150 = EDGE_CURVE ( 'NONE', #2825, #597, #1963, .T. ) ;
#151 = CARTESIAN_POINT ( 'NONE',  ( -8.900000569866989500, 35.75000000000000700, 8.896999350387458700 ) ) ;
#152 = DIRECTION ( 'NONE',  ( 0.0000000000000000000, -1.000000000000000000, 0.0000000000000000000 ) ) ;
#153 = EDGE_CURVE ( 'NONE', #1365, #1415, #974, .T. ) ;
#154 = EDGE_LOOP ( 'NONE', ( #1704, #931, #2201, #2439 ) ) ;
#155 = ORIENTED_EDGE ( 'NONE', *, *, #2938, .F. ) ;
#156 = AXIS2_PLACEMENT_3D ( 'NONE', #1020, #1865, #1890 ) ;
#157 = CARTESIAN_POINT ( 'NONE',  ( 13.50000000000001200, -100.0000000000000400, 2.500000000000000000 ) ) ;
#158 = ADVANCED_FACE ( 'NONE', ( #3661 ), #2807, .T. ) ;
#159 = CARTESIAN_POINT ( 'NONE',  ( 15.00000000000000900, 99.99999999999994300, -30.00000000000000000 ) ) ;
#160 = ORIENTED_EDGE ( 'NONE', *, *, #206, .F. ) ;
#161 = DIRECTION ( 'NONE',  ( 0.0000000000000000000, 0.0000000000000000000, 1.000000000000000000 ) ) ;
#162 = CARTESIAN_POINT ( 'NONE',  ( -8.900000569866989500, 35.75000000000000700, 8.896999350387458700 ) ) ;
#163 = VERTEX_POINT ( 'NONE', #1937 ) ;
#164 = VECTOR ( 'NONE', #2341, 1000.000000000000000 ) ;
#165 = DIRECTION ( 'NONE',  ( 0.0000000000000000000, -0.0000000000000000000, 1.000000000000000000 ) ) ;
#166 = EDGE_LOOP ( 'NONE', ( #1709, #299, #853, #2555 ) ) ;
#167 = CARTESIAN_POINT ( 'NONE',  ( 8.499999999999996400, 40.69999999999998900, 0.0000000000000000000 ) ) ;
#168 = ORIENTED_EDGE ( 'NONE', *, *, #1195, .F. ) ;
#169 = CYLINDRICAL_SURFACE ( 'NONE', #3744, 1.000000000000000900 ) ;
#170 = EDGE_CURVE ( 'NONE', #2390, #961, #1647, .T. ) ;
#171 = DIRECTION ( 'NONE',  ( 1.734723475976807400E-017, -1.000000000000000000, 0.0000000000000000000 ) ) ;
#172 = ADVANCED_FACE ( 'NONE', ( #285 ), #3411, .T. ) ;
#173 = DIRECTION ( 'NONE',  ( -0.0000000000000000000, -1.000000000000000000, -0.0000000000000000000 ) ) ;
#174 = EDGE_LOOP ( 'NONE', ( #1531, #913, #3395, #212 ) ) ;
#175 = CARTESIAN_POINT ( 'NONE',  ( -8.900000000000000400, 4.440164347489730400E-016, 0.0000000000000000000 ) ) ;
#176 = DIRECTION ( 'NONE',  ( -0.0000000000000000000, -0.0000000000000000000, 1.000000000000000000 ) ) ;
#177 =( BOUNDED_SURFACE ( )  B_SPLINE_SURFACE ( 3, 3, ( 
 ( #40, #302, #2919, #25 ),
 ( #3248, #1189, #3518, #2617 ),
 ( #3504, #1753, #2365, #313 ),
 ( #1214, #344, #1768, #1445 ) ),
 .UNSPECIFIED., .F., .F., .F. ) 
 B_SPLINE_SURFACE_WITH_KNOTS ( ( 4, 4 ),
 ( 4, 4 ),
 ( 0.0000000000000000000, 1.000000000000000000 ),
 ( 0.0000000000000000000, 1.000000000000000000 ),
 .UNSPECIFIED. ) 
 GEOMETRIC_REPRESENTATION_ITEM ( )  RATIONAL_B_SPLINE_SURFACE ( (
 ( 1.000000000000000000, 0.8047378541243648300, 0.8047378541243648300, 1.000000000000000000),
 ( 0.8047378541243644900, 0.6476030138606871900, 0.6476030138606871900, 0.8047378541243644900),
 ( 0.8047378541243644900, 0.6476030138606871900, 0.6476030138606871900, 0.8047378541243644900),
 ( 1.000000000000000000, 0.8047378541243648300, 0.8047378541243648300, 1.000000000000000000) ) ) 
 REPRESENTATION_ITEM ( '' )  SURFACE ( )  );
#178 = ORIENTED_EDGE ( 'NONE', *, *, #510, .F. ) ;
#179 = CIRCLE ( 'NONE', #1416, 4.000000000000000000 ) ;
#180 = CARTESIAN_POINT ( 'NONE',  ( -6.250000000000009800, 17.64999999999999900, 17.89999999999999900 ) ) ;
#181 = DIRECTION ( 'NONE',  ( -0.0000000000000000000, -0.0000000000000000000, -1.000000000000000000 ) ) ;
#182 = CARTESIAN_POINT ( 'NONE',  ( -5.500000000000031100, 11.00000000000000200, 0.0000000000000000000 ) ) ;
#183 = DIRECTION ( 'NONE',  ( -1.000000000000000000, -0.0000000000000000000, -0.0000000000000000000 ) ) ;
#184 = LINE ( 'NONE', #2208, #2238 ) ;
#185 = VECTOR ( 'NONE', #3105, 1000.000000000000000 ) ;
#186 = AXIS2_PLACEMENT_3D ( 'NONE', #584, #2559, #546 ) ;
#187 = CARTESIAN_POINT ( 'NONE',  ( -11.80473807952260000, 35.75000000000000700, 9.650126457546539500 ) ) ;
#188 = DIRECTION ( 'NONE',  ( -0.0000000000000000000, -1.000000000000000000, -0.0000000000000000000 ) ) ;
#189 = CARTESIAN_POINT ( 'NONE',  ( 8.499999999999998200, 82.19999999999997400, 0.0000000000000000000 ) ) ;
#190 = FACE_OUTER_BOUND ( 'NONE', #2870, .T. ) ;
#191 = VERTEX_POINT ( 'NONE', #1120 ) ;
#192 = CARTESIAN_POINT ( 'NONE',  ( -9.650000569866991300, 35.75000000000000700, 10.72749521237430100 ) ) ;
#193 = LINE ( 'NONE', #2629, #3019 ) ;
#194 = ORIENTED_EDGE ( 'NONE', *, *, #3109, .T. ) ;
#195 = PLANE ( 'NONE',  #2033 ) ;
#196 = ADVANCED_FACE ( 'NONE', ( #3714 ), #2324, .F. ) ;
#197 = CARTESIAN_POINT ( 'NONE',  ( 4.850000000000001400, -30.00000000000000000, 2.299999999999998900 ) ) ;
#198 = LINE ( 'NONE', #117, #2333 ) ;
#199 = VERTEX_POINT ( 'NONE', #3424 ) ;
#200 = FACE_OUTER_BOUND ( 'NONE', #3053, .T. ) ;
#201 = AXIS2_PLACEMENT_3D ( 'NONE', #2497, #215, #1692 ) ;
#202 = ORIENTED_EDGE ( 'NONE', *, *, #150, .F. ) ;
#203 = ORIENTED_EDGE ( 'NONE', *, *, #2579, .F. ) ;
#204 = EDGE_CURVE ( 'NONE', #2580, #3000, #1073, .T. ) ;
#205 = CARTESIAN_POINT ( 'NONE',  ( -16.80000000000000100, 21.31250000000000000, 17.00000000000000000 ) ) ;
#206 = EDGE_CURVE ( 'NONE', #812, #47, #3488, .T. ) ;
#207 = ORIENTED_EDGE ( 'NONE', *, *, #2423, .T. ) ;
#208 = DIRECTION ( 'NONE',  ( -1.000000000000000000, 0.0000000000000000000, 0.0000000000000000000 ) ) ;
#209 = DIRECTION ( 'NONE',  ( 0.0000000000000000000, 0.0000000000000000000, 1.000000000000000000 ) ) ;
#210 = AXIS2_PLACEMENT_3D ( 'NONE', #1673, #2890, #826 ) ;
#211 = ORIENTED_EDGE ( 'NONE', *, *, #340, .T. ) ;
#212 = ORIENTED_EDGE ( 'NONE', *, *, #2760, .T. ) ;
#213 = CARTESIAN_POINT ( 'NONE',  ( 0.0000000000000000000, 0.0000000000000000000, 0.0000000000000000000 ) ) ;
#214 = ADVANCED_FACE ( 'NONE', ( #612 ), #2011, .T. ) ;
#215 = DIRECTION ( 'NONE',  ( 0.0000000000000000000, 1.000000000000000000, 0.0000000000000000000 ) ) ;
#216 = ORIENTED_EDGE ( 'NONE', *, *, #3335, .T. ) ;
#217 =( LENGTH_UNIT ( ) NAMED_UNIT ( * ) SI_UNIT ( .MILLI., .METRE. ) );
#218 = VECTOR ( 'NONE', #390, 1000.000000000000000 ) ;
#219 = DIRECTION ( 'NONE',  ( -0.0000000000000000000, -0.0000000000000000000, 1.000000000000000000 ) ) ;
#220 = DIRECTION ( 'NONE',  ( -1.734723475976807400E-017, 1.000000000000000000, 0.0000000000000000000 ) ) ;
#221 = FACE_OUTER_BOUND ( 'NONE', #3129, .T. ) ;
#222 = CARTESIAN_POINT ( 'NONE',  ( -8.900000000000030600, -1.250000000000000000, 4.149999999999999500 ) ) ;
#223 = VERTEX_POINT ( 'NONE', #3382 ) ;
#224 = ORIENTED_EDGE ( 'NONE', *, *, #2053, .T. ) ;
#225 = FACE_OUTER_BOUND ( 'NONE', #412, .T. ) ;
#226 = EDGE_CURVE ( 'NONE', #1874, #1902, #575, .T. ) ;
#227 =( LENGTH_UNIT ( ) NAMED_UNIT ( * ) SI_UNIT ( .MILLI., .METRE. ) );
#228 = CARTESIAN_POINT ( 'NONE',  ( 17.50000000000001100, -97.50000000000004300, -30.00000000000000000 ) ) ;
#229 = ORIENTED_EDGE ( 'NONE', *, *, #1901, .T. ) ;
#230 = EDGE_CURVE ( 'NONE', #3262, #2610, #3668, .T. ) ;
#231 = VECTOR ( 'NONE', #610, 1000.000000000000000 ) ;
#232 = CARTESIAN_POINT ( 'NONE',  ( -4.849999999999997900, 29.99999999999999600, 9.299999999999998900 ) ) ;
#233 = ADVANCED_FACE ( 'NONE', ( #2611 ), #292, .F. ) ;
#234 = DIRECTION ( 'NONE',  ( 1.000000000000000000, 0.0000000000000000000, 0.0000000000000000000 ) ) ;
#235 = CARTESIAN_POINT ( 'NONE',  ( -16.80000000000000100, 13.75000000000000500, 14.00000000000000000 ) ) ;
#236 = VECTOR ( 'NONE', #2875, 1000.000000000000000 ) ;
#237 = ORIENTED_EDGE ( 'NONE', *, *, #1222, .T. ) ;
#238 = AXIS2_PLACEMENT_3D ( 'NONE', #944, #2682, #2710 ) ;
#239 = LINE ( 'NONE', #2860, #139 ) ;
#240 = ORIENTED_EDGE ( 'NONE', *, *, #3470, .F. ) ;
#241 =( LENGTH_UNIT ( ) NAMED_UNIT ( * ) SI_UNIT ( .MILLI., .METRE. ) );
#242 = DIRECTION ( 'NONE',  ( 1.000000000000000000, 0.0000000000000000000, 0.0000000000000000000 ) ) ;
#243 = VECTOR ( 'NONE', #1520, 1000.000000000000000 ) ;
#244 = ORIENTED_EDGE ( 'NONE', *, *, #1758, .T. ) ;
#245 = ITEM_DEFINED_TRANSFORMATION ( 'NONE', 'NONE', #2188,  #1117 ) ;
#246 = ORIENTED_EDGE ( 'NONE', *, *, #1698, .T. ) ;
#247 = VECTOR ( 'NONE', #3782, 1000.000000000000000 ) ;
#248 = DIRECTION ( 'NONE',  ( 0.0000000000000000000, 0.0000000000000000000, 1.000000000000000000 ) ) ;
#249 = ORIENTED_EDGE ( 'NONE', *, *, #832, .F. ) ;
#250 = VERTEX_POINT ( 'NONE', #1402 ) ;
#251 = DIRECTION ( 'NONE',  ( 0.0000000000000000000, 0.0000000000000000000, -1.000000000000000000 ) ) ;
#252 = ORIENTED_EDGE ( 'NONE', *, *, #3362, .T. ) ;
#253 = EDGE_CURVE ( 'NONE', #3684, #2506, #3012, .T. ) ;
#254 = ORIENTED_EDGE ( 'NONE', *, *, #3313, .T. ) ;
#255 = CARTESIAN_POINT ( 'NONE',  ( -4.849999999999997900, 29.99999999999999600, 2.299999999999998900 ) ) ;
#256 = ADVANCED_FACE ( 'NONE', ( #1256 ), #2695, .T. ) ;
#257 = DIRECTION ( 'NONE',  ( 0.0000000000000000000, 0.0000000000000000000, 1.000000000000000000 ) ) ;
#258 = CARTESIAN_POINT ( 'NONE',  ( -11.80473807952257700, 35.75000000000000700, 8.150126457546541300 ) ) ;
#259 = ORIENTED_EDGE ( 'NONE', *, *, #105, .T. ) ;
#260 = CARTESIAN_POINT ( 'NONE',  ( -8.500000000000001800, 82.19999999999997400, 2.500000000000000000 ) ) ;
#261 = EDGE_CURVE ( 'NONE', #2610, #2743, #1377, .T. ) ;
#262 = CARTESIAN_POINT ( 'NONE',  ( 4.850000000000001400, 30.00000000000000400, 9.299999999999998900 ) ) ;
#263 = CARTESIAN_POINT ( 'NONE',  ( -17.38578643762690500, 13.75000000000000900, 14.00000000000000200 ) ) ;
#264 = ORIENTED_EDGE ( 'NONE', *, *, #876, .T. ) ;
#265 = AXIS2_PLACEMENT_3D ( 'NONE', #2519, #2204, #165 ) ;
#266 = FACE_OUTER_BOUND ( 'NONE', #310, .T. ) ;
#267 = ORIENTED_EDGE ( 'NONE', *, *, #2736, .F. ) ;
#268 = ORIENTED_EDGE ( 'NONE', *, *, #2911, .T. ) ;
#269 = CARTESIAN_POINT ( 'NONE',  ( 17.50000000000001100, -100.0000000000000400, 11.79999999999999900 ) ) ;
#270 = APPLICATION_CONTEXT ( 'automotive_design' ) ;
#271 = VECTOR ( 'NONE', #1291, 1000.000000000000000 ) ;
#272 = ORIENTED_EDGE ( 'NONE', *, *, #1667, .T. ) ;
#273 = ORIENTED_EDGE ( 'NONE', *, *, #701, .F. ) ;
#274 = LINE ( 'NONE', #3687, #2778 ) ;
#275 = CARTESIAN_POINT ( 'NONE',  ( -8.900000569866989500, 35.55000000000000400, 9.650126457546539500 ) ) ;
#276 = EDGE_LOOP ( 'NONE', ( #725, #2047, #797, #2300 ) ) ;
#277 = VECTOR ( 'NONE', #971, 1000.000000000000000 ) ;
#278 = DIRECTION ( 'NONE',  ( 0.0000000000000000000, -1.000000000000000000, 0.0000000000000000000 ) ) ;
#279 = EDGE_CURVE ( 'NONE', #3230, #1885, #6, .T. ) ;
#280 = FACE_OUTER_BOUND ( 'NONE', #321, .T. ) ;
#281 = EDGE_CURVE ( 'NONE', #1138, #9, #1465, .T. ) ;
#282 = CARTESIAN_POINT ( 'NONE',  ( -8.500000000000001800, 82.19999999999997400, 2.500000000000000000 ) ) ;
#283 = DIRECTION ( 'NONE',  ( 0.0000000000000000000, 0.0000000000000000000, 1.000000000000000000 ) ) ;
#284 = CIRCLE ( 'NONE', #287, 1.800000000000000500 ) ;
#285 = FACE_OUTER_BOUND ( 'NONE', #1636, .T. ) ;
#286 = DIRECTION ( 'NONE',  ( 0.0000000000000000000, 0.0000000000000000000, 1.000000000000000000 ) ) ;
#287 = AXIS2_PLACEMENT_3D ( 'NONE', #2491, #2784, #114 ) ;
#288 = CARTESIAN_POINT ( 'NONE',  ( -14.30712604522700100, 11.00000000000000200, 0.0000000000000000000 ) ) ;
#289 = LINE ( 'NONE', #1940, #3300 ) ;
#290 = CARTESIAN_POINT ( 'NONE',  ( -17.38578643762690500, 34.75000000000000000, 18.00000000000000000 ) ) ;
#291 = ORIENTED_EDGE ( 'NONE', *, *, #78, .T. ) ;
#292 = CYLINDRICAL_SURFACE ( 'NONE', #2687, 6.999999999999999100 ) ;
#293 = DIRECTION ( 'NONE',  ( 0.0000000000000000000, 0.0000000000000000000, 1.000000000000000000 ) ) ;
#294 = CARTESIAN_POINT ( 'NONE',  ( -8.500000000000001800, 82.19999999999997400, 2.500000000000000000 ) ) ;
#295 = LINE ( 'NONE', #1079, #1431 ) ;
#296 = VERTEX_POINT ( 'NONE', #2879 ) ;
#297 = VECTOR ( 'NONE', #3387, 1000.000000000000000 ) ;
#298 = ADVANCED_FACE ( 'NONE', ( #2106 ), #1915, .T. ) ;
#299 = ORIENTED_EDGE ( 'NONE', *, *, #2760, .F. ) ;
#300 = EDGE_LOOP ( 'NONE', ( #1973, #552, #2302, #2045 ) ) ;
#301 = CLOSED_SHELL ( 'NONE', ( #459, #1624, #2773, #330, #1509, #3664, #3128, #591, #3512, #1330, #825 ) ) ;
#302 = CARTESIAN_POINT ( 'NONE',  ( 0.0000000000000000000, 1.000000000000000900, 13.00000000000000400 ) ) ;
#303 = EDGE_CURVE ( 'NONE', #68, #3494, #481, .T. ) ;
#304 = DIRECTION ( 'NONE',  ( -1.000000000000000000, 0.0000000000000000000, 0.0000000000000000000 ) ) ;
#305 = CARTESIAN_POINT ( 'NONE',  ( -0.9999999999999995600, 13.75000000000000500, 14.00000000000000000 ) ) ;
#306 = EDGE_CURVE ( 'NONE', #3135, #652, #793, .T. ) ;
#307 = CARTESIAN_POINT ( 'NONE',  ( -5.500000000000050600, 17.87500000000000400, 0.0000000000000000000 ) ) ;
#308 = EDGE_CURVE ( 'NONE', #2808, #989, #700, .T. ) ;
#309 = ADVANCED_FACE ( 'NONE', ( #3396 ), #363, .T. ) ;
#310 = EDGE_LOOP ( 'NONE', ( #3124, #860, #2332, #558 ) ) ;
#311 = ADVANCED_FACE ( 'NONE', ( #2922 ), #3576, .T. ) ;
#312 = ORIENTED_EDGE ( 'NONE', *, *, #2712, .F. ) ;
#313 = CARTESIAN_POINT ( 'NONE',  ( -0.4142135623730943100, 1.734723475976806900E-015, 13.00000000000000500 ) ) ;
#314 = DIRECTION ( 'NONE',  ( 0.0000000000000000000, 0.0000000000000000000, -1.000000000000000000 ) ) ;
#315 = PRODUCT_DEFINITION_CONTEXT ( 'detailed design', #2632, 'design' ) ;
#316 = VECTOR ( 'NONE', #2836, 1000.000000000000000 ) ;
#317 = AXIS2_PLACEMENT_3D ( 'NONE', #2582, #3467, #868 ) ;
#318 = CARTESIAN_POINT ( 'NONE',  ( 17.50000000000001100, -100.0000000000000400, 9.299999999999998900 ) ) ;
#319 = LINE ( 'NONE', #1333, #463 ) ;
#320 = DIRECTION ( 'NONE',  ( 0.0000000000000000000, 1.000000000000000000, 5.108572532885540300E-031 ) ) ;
#321 = EDGE_LOOP ( 'NONE', ( #1804, #2172, #1856, #2936 ) ) ;
#322 = EDGE_LOOP ( 'NONE', ( #1025, #1278, #1921, #1724 ) ) ;
#323 = LINE ( 'NONE', #1519, #89 ) ;
#324 = DIRECTION ( 'NONE',  ( 1.000000000000000000, 0.0000000000000000000, -0.0000000000000000000 ) ) ;
#325 = EDGE_LOOP ( 'NONE', ( #3355, #2339, #61, #2176 ) ) ;
#326 = CARTESIAN_POINT ( 'NONE',  ( -16.80000000000000100, 35.75000000000000700, 17.58578643762690800 ) ) ;
#327 = DIRECTION ( 'NONE',  ( 0.0000000000000000000, -1.000000000000000000, 0.0000000000000000000 ) ) ;
#328 = FACE_BOUND ( 'NONE', #3361, .T. ) ;
#329 = PLANE ( 'NONE',  #1834 ) ;
#330 = ADVANCED_FACE ( 'NONE', ( #3204 ), #1810, .F. ) ;
#331 = AXIS2_PLACEMENT_3D ( 'NONE', #3087, #3344, #1584 ) ;
#332 = DIRECTION ( 'NONE',  ( 0.0000000000000000000, 0.0000000000000000000, -1.000000000000000000 ) ) ;
#333 = EDGE_CURVE ( 'NONE', #1751, #1728, #2222, .T. ) ;
#334 = FACE_OUTER_BOUND ( 'NONE', #855, .T. ) ;
#335 = LINE ( 'NONE', #3605, #3444 ) ;
#336 = EDGE_CURVE ( 'NONE', #3312, #2463, #1148, .T. ) ;
#337 = DIRECTION ( 'NONE',  ( 1.000000000000000000, 0.0000000000000000000, 0.0000000000000000000 ) ) ;
#338 = VECTOR ( 'NONE', #2591, 1000.000000000000000 ) ;
#339 = ORIENTED_EDGE ( 'NONE', *, *, #78, .F. ) ;
#340 = EDGE_CURVE ( 'NONE', #3731, #1710, #2953, .T. ) ;
#341 = DIRECTION ( 'NONE',  ( -0.0000000000000000000, -1.000000000000000000, -5.108572532885540300E-031 ) ) ;
#342 = CARTESIAN_POINT ( 'NONE',  ( -17.79999999999999700, 0.9999999999999992200, 13.00000000000000200 ) ) ;
#343 = VERTEX_POINT ( 'NONE', #2414 ) ;
#344 = CARTESIAN_POINT ( 'NONE',  ( -1.000000000000000200, 0.4142135623730960300, 14.00000000000000400 ) ) ;
#345 = DIRECTION ( 'NONE',  ( 0.0000000000000000000, 0.0000000000000000000, -1.000000000000000000 ) ) ;
#346 = DIRECTION ( 'NONE',  ( 0.0000000000000000000, 0.0000000000000000000, 1.000000000000000000 ) ) ;
#347 = VERTEX_POINT ( 'NONE', #683 ) ;
#348 = CIRCLE ( 'NONE', #3137, 1.800000000000000500 ) ;
#349 = ORIENTED_EDGE ( 'NONE', *, *, #2527, .T. ) ;
#350 = ORIENTED_EDGE ( 'NONE', *, *, #1290, .F. ) ;
#351 = DIRECTION ( 'NONE',  ( -0.0000000000000000000, 1.000000000000000000, -0.0000000000000000000 ) ) ;
#352 = ORIENTED_EDGE ( 'NONE', *, *, #31, .F. ) ;
#353 = ORIENTED_EDGE ( 'NONE', *, *, #949, .F. ) ;
#354 = ORIENTED_EDGE ( 'NONE', *, *, #995, .T. ) ;
#355 = DIRECTION ( 'NONE',  ( -0.0000000000000000000, -0.0000000000000000000, 1.000000000000000000 ) ) ;
#356 =( NAMED_UNIT ( * ) PLANE_ANGLE_UNIT ( ) SI_UNIT ( $, .RADIAN. ) );
#357 = MECHANICAL_DESIGN_GEOMETRIC_PRESENTATION_REPRESENTATION (  '', ( #1215 ), #3030 ) ;
#358 = CARTESIAN_POINT ( 'NONE',  ( -4.849999999999997900, -30.00000000000000000, -86.87902598758884700 ) ) ;
#359 = CARTESIAN_POINT ( 'NONE',  ( -8.900000000000000400, 35.75000000000000700, 0.0000000000000000000 ) ) ;
#360 = ORIENTED_EDGE ( 'NONE', *, *, #2128, .T. ) ;
#361 = EDGE_LOOP ( 'NONE', ( #408, #2707, #1771, #2258 ) ) ;
#362 = EDGE_CURVE ( 'NONE', #2090, #3529, #3609, .T. ) ;
#363 = PLANE ( 'NONE',  #1583 ) ;
#364 = EDGE_LOOP ( 'NONE', ( #3154, #32, #2114, #3276 ) ) ;
#365 = EDGE_CURVE ( 'NONE', #2381, #2338, #2820, .T. ) ;
#366 = DIRECTION ( 'NONE',  ( -1.000000000000000000, 4.988948705044640200E-017, 0.0000000000000000000 ) ) ;
#367 = AXIS2_PLACEMENT_3D ( 'NONE', #1685, #2214, #2821 ) ;
#368 = CARTESIAN_POINT ( 'NONE',  ( -8.500000000000003600, 48.69999999999998200, 2.500000000000000000 ) ) ;
#369 = LINE ( 'NONE', #1524, #2548 ) ;
#370 = CARTESIAN_POINT ( 'NONE',  ( -9.650000569866991300, 35.55000000000000400, 12.82605776176289500 ) ) ;
#371 = LINE ( 'NONE', #3284, #2357 ) ;
#372 = CARTESIAN_POINT ( 'NONE',  ( -16.80000000000000100, 1.000000000000000000, 13.00000000000000200 ) ) ;
#373 = DIRECTION ( 'NONE',  ( -0.0000000000000000000, -0.0000000000000000000, 1.000000000000000000 ) ) ;
#374 = ADVANCED_FACE ( 'NONE', ( #460, #2041 ), #694, .F. ) ;
#375 = VERTEX_POINT ( 'NONE', #2714 ) ;
#376 = SURFACE_STYLE_FILL_AREA ( #2988 ) ;
#377 = DIRECTION ( 'NONE',  ( -1.000000000000000000, 0.0000000000000000000, 0.0000000000000000000 ) ) ;
#378 = EDGE_LOOP ( 'NONE', ( #3628, #2592, #2480, #3436 ) ) ;
#379 = CARTESIAN_POINT ( 'NONE',  ( -6.250000000000009800, 12.75462388992309900, 17.89999999999999900 ) ) ;
#380 = FACE_OUTER_BOUND ( 'NONE', #3346, .T. ) ;
#381 = CIRCLE ( 'NONE', #759, 3.000000000000000000 ) ;
#382 =( GEOMETRIC_REPRESENTATION_CONTEXT ( 3 ) GLOBAL_UNCERTAINTY_ASSIGNED_CONTEXT ( ( #3226 ) ) GLOBAL_UNIT_ASSIGNED_CONTEXT ( ( #1406, #1110, #1418 ) ) REPRESENTATION_CONTEXT ( 'NONE', 'WORKASPACE' ) );
#383 = CARTESIAN_POINT ( 'NONE',  ( -8.500000000000001800, -82.20000000000008800, 0.0000000000000000000 ) ) ;
#384 = VECTOR ( 'NONE', #1614, 1000.000000000000000 ) ;
#385 = ORIENTED_EDGE ( 'NONE', *, *, #226, .F. ) ;
#386 = EDGE_CURVE ( 'NONE', #2335, #2481, #369, .T. ) ;
#387 = DIRECTION ( 'NONE',  ( 0.0000000000000000000, -0.0000000000000000000, 1.000000000000000000 ) ) ;
#388 = VECTOR ( 'NONE', #3640, 1000.000000000000000 ) ;
#389 = ORIENTED_EDGE ( 'NONE', *, *, #1332, .T. ) ;
#390 = DIRECTION ( 'NONE',  ( -0.0000000000000000000, -0.0000000000000000000, 1.000000000000000000 ) ) ;
#391 = VECTOR ( 'NONE', #1342, 1000.000000000000000 ) ;
#392 = VECTOR ( 'NONE', #3261, 1000.000000000000000 ) ;
#393 = PLANE ( 'NONE',  #3294 ) ;
#394 = EDGE_LOOP ( 'NONE', ( #3153, #614, #1362, #3247 ) ) ;
#395 = EDGE_LOOP ( 'NONE', ( #2247, #2666, #1106, #2554 ) ) ;
#396 = VECTOR ( 'NONE', #418, 1000.000000000000000 ) ;
#397 = DIRECTION ( 'NONE',  ( 1.000000000000000000, -1.734723475976807400E-017, 0.0000000000000000000 ) ) ;
#398 = CARTESIAN_POINT ( 'NONE',  ( -6.250000000000009800, 14.75462388992310100, 13.99999999999999800 ) ) ;
#399 = PRESENTATION_STYLE_ASSIGNMENT (( #2866 ) ) ;
#400 = VERTEX_POINT ( 'NONE', #1454 ) ;
#401 = VERTEX_POINT ( 'NONE', #2007 ) ;
#402 = FILL_AREA_STYLE_COLOUR ( '', #3755 ) ;
#403 = DIRECTION ( 'NONE',  ( -1.000000000000000000, 4.988948705044639600E-017, 0.0000000000000000000 ) ) ;
#404 = EDGE_LOOP ( 'NONE', ( #160, #863, #3672, #3090 ) ) ;
#405 = CARTESIAN_POINT ( 'NONE',  ( -8.900000000000000400, 34.75000000000000000, 18.00000000000000400 ) ) ;
#406 =( GEOMETRIC_REPRESENTATION_CONTEXT ( 3 ) GLOBAL_UNCERTAINTY_ASSIGNED_CONTEXT ( ( #1158 ) ) GLOBAL_UNIT_ASSIGNED_CONTEXT ( ( #227, #3734, #2003 ) ) REPRESENTATION_CONTEXT ( 'NONE', 'WORKASPACE' ) );
#407 = DIRECTION ( 'NONE',  ( 0.0000000000000000000, 0.0000000000000000000, 1.000000000000000000 ) ) ;
#408 = ORIENTED_EDGE ( 'NONE', *, *, #2914, .T. ) ;
#409 = AXIS2_PLACEMENT_3D ( 'NONE', #3683, #173, #2445 ) ;
#410 = EDGE_CURVE ( 'NONE', #2926, #2534, #3468, .T. ) ;
#411 = DIRECTION ( 'NONE',  ( 0.0000000000000000000, 0.0000000000000000000, 1.000000000000000000 ) ) ;
#412 = EDGE_LOOP ( 'NONE', ( #3378, #440, #237, #1443 ) ) ;
#413 = EDGE_CURVE ( 'NONE', #2543, #400, #3789, .T. ) ;
#414 = CYLINDRICAL_SURFACE ( 'NONE', #2207, 2.000000000000000000 ) ;
#415 = CARTESIAN_POINT ( 'NONE',  ( -6.250000000000009800, 11.75462388992309900, 13.99999999999999800 ) ) ;
#416 = LINE ( 'NONE', #452, #556 ) ;
#417 = AXIS2_PLACEMENT_3D ( 'NONE', #2438, #1276, #3314 ) ;
#418 = DIRECTION ( 'NONE',  ( 0.0000000000000000000, -1.000000000000000000, -0.0000000000000000000 ) ) ;
#419 = CARTESIAN_POINT ( 'NONE',  ( -8.499999999999989300, -40.70000000000002400, 2.500000000000000000 ) ) ;
#420 = ORIENTED_EDGE ( 'NONE', *, *, #3290, .T. ) ;
#421 = ORIENTED_EDGE ( 'NONE', *, *, #2305, .T. ) ;
#422 = FACE_OUTER_BOUND ( 'NONE', #3029, .T. ) ;
#423 = CARTESIAN_POINT ( 'NONE',  ( -17.80000000000000100, 34.75000000000000000, 0.0000000000000000000 ) ) ;
#424 = ORIENTED_EDGE ( 'NONE', *, *, #561, .T. ) ;
#425 = PLANE ( 'NONE',  #566 ) ;
#426 = VECTOR ( 'NONE', #248, 1000.000000000000000 ) ;
#427 = VECTOR ( 'NONE', #895, 1000.000000000000000 ) ;
#428 = LINE ( 'NONE', #368, #2371 ) ;
#429 = AXIS2_PLACEMENT_3D ( 'NONE', #2054, #56, #3510 ) ;
#430 = DIRECTION ( 'NONE',  ( -0.0000000000000000000, -1.000000000000000000, -0.0000000000000000000 ) ) ;
#431 = DIRECTION ( 'NONE',  ( 0.0000000000000000000, -1.000000000000000000, 0.0000000000000000000 ) ) ;
#432 = VECTOR ( 'NONE', #119, 1000.000000000000000 ) ;
#433 = ORIENTED_EDGE ( 'NONE', *, *, #1805, .T. ) ;
#434 = CARTESIAN_POINT ( 'NONE',  ( -8.900000000000000400, 17.87500000000000400, 13.99999999999999800 ) ) ;
#435 = EDGE_CURVE ( 'NONE', #1482, #597, #509, .T. ) ;
#436 = CARTESIAN_POINT ( 'NONE',  ( -17.49999999999999600, -100.0000000000000400, 11.79999999999999900 ) ) ;
#437 = CARTESIAN_POINT ( 'NONE',  ( -4.899999999999999500, 2.444584865471877700E-016, 5.699999999999999300 ) ) ;
#438 = CARTESIAN_POINT ( 'NONE',  ( -8.900000569866989500, 35.75000000000000700, 8.896999350387458700 ) ) ;
#439 = EDGE_CURVE ( 'NONE', #2111, #3523, #1320, .T. ) ;
#440 = ORIENTED_EDGE ( 'NONE', *, *, #1854, .F. ) ;
#441 = AXIS2_PLACEMENT_3D ( 'NONE', #1491, #1169, #140 ) ;
#442 = CARTESIAN_POINT ( 'NONE',  ( -17.80000000000000100, 1.000000000000000700, 13.00000000000000200 ) ) ;
#443 = VECTOR ( 'NONE', #1411, 1000.000000000000000 ) ;
#444 = CARTESIAN_POINT ( 'NONE',  ( -8.900000569866989500, 35.55000000000000400, 8.896999350387458700 ) ) ;
#445 = EDGE_LOOP ( 'NONE', ( #312, #2587, #3218, #3079 ) ) ;
#446 = ORIENTED_EDGE ( 'NONE', *, *, #2029, .F. ) ;
#447 = CARTESIAN_POINT ( 'NONE',  ( -9.650000569866991300, 35.75000000000000700, 9.650126457546539500 ) ) ;
#448 = ORIENTED_EDGE ( 'NONE', *, *, #1337, .T. ) ;
#449 = CARTESIAN_POINT ( 'NONE',  ( -16.80000000000000100, 34.75000000000000000, 18.00000000000000400 ) ) ;
#450 = AXIS2_PLACEMENT_3D ( 'NONE', #2307, #3492, #3192 ) ;
#451 = ORIENTED_EDGE ( 'NONE', *, *, #2442, .T. ) ;
#452 = CARTESIAN_POINT ( 'NONE',  ( 17.50000000000000700, 99.99999999999994300, -1.500000000000000000 ) ) ;
#453 = CARTESIAN_POINT ( 'NONE',  ( -8.900000000000000400, 24.75000000000000000, 18.00000000000000400 ) ) ;
#454 = CARTESIAN_POINT ( 'NONE',  ( -5.995263060211428300, 35.55000000000000400, 9.650126457546539500 ) ) ;
#455 = ORIENTED_EDGE ( 'NONE', *, *, #2939, .F. ) ;
#456 = EDGE_CURVE ( 'NONE', #3190, #687, #831, .T. ) ;
#457 = DIRECTION ( 'NONE',  ( -0.0000000000000000000, -0.0000000000000000000, 1.000000000000000000 ) ) ;
#458 = DIRECTION ( 'NONE',  ( 0.0000000000000000000, -1.000000000000000000, 0.0000000000000000000 ) ) ;
#459 = ADVANCED_FACE ( 'NONE', ( #2127, #1452 ), #1764, .F. ) ;
#460 = FACE_OUTER_BOUND ( 'NONE', #817, .T. ) ;
#461 = CARTESIAN_POINT ( 'NONE',  ( 17.50000000000000700, 99.99999999999994300, -32.50000000000000000 ) ) ;
#462 = CARTESIAN_POINT ( 'NONE',  ( -8.150000569866989500, 35.75000000000000700, 4.967940939012030400 ) ) ;
#463 = VECTOR ( 'NONE', #754, 1000.000000000000000 ) ;
#464 = CARTESIAN_POINT ( 'NONE',  ( 15.00000000000001200, -97.50000000000004300, -30.00000000000000000 ) ) ;
#465 = CLOSED_SHELL ( 'NONE', ( #766, #1669, #554, #540, #1686, #3475 ) ) ;
#466 = SURFACE_STYLE_FILL_AREA ( #526 ) ;
#467 = EDGE_CURVE ( 'NONE', #502, #718, #1891, .T. ) ;
#468 = ORIENTED_EDGE ( 'NONE', *, *, #1010, .T. ) ;
#469 = AXIS2_PLACEMENT_3D ( 'NONE', #2947, #3196, #293 ) ;
#470 = FACE_OUTER_BOUND ( 'NONE', #3093, .T. ) ;
#471 = CARTESIAN_POINT ( 'NONE',  ( -5.500000000000049700, 5.000000000000000000, 13.99999999999999500 ) ) ;
#472 = CARTESIAN_POINT ( 'NONE',  ( -8.499999999999989300, -40.70000000000002400, 2.500000000000000000 ) ) ;
#473 = CIRCLE ( 'NONE', #633, 6.999999999999999100 ) ;
#474 = DIRECTION ( 'NONE',  ( -0.0000000000000000000, 1.000000000000000000, 0.0000000000000000000 ) ) ;
#475 = FACE_OUTER_BOUND ( 'NONE', #2990, .T. ) ;
#476 = CARTESIAN_POINT ( 'NONE',  ( -3.500000000000010200, 11.00000000000000200, -29.80527936219560200 ) ) ;
#477 = ADVANCED_FACE ( 'NONE', ( #2675 ), #3219, .T. ) ;
#478 = VECTOR ( 'NONE', #3735, 1000.000000000000000 ) ;
#479 = CARTESIAN_POINT ( 'NONE',  ( -4.316671340500614000E-015, 34.75000000000000000, 0.0000000000000000000 ) ) ;
#480 = EDGE_LOOP ( 'NONE', ( #2348, #1394, #2669, #3722 ) ) ;
#481 = CIRCLE ( 'NONE', #429, 5.999999999996729700 ) ;
#482 = CARTESIAN_POINT ( 'NONE',  ( -8.900000000000000400, 17.64999999999999900, 17.89999999999999900 ) ) ;
#483 = FACE_OUTER_BOUND ( 'NONE', #3198, .T. ) ;
#484 = VERTEX_POINT ( 'NONE', #1801 ) ;
#485 = CARTESIAN_POINT ( 'NONE',  ( -12.90000000000000000, -1.249999999999999800, 5.700000000000000200 ) ) ;
#486 = EDGE_CURVE ( 'NONE', #401, #163, #1763, .T. ) ;
#487 = CARTESIAN_POINT ( 'NONE',  ( 4.850000000000001400, 30.00000000000000400, 2.299999999999998900 ) ) ;
#488 = ORIENTED_EDGE ( 'NONE', *, *, #631, .T. ) ;
#489 = EDGE_CURVE ( 'NONE', #1791, #711, #2354, .T. ) ;
#490 = VERTEX_POINT ( 'NONE', #2671 ) ;
#491 = ORIENTED_EDGE ( 'NONE', *, *, #303, .T. ) ;
#492 = AXIS2_PLACEMENT_3D ( 'NONE', #2137, #1327, #3339 ) ;
#493 = DIRECTION ( 'NONE',  ( -1.000000000000000000, -1.734723475976807400E-017, 0.0000000000000000000 ) ) ;
#494 = ORIENTED_EDGE ( 'NONE', *, *, #832, .T. ) ;
#495 = CARTESIAN_POINT ( 'NONE',  ( -17.38578643762690500, 17.75000000000001100, 18.00000000000000400 ) ) ;
#496 = CARTESIAN_POINT ( 'NONE',  ( -5.500000000000049700, 5.000000000000000900, 0.0000000000000000000 ) ) ;
#497 = DIRECTION ( 'NONE',  ( 1.000000000000000000, 0.0000000000000000000, 0.0000000000000000000 ) ) ;
#498 = ADVANCED_FACE ( 'NONE', ( #553 ), #3042, .T. ) ;
#499 = CARTESIAN_POINT ( 'NONE',  ( -8.900000569866989500, 35.55000000000000400, 8.896999350387458700 ) ) ;
#500 = DIRECTION ( 'NONE',  ( 0.0000000000000000000, -1.000000000000000000, 0.0000000000000000000 ) ) ;
#501 = DIRECTION ( 'NONE',  ( 0.0000000000000000000, 0.0000000000000000000, -1.000000000000000000 ) ) ;
#502 = VERTEX_POINT ( 'NONE', #3598 ) ;
#503 = CARTESIAN_POINT ( 'NONE',  ( -4.463458557706859500, 35.75000000000000700, 8.150126457546541300 ) ) ;
#504 = VECTOR ( 'NONE', #3482, 1000.000000000000000 ) ;
#505 = ORIENTED_EDGE ( 'NONE', *, *, #2670, .T. ) ;
#506 = CARTESIAN_POINT ( 'NONE',  ( -11.55000000000000100, 14.75462388992310100, 13.99999999999999800 ) ) ;
#507 = EDGE_CURVE ( 'NONE', #3287, #718, #2863, .T. ) ;
#508 = PRODUCT_DEFINITION_SHAPE ( 'NONE', 'NONE',  #795 ) ;
#509 = CIRCLE ( 'NONE', #2840, 1.000000000000000900 ) ;
#510 = EDGE_CURVE ( 'NONE', #2113, #3590, #3233, .T. ) ;
#511 = PLANE ( 'NONE',  #1310 ) ;
#512 = DIRECTION ( 'NONE',  ( -1.000000000000000000, -4.081702296416017000E-016, -0.0000000000000000000 ) ) ;
#513 = EDGE_CURVE ( 'NONE', #85, #1434, #2165, .T. ) ;
#514 = EDGE_LOOP ( 'NONE', ( #1558, #1202, #936, #1666 ) ) ;
#515 = LINE ( 'NONE', #3549, #1587 ) ;
#516 = ADVANCED_FACE ( 'NONE', ( #2081 ), #675, .F. ) ;
#517 = VERTEX_POINT ( 'NONE', #3308 ) ;
#518 =( NAMED_UNIT ( * ) SI_UNIT ( $, .STERADIAN. ) SOLID_ANGLE_UNIT ( ) );
#519 = LINE ( 'NONE', #2358, #3483 ) ;
#520 = DIRECTION ( 'NONE',  ( -0.0000000000000000000, 0.0000000000000000000, 1.000000000000000000 ) ) ;
#521 = SURFACE_SIDE_STYLE ('',( #3593 ) ) ;
#522 = DIRECTION ( 'NONE',  ( 0.0000000000000000000, -1.000000000000000000, 0.0000000000000000000 ) ) ;
#523 =( BOUNDED_SURFACE ( )  B_SPLINE_SURFACE ( 3, 3, ( 
 ( #916, #2955, #1235, #2984 ),
 ( #2074, #929, #3283, #1803 ),
 ( #2097, #2379, #1481, #1765 ),
 ( #2946, #342, #3272, #3526 ) ),
 .UNSPECIFIED., .F., .F., .F. ) 
 B_SPLINE_SURFACE_WITH_KNOTS ( ( 4, 4 ),
 ( 4, 4 ),
 ( 0.0000000000000000000, 1.000000000000000000 ),
 ( 0.0000000000000000000, 1.000000000000000000 ),
 .UNSPECIFIED. ) 
 GEOMETRIC_REPRESENTATION_ITEM ( )  RATIONAL_B_SPLINE_SURFACE ( (
 ( 1.000000000000000000, 0.8047378541243647200, 0.8047378541243647200, 1.000000000000000000),
 ( 0.8047378541243654900, 0.6476030138606879700, 0.6476030138606879700, 0.8047378541243654900),
 ( 0.8047378541243654900, 0.6476030138606879700, 0.6476030138606879700, 0.8047378541243654900),
 ( 1.000000000000000000, 0.8047378541243647200, 0.8047378541243647200, 1.000000000000000000) ) ) 
 REPRESENTATION_ITEM ( '' )  SURFACE ( )  );
#524 = VECTOR ( 'NONE', #2570, 1000.000000000000000 ) ;
#525 = ORIENTED_EDGE ( 'NONE', *, *, #3138, .F. ) ;
#526 = FILL_AREA_STYLE ('',( #1932 ) ) ;
#527 = VECTOR ( 'NONE', #2260, 1000.000000000000000 ) ;
#528 = ORIENTED_EDGE ( 'NONE', *, *, #662, .T. ) ;
#529 = DIRECTION ( 'NONE',  ( -0.0000000000000000000, 0.0000000000000000000, -1.000000000000000000 ) ) ;
#530 = CARTESIAN_POINT ( 'NONE',  ( -8.900000569866989500, 35.55000000000000400, 8.896999350387458700 ) ) ;
#531 = ORIENTED_EDGE ( 'NONE', *, *, #333, .F. ) ;
#532 = EDGE_CURVE ( 'NONE', #1710, #3464, #691, .T. ) ;
#533 = DIRECTION ( 'NONE',  ( 0.0000000000000000000, 0.0000000000000000000, -1.000000000000000000 ) ) ;
#534 = LINE ( 'NONE', #3195, #1435 ) ;
#535 = ADVANCED_FACE ( 'NONE', ( #640 ), #414, .F. ) ;
#536 = VERTEX_POINT ( 'NONE', #966 ) ;
#537 = ORIENTED_EDGE ( 'NONE', *, *, #2167, .T. ) ;
#538 = EDGE_CURVE ( 'NONE', #3578, #938, #2455, .T. ) ;
#539 = PRODUCT_CONTEXT ( 'NONE', #1096, 'mechanical' ) ;
#540 = ADVANCED_FACE ( 'NONE', ( #1492 ), #1795, .F. ) ;
#541 = VERTEX_POINT ( 'NONE', #3001 ) ;
#542 = ORIENTED_EDGE ( 'NONE', *, *, #2811, .T. ) ;
#543 = PLANE ( 'NONE',  #1873 ) ;
#544 = EDGE_CURVE ( 'NONE', #1899, #2377, #2633, .T. ) ;
#545 = CARTESIAN_POINT ( 'NONE',  ( 13.50000000000001100, 2.341876692568691500E-016, -1.500000000000000000 ) ) ;
#546 = DIRECTION ( 'NONE',  ( 0.0000000000000000000, 0.0000000000000000000, -1.000000000000000000 ) ) ;
#547 = PRESENTATION_LAYER_ASSIGNMENT (  '', '', ( #2289 ) ) ;
#548 = ORIENTED_EDGE ( 'NONE', *, *, #82, .F. ) ;
#549 = CARTESIAN_POINT ( 'NONE',  ( -4.849999999999997900, 29.99999999999999600, 9.299999999999998900 ) ) ;
#550 =( NAMED_UNIT ( * ) PLANE_ANGLE_UNIT ( ) SI_UNIT ( $, .RADIAN. ) );
#551 = CARTESIAN_POINT ( 'NONE',  ( -17.80000000000000100, 35.33578643762690800, 17.00000000000000000 ) ) ;
#552 = ORIENTED_EDGE ( 'NONE', *, *, #1177, .T. ) ;
#553 = FACE_OUTER_BOUND ( 'NONE', #3466, .T. ) ;
#554 = ADVANCED_FACE ( 'NONE', ( #1675 ), #1226, .F. ) ;
#555 = CARTESIAN_POINT ( 'NONE',  ( 8.499999999999998200, 82.19999999999997400, 0.0000000000000000000 ) ) ;
#556 = VECTOR ( 'NONE', #3332, 1000.000000000000000 ) ;
#557 = DIRECTION ( 'NONE',  ( -1.000000000000000000, -1.021923344405563200E-031, 1.021923344405564600E-031 ) ) ;
#558 = ORIENTED_EDGE ( 'NONE', *, *, #3213, .T. ) ;
#559 = ORIENTED_EDGE ( 'NONE', *, *, #629, .F. ) ;
#560 = COLOUR_RGB ( '',0.7921568627450980000, 0.8196078431372548800, 0.9333333333333333500 ) ;
#561 = EDGE_CURVE ( 'NONE', #2069, #2722, #1100, .T. ) ;
#562 =( LENGTH_UNIT ( ) NAMED_UNIT ( * ) SI_UNIT ( .MILLI., .METRE. ) );
#563 = DIRECTION ( 'NONE',  ( -1.278665952808457400E-016, 1.000000000000000000, -0.0000000000000000000 ) ) ;
#564 = EDGE_LOOP ( 'NONE', ( #2776, #947, #623, #3587 ) ) ;
#565 = EDGE_CURVE ( 'NONE', #1490, #1136, #733, .T. ) ;
#566 = AXIS2_PLACEMENT_3D ( 'NONE', #3080, #1630, #2464 ) ;
#567 = LINE ( 'NONE', #3787, #3258 ) ;
#568 = DIRECTION ( 'NONE',  ( -5.178279032766587900E-017, -1.000000000000000000, 0.0000000000000000000 ) ) ;
#569 = CARTESIAN_POINT ( 'NONE',  ( -11.80473807952257700, 35.75000000000000700, 9.650126457546539500 ) ) ;
#570 = CARTESIAN_POINT ( 'NONE',  ( -17.49999999999999300, 97.49999999999992900, 0.0000000000000000000 ) ) ;
#571 = VECTOR ( 'NONE', #1879, 1000.000000000000000 ) ;
#572 = LINE ( 'NONE', #1814, #1207 ) ;
#573 = FACE_OUTER_BOUND ( 'NONE', #2505, .T. ) ;
#574 = ORIENTED_EDGE ( 'NONE', *, *, #3509, .F. ) ;
#575 = LINE ( 'NONE', #2205, #3303 ) ;
#576 = CARTESIAN_POINT ( 'NONE',  ( -14.85254620685483900, 35.75000000000000700, 9.650126457546546600 ) ) ;
#577 = FACE_OUTER_BOUND ( 'NONE', #514, .T. ) ;
#578 = ORIENTED_EDGE ( 'NONE', *, *, #2965, .T. ) ;
#579 = EDGE_LOOP ( 'NONE', ( #3311, #1749, #3430, #2997 ) ) ;
#580 = VECTOR ( 'NONE', #3599, 1000.000000000000000 ) ;
#581 = CARTESIAN_POINT ( 'NONE',  ( -8.900000000000000400, 15.75000000000000000, 16.00000000000000000 ) ) ;
#582 = CARTESIAN_POINT ( 'NONE',  ( -8.900000569866989500, 35.75000000000000700, 8.896999350387458700 ) ) ;
#583 = PRODUCT_DEFINITION_FORMATION_WITH_SPECIFIED_SOURCE ( 'ANY', '', #593, .NOT_KNOWN. ) ;
#584 = CARTESIAN_POINT ( 'NONE',  ( -16.80000000000000100, 34.75000000000000000, 17.00000000000000000 ) ) ;
#585 = ORIENTED_EDGE ( 'NONE', *, *, #2736, .T. ) ;
#586 = VERTEX_POINT ( 'NONE', #3184 ) ;
#587 = EDGE_CURVE ( 'NONE', #343, #502, #599, .T. ) ;
#588 = CARTESIAN_POINT ( 'NONE',  ( -16.80000000000000100, 17.87500000000000400, 13.00000000000000200 ) ) ;
#589 = DIRECTION ( 'NONE',  ( 1.000000000000000000, 0.0000000000000000000, 0.0000000000000000000 ) ) ;
#590 = DIRECTION ( 'NONE',  ( 0.0000000000000000000, 1.000000000000000000, -0.0000000000000000000 ) ) ;
#591 = ADVANCED_FACE ( 'NONE', ( #3646 ), #2006, .F. ) ;
#592 = CARTESIAN_POINT ( 'NONE',  ( -9.650000569866991300, 35.75000000000000700, 5.995388947890981000 ) ) ;
#593 = PRODUCT ( 'door detail with lock sensor', 'door detail with lock sensor', '', ( #3476 ) ) ;
#594 = CARTESIAN_POINT ( 'NONE',  ( -8.900000569866989500, 35.75000000000000700, 8.896999350387458700 ) ) ;
#595 = ORIENTED_EDGE ( 'NONE', *, *, #1782, .T. ) ;
#596 = LINE ( 'NONE', #27, #2601 ) ;
#597 = VERTEX_POINT ( 'NONE', #1180 ) ;
#598 = CARTESIAN_POINT ( 'NONE',  ( -0.4142135623730951500, 35.33578643762690100, 17.99999999999999600 ) ) ;
#599 = LINE ( 'NONE', #2021, #3746 ) ;
#600 = DIRECTION ( 'NONE',  ( -0.0000000000000000000, -0.0000000000000000000, -1.000000000000000000 ) ) ;
#601 = CARTESIAN_POINT ( 'NONE',  ( -7.072631815039209800, 35.75000000000000700, 9.650126457546539500 ) ) ;
#602 = PLANE ( 'NONE',  #2855 ) ;
#603 = DIRECTION ( 'NONE',  ( 0.0000000000000000000, -0.0000000000000000000, 1.000000000000000000 ) ) ;
#604 = ORIENTED_EDGE ( 'NONE', *, *, #3704, .T. ) ;
#605 = FACE_OUTER_BOUND ( 'NONE', #2010, .T. ) ;
#606 = DIRECTION ( 'NONE',  ( -0.0000000000000000000, -0.0000000000000000000, -1.000000000000000000 ) ) ;
#607 = EDGE_CURVE ( 'NONE', #946, #96, #3425, .T. ) ;
#608 = ADVANCED_FACE ( 'NONE', ( #1853 ), #1140, .F. ) ;
#609 = EDGE_CURVE ( 'NONE', #3000, #2709, #3516, .T. ) ;
#610 = DIRECTION ( 'NONE',  ( 1.278665952808457400E-016, -1.000000000000000000, 0.0000000000000000000 ) ) ;
#611 = VECTOR ( 'NONE', #1939, 1000.000000000000000 ) ;
#612 = FACE_OUTER_BOUND ( 'NONE', #2521, .T. ) ;
#613 = VECTOR ( 'NONE', #1437, 1000.000000000000000 ) ;
#614 = ORIENTED_EDGE ( 'NONE', *, *, #807, .T. ) ;
#615 = DIRECTION ( 'NONE',  ( 1.000000000000000000, 0.0000000000000000000, 0.0000000000000000000 ) ) ;
#616 = DIRECTION ( 'NONE',  ( -0.0000000000000000000, -1.000000000000000000, 0.0000000000000000000 ) ) ;
#617 = FACE_OUTER_BOUND ( 'NONE', #1230, .T. ) ;
#618 = VERTEX_POINT ( 'NONE', #1712 ) ;
#619 = CARTESIAN_POINT ( 'NONE',  ( -1.000000000000000200, 35.75000000000000700, 17.58578643762690800 ) ) ;
#620 = ORIENTED_EDGE ( 'NONE', *, *, #2625, .F. ) ;
#621 = SHAPE_DEFINITION_REPRESENTATION ( #2076, #3678 ) ;
#622 = VECTOR ( 'NONE', #1014, 1000.000000000000000 ) ;
#623 = ORIENTED_EDGE ( 'NONE', *, *, #1382, .T. ) ;
#624 = ORIENTED_EDGE ( 'NONE', *, *, #1566, .F. ) ;
#625 = DIRECTION ( 'NONE',  ( 0.0000000000000000000, 0.0000000000000000000, -1.000000000000000000 ) ) ;
#626 = CARTESIAN_POINT ( 'NONE',  ( -8.900000000000000400, 1.000000000000000000, 13.00000000000000200 ) ) ;
#627 = ADVANCED_FACE ( 'NONE', ( #1001 ), #1580, .T. ) ;
#628 = EDGE_LOOP ( 'NONE', ( #1786, #244, #211, #1303 ) ) ;
#629 = EDGE_CURVE ( 'NONE', #1482, #2069, #1992, .T. ) ;
#630 = EDGE_CURVE ( 'NONE', #3777, #484, #2913, .T. ) ;
#631 = EDGE_CURVE ( 'NONE', #1434, #3578, #2814, .T. ) ;
#632 = DIRECTION ( 'NONE',  ( 0.0000000000000000000, 0.0000000000000000000, -1.000000000000000000 ) ) ;
#633 = AXIS2_PLACEMENT_3D ( 'NONE', #2203, #1352, #3049 ) ;
#634 = DIRECTION ( 'NONE',  ( 1.000000000000000000, 0.0000000000000000000, 0.0000000000000000000 ) ) ;
#635 = VERTEX_POINT ( 'NONE', #1389 ) ;
#636 = ORIENTED_EDGE ( 'NONE', *, *, #2811, .F. ) ;
#637 = ORIENTED_EDGE ( 'NONE', *, *, #2939, .T. ) ;
#638 = EDGE_LOOP ( 'NONE', ( #2436, #1225, #1328, #2979 ) ) ;
#639 = CARTESIAN_POINT ( 'NONE',  ( -8.900000000000000400, 0.0000000000000000000, 0.0000000000000000000 ) ) ;
#640 = FACE_OUTER_BOUND ( 'NONE', #2992, .T. ) ;
#641 = DIRECTION ( 'NONE',  ( 0.0000000000000000000, -1.000000000000000000, 0.0000000000000000000 ) ) ;
#642 = AXIS2_PLACEMENT_3D ( 'NONE', #162, #2780, #2199 ) ;
#643 = LINE ( 'NONE', #464, #2868 ) ;
#644 = PLANE ( 'NONE',  #2278 ) ;
#645 = DIRECTION ( 'NONE',  ( 0.0000000000000000000, 0.0000000000000000000, -1.000000000000000000 ) ) ;
#646 = ORIENTED_EDGE ( 'NONE', *, *, #1152, .T. ) ;
#647 = ORIENTED_EDGE ( 'NONE', *, *, #1567, .T. ) ;
#648 = LINE ( 'NONE', #1628, #2175 ) ;
#649 = CARTESIAN_POINT ( 'NONE',  ( -8.500000000000001800, 82.19999999999997400, 0.0000000000000000000 ) ) ;
#650 = PRODUCT_DEFINITION ( 'UNKNOWN', '', #115, #315 ) ;
#651 = CARTESIAN_POINT ( 'NONE',  ( -17.80000000000000100, 34.75000000000000000, 16.99999999999999600 ) ) ;
#652 = VERTEX_POINT ( 'NONE', #3472 ) ;
#653 = DIRECTION ( 'NONE',  ( 1.000000000000000000, 0.0000000000000000000, -0.0000000000000000000 ) ) ;
#654 = VECTOR ( 'NONE', #1244, 1000.000000000000000 ) ;
#655 = LINE ( 'NONE', #2441, #2098 ) ;
#656 = LINE ( 'NONE', #977, #3162 ) ;
#657 = DIRECTION ( 'NONE',  ( 1.000000000000000000, 1.242207580000179900E-016, -0.0000000000000000000 ) ) ;
#658 = CARTESIAN_POINT ( 'NONE',  ( -16.80000000000000100, 35.75000000000000700, 0.0000000000000000000 ) ) ;
#659 = ADVANCED_FACE ( 'NONE', ( #118 ), #865, .F. ) ;
#660 = LINE ( 'NONE', #3113, #527 ) ;
#661 = ORIENTED_EDGE ( 'NONE', *, *, #1737, .F. ) ;
#662 = EDGE_CURVE ( 'NONE', #1885, #2244, #2405, .T. ) ;
#663 = AXIS2_PLACEMENT_3D ( 'NONE', #16, #2048, #1 ) ;
#664 = VECTOR ( 'NONE', #2066, 1000.000000000000000 ) ;
#665 = ORIENTED_EDGE ( 'NONE', *, *, #513, .F. ) ;
#666 = DIRECTION ( 'NONE',  ( 0.0000000000000000000, 0.0000000000000000000, -1.000000000000000000 ) ) ;
#667 = CARTESIAN_POINT ( 'NONE',  ( -8.900000000000030600, 0.7500000000000008900, 7.750000000000000000 ) ) ;
#668 = EDGE_LOOP ( 'NONE', ( #3045, #3567, #731, #845 ) ) ;
#669 = LINE ( 'NONE', #1212, #2533 ) ;
#670 = CARTESIAN_POINT ( 'NONE',  ( 8.499999999999996400, 40.69999999999998900, 2.500000000000000000 ) ) ;
#671 = EDGE_LOOP ( 'NONE', ( #3352, #2509, #1652, #752 ) ) ;
#672 = ORIENTED_EDGE ( 'NONE', *, *, #261, .F. ) ;
#673 = CARTESIAN_POINT ( 'NONE',  ( -8.150000569866989500, 35.55000000000000400, 2.944058900493778300 ) ) ;
#674 = ORIENTED_EDGE ( 'NONE', *, *, #3733, .T. ) ;
#675 = PLANE ( 'NONE',  #238 ) ;
#676 = CARTESIAN_POINT ( 'NONE',  ( -17.49999999999999600, -100.0000000000000400, 9.299999999999998900 ) ) ;
#677 = AXIS2_PLACEMENT_3D ( 'NONE', #487, #1983, #2257 ) ;
#678 = CARTESIAN_POINT ( 'NONE',  ( -4.849999999999997900, 29.99999999999999600, 2.299999999999998900 ) ) ;
#679 = EDGE_CURVE ( 'NONE', #2656, #3319, #1313, .T. ) ;
#680 = CARTESIAN_POINT ( 'NONE',  ( -8.150000569866989500, 35.75000000000000700, 8.150126457546541300 ) ) ;
#681 = VERTEX_POINT ( 'NONE', #2309 ) ;
#682 = EDGE_CURVE ( 'NONE', #718, #2390, #686, .T. ) ;
#683 = CARTESIAN_POINT ( 'NONE',  ( 15.00000000000001200, -97.50000000000004300, -30.00000000000000000 ) ) ;
#684 = EDGE_LOOP ( 'NONE', ( #1054, #350, #267, #3543 ) ) ;
#685 = AXIS2_PLACEMENT_3D ( 'NONE', #2881, #1719, #3774 ) ;
#686 = LINE ( 'NONE', #570, #3785 ) ;
#687 = VERTEX_POINT ( 'NONE', #827 ) ;
#688 = UNCERTAINTY_MEASURE_WITH_UNIT (LENGTH_MEASURE( 1.000000000000000100E-005 ), #217, 'distance_accuracy_value', 'NONE');
#689 = ORIENTED_EDGE ( 'NONE', *, *, #2755, .T. ) ;
#690 = DIRECTION ( 'NONE',  ( -0.0000000000000000000, -0.0000000000000000000, -1.000000000000000000 ) ) ;
#691 = CIRCLE ( 'NONE', #980, 4.000000000000000000 ) ;
#692 = CARTESIAN_POINT ( 'NONE',  ( -5.995263060211430100, 35.75000000000000700, 9.650126457546539500 ) ) ;
#693 = LINE ( 'NONE', #192, #2508 ) ;
#694 = PLANE ( 'NONE',  #3760 ) ;
#695 = VERTEX_POINT ( 'NONE', #2594 ) ;
#696 = DIRECTION ( 'NONE',  ( 0.0000000000000000000, 0.0000000000000000000, -1.000000000000000000 ) ) ;
#697 = CYLINDRICAL_SURFACE ( 'NONE', #3662, 1.000000000000000000 ) ;
#698 = AXIS2_PLACEMENT_3D ( 'NONE', #1091, #3134, #3121 ) ;
#699 = VECTOR ( 'NONE', #1051, 1000.000000000000000 ) ;
#700 = CIRCLE ( 'NONE', #3484, 1.000000000000000000 ) ;
#701 = EDGE_CURVE ( 'NONE', #3464, #1848, #3606, .T. ) ;
#702 = DIRECTION ( 'NONE',  ( -0.0000000000000000000, 0.0000000000000000000, -1.000000000000000000 ) ) ;
#703 = DIRECTION ( 'NONE',  ( 0.0000000000000000000, -1.000000000000000000, -0.0000000000000000000 ) ) ;
#704 = PLANE ( 'NONE',  #2619 ) ;
#705 = LINE ( 'NONE', #3627, #571 ) ;
#706 = EDGE_LOOP ( 'NONE', ( #3649, #2639, #1264, #1967 ) ) ;
#707 = EDGE_CURVE ( 'NONE', #296, #1138, #777, .T. ) ;
#708 = FACE_OUTER_BOUND ( 'NONE', #1658, .T. ) ;
#709 = CARTESIAN_POINT ( 'NONE',  ( -12.90000000000000000, 6.435743829507589900E-016, 2.849999999999999600 ) ) ;
#710 = VERTEX_POINT ( 'NONE', #1961 ) ;
#711 = VERTEX_POINT ( 'NONE', #2876 ) ;
#712 = SHAPE_DEFINITION_REPRESENTATION ( #2444, #1192 ) ;
#713 = DIRECTION ( 'NONE',  ( 0.0000000000000000000, -1.000000000000000000, 0.0000000000000000000 ) ) ;
#714 = FACE_OUTER_BOUND ( 'NONE', #2898, .T. ) ;
#715 = AXIS2_PLACEMENT_3D ( 'NONE', #3519, #1783, #2903 ) ;
#716 = EDGE_LOOP ( 'NONE', ( #1987, #207, #349, #1990 ) ) ;
#717 = DIRECTION ( 'NONE',  ( 1.000000000000000000, 0.0000000000000000000, -0.0000000000000000000 ) ) ;
#718 = VERTEX_POINT ( 'NONE', #3768 ) ;
#719 = PLANE ( 'NONE',  #2483 ) ;
#720 = DIRECTION ( 'NONE',  ( 0.0000000000000000000, 1.000000000000000000, 0.0000000000000000000 ) ) ;
#721 = ORIENTED_EDGE ( 'NONE', *, *, #1355, .F. ) ;
#722 = DIRECTION ( 'NONE',  ( 0.0000000000000000000, 0.0000000000000000000, 1.000000000000000000 ) ) ;
#723 = CARTESIAN_POINT ( 'NONE',  ( -9.650000569866991300, 35.55000000000000400, 8.896999350387458700 ) ) ;
#724 = CARTESIAN_POINT ( 'NONE',  ( -4.899999999999999500, 2.444584865471880200E-016, 1.301042606982605300E-015 ) ) ;
#725 = ORIENTED_EDGE ( 'NONE', *, *, #1612, .F. ) ;
#726 = ORIENTED_EDGE ( 'NONE', *, *, #10, .F. ) ;
#727 = DIRECTION ( 'NONE',  ( 0.0000000000000000000, 0.0000000000000000000, 1.000000000000000000 ) ) ;
#728 = EDGE_CURVE ( 'NONE', #3777, #223, #1449, .T. ) ;
#729 = CARTESIAN_POINT ( 'NONE',  ( -0.9999999999999991100, 17.75000000000000700, 18.00000000000000400 ) ) ;
#730 = DIRECTION ( 'NONE',  ( -0.0000000000000000000, 1.000000000000000000, 0.0000000000000000000 ) ) ;
#731 = ORIENTED_EDGE ( 'NONE', *, *, #2712, .T. ) ;
#732 = CARTESIAN_POINT ( 'NONE',  ( -9.650000569866993100, 35.75000000000000700, 4.967940939012032200 ) ) ;
#733 = LINE ( 'NONE', #2643, #3699 ) ;
#734 = EDGE_CURVE ( 'NONE', #517, #3529, #1808, .T. ) ;
#735 = FACE_OUTER_BOUND ( 'NONE', #1404, .T. ) ;
#736 = PLANE ( 'NONE',  #3607 ) ;
#737 = CARTESIAN_POINT ( 'NONE',  ( -8.900000000000030600, -1.250000000000000000, 7.750000000000000000 ) ) ;
#738 = ORIENTED_EDGE ( 'NONE', *, *, #756, .F. ) ;
#739 = ORIENTED_EDGE ( 'NONE', *, *, #1836, .F. ) ;
#740 = VECTOR ( 'NONE', #702, 1000.000000000000000 ) ;
#741 = DIRECTION ( 'NONE',  ( 0.0000000000000000000, -1.000000000000000000, 0.0000000000000000000 ) ) ;
#742 = DIRECTION ( 'NONE',  ( 2.043846688811130000E-031, -5.108572532885540300E-031, 1.000000000000000000 ) ) ;
#743 = ORIENTED_EDGE ( 'NONE', *, *, #1048, .T. ) ;
#744 = DIRECTION ( 'NONE',  ( 0.0000000000000000000, 0.0000000000000000000, 1.000000000000000000 ) ) ;
#745 = ADVANCED_FACE ( 'NONE', ( #1044, #2216 ), #3435, .T. ) ;
#746 = LINE ( 'NONE', #3267, #3574 ) ;
#747 = LINE ( 'NONE', #232, #3250 ) ;
#748 = AXIS2_PLACEMENT_3D ( 'NONE', #2110, #1496, #1844 ) ;
#749 = CARTESIAN_POINT ( 'NONE',  ( -8.900000569866989500, 35.55000000000000400, 8.150126457546541300 ) ) ;
#750 = CARTESIAN_POINT ( 'NONE',  ( -12.82965461086597400, 35.75000000000000700, 8.150126457546541300 ) ) ;
#751 = VECTOR ( 'NONE', #474, 1000.000000000000000 ) ;
#752 = ORIENTED_EDGE ( 'NONE', *, *, #3588, .F. ) ;
#753 = EDGE_CURVE ( 'NONE', #296, #1899, #2311, .T. ) ;
#754 = DIRECTION ( 'NONE',  ( -1.000000000000000000, -0.0000000000000000000, 0.0000000000000000000 ) ) ;
#755 = CARTESIAN_POINT ( 'NONE',  ( 17.50000000000000700, 99.99999999999994300, -32.50000000000000000 ) ) ;
#756 = EDGE_CURVE ( 'NONE', #223, #96, #3696, .T. ) ;
#757 = FACE_OUTER_BOUND ( 'NONE', #3786, .T. ) ;
#758 = ORIENTED_EDGE ( 'NONE', *, *, #1927, .T. ) ;
#759 = AXIS2_PLACEMENT_3D ( 'NONE', #2430, #1258, #696 ) ;
#760 = CARTESIAN_POINT ( 'NONE',  ( -8.900000569866989500, 35.55000000000000400, 8.896999350387458700 ) ) ;
#761 = ORIENTED_EDGE ( 'NONE', *, *, #513, .T. ) ;
#762 = CIRCLE ( 'NONE', #3409, 2.000000000000000000 ) ;
#763 = EDGE_LOOP ( 'NONE', ( #3616, #3608, #3655, #2621 ) ) ;
#764 = ORIENTED_EDGE ( 'NONE', *, *, #2229, .T. ) ;
#765 = CARTESIAN_POINT ( 'NONE',  ( -8.150000569866989500, 35.75000000000000700, 13.33480710131540200 ) ) ;
#766 = ADVANCED_FACE ( 'NONE', ( #2907 ), #3506, .F. ) ;
#767 = VERTEX_POINT ( 'NONE', #2274 ) ;
#768 = PLANE ( 'NONE',  #3273 ) ;
#769 = DIRECTION ( 'NONE',  ( 1.000000000000000000, 0.0000000000000000000, 0.0000000000000000000 ) ) ;
#770 = CARTESIAN_POINT ( 'NONE',  ( 8.499999999999998200, -82.20000000000008800, 2.500000000000000000 ) ) ;
#771 = DIRECTION ( 'NONE',  ( 0.0000000000000000000, -1.000000000000000000, -1.169227917149719900E-029 ) ) ;
#772 = ORIENTED_EDGE ( 'NONE', *, *, #3167, .F. ) ;
#773 = DIRECTION ( 'NONE',  ( 0.0000000000000000000, 0.0000000000000000000, 1.000000000000000000 ) ) ;
#774 = CARTESIAN_POINT ( 'NONE',  ( -8.500000000000001800, 82.19999999999997400, 2.500000000000000000 ) ) ;
#775 = EDGE_CURVE ( 'NONE', #3291, #2139, #1363, .T. ) ;
#776 = DIRECTION ( 'NONE',  ( -1.000000000000000000, -0.0000000000000000000, -0.0000000000000000000 ) ) ;
#777 = LINE ( 'NONE', #2286, #80 ) ;
#778 = DIRECTION ( 'NONE',  ( 0.0000000000000000000, 0.0000000000000000000, -1.000000000000000000 ) ) ;
#779 = ORIENTED_EDGE ( 'NONE', *, *, #2325, .F. ) ;
#780 = DIRECTION ( 'NONE',  ( 1.000000000000000000, -4.988948705044639600E-017, 0.0000000000000000000 ) ) ;
#781 = CARTESIAN_POINT ( 'NONE',  ( 4.850000000000001400, 30.00000000000000400, 9.299999999999998900 ) ) ;
#782 = PLANE ( 'NONE',  #2453 ) ;
#783 = ADVANCED_FACE ( 'NONE', ( #960 ), #1216, .F. ) ;
#784 = ORIENTED_EDGE ( 'NONE', *, *, #1523, .F. ) ;
#785 =( LENGTH_UNIT ( ) NAMED_UNIT ( * ) SI_UNIT ( .MILLI., .METRE. ) );
#786 = VERTEX_POINT ( 'NONE', #1469 ) ;
#787 = AXIS2_PLACEMENT_3D ( 'NONE', #1515, #1297, #3620 ) ;
#788 = VECTOR ( 'NONE', #2462, 1000.000000000000000 ) ;
#789 = DIRECTION ( 'NONE',  ( 0.0000000000000000000, 0.0000000000000000000, -1.000000000000000000 ) ) ;
#790 = CARTESIAN_POINT ( 'NONE',  ( -2.947454932879152200, 35.55000000000000400, 9.650126457546544900 ) ) ;
#791 = DIRECTION ( 'NONE',  ( 0.0000000000000000000, 0.0000000000000000000, -1.000000000000000000 ) ) ;
#792 = CIRCLE ( 'NONE', #884, 1.000000000000000000 ) ;
#793 = LINE ( 'NONE', #318, #2239 ) ;
#794 = DIRECTION ( 'NONE',  ( 6.287314005789049900E-031, -1.169227917149719900E-029, 1.000000000000000000 ) ) ;
#795 = PRODUCT_DEFINITION ( 'UNKNOWN', '', #583, #2745 ) ;
#796 = LINE ( 'NONE', #3471, #3717 ) ;
#797 = ORIENTED_EDGE ( 'NONE', *, *, #64, .T. ) ;
#798 = FILL_AREA_STYLE_COLOUR ( '', #2517 ) ;
#799 = LINE ( 'NONE', #1649, #2107 ) ;
#800 = ORIENTED_EDGE ( 'NONE', *, *, #3564, .F. ) ;
#801 = CARTESIAN_POINT ( 'NONE',  ( 17.50000000000001100, -100.0000000000000400, 2.500000000000000000 ) ) ;
#802 = EDGE_CURVE ( 'NONE', #2458, #3464, #2034, .T. ) ;
#803 = APPLICATION_PROTOCOL_DEFINITION ( 'draft international standard', 'automotive_design', 1998, #1430 ) ;
#804 = ADVANCED_FACE ( 'NONE', ( #1277 ), #2637, .F. ) ;
#805 = DIRECTION ( 'NONE',  ( 0.0000000000000000000, 0.0000000000000000000, 1.000000000000000000 ) ) ;
#806 = FACE_OUTER_BOUND ( 'NONE', #3596, .T. ) ;
#807 = EDGE_CURVE ( 'NONE', #3265, #3262, #1723, .T. ) ;
#808 = EDGE_LOOP ( 'NONE', ( #624, #1622, #2328, #1859 ) ) ;
#809 = CARTESIAN_POINT ( 'NONE',  ( -8.500000000000000000, 40.69999999999998200, 2.500000000000000000 ) ) ;
#810 = FACE_OUTER_BOUND ( 'NONE', #378, .T. ) ;
#811 = ORIENTED_EDGE ( 'NONE', *, *, #2398, .T. ) ;
#812 = VERTEX_POINT ( 'NONE', #2050 ) ;
#813 = DIRECTION ( 'NONE',  ( 0.0000000000000000000, 0.0000000000000000000, -1.000000000000000000 ) ) ;
#814 = CARTESIAN_POINT ( 'NONE',  ( -1.000000000000000000, 34.75000000000000000, 0.0000000000000000000 ) ) ;
#815 = DIRECTION ( 'NONE',  ( 0.0000000000000000000, 0.0000000000000000000, -1.000000000000000000 ) ) ;
#816 = AXIS2_PLACEMENT_3D ( 'NONE', #2761, #2500, #2450 ) ;
#817 = EDGE_LOOP ( 'NONE', ( #240, #3222, #1842, #99 ) ) ;
#818 = DIRECTION ( 'NONE',  ( -0.0000000000000000000, -0.0000000000000000000, -1.000000000000000000 ) ) ;
#819 = ORIENTED_EDGE ( 'NONE', *, *, #308, .T. ) ;
#820 = CARTESIAN_POINT ( 'NONE',  ( -8.900000000000000400, 4.440164347489730400E-016, 5.699999999999999300 ) ) ;
#821 = DIRECTION ( 'NONE',  ( 0.0000000000000000000, 1.000000000000000000, 5.108572532885540300E-031 ) ) ;
#822 = CARTESIAN_POINT ( 'NONE',  ( -17.80000000000000100, 17.87500000000000400, 13.00000000000000200 ) ) ;
#823 = ORIENTED_EDGE ( 'NONE', *, *, #899, .T. ) ;
#824 = ADVANCED_FACE ( 'NONE', ( #3091, #2496, #870 ), #602, .F. ) ;
#825 = ADVANCED_FACE ( 'NONE', ( #266 ), #904, .F. ) ;
#826 = DIRECTION ( 'NONE',  ( 0.0000000000000000000, 0.0000000000000000000, 1.000000000000000000 ) ) ;
#827 = CARTESIAN_POINT ( 'NONE',  ( -9.650000569866991300, 35.75000000000000700, 5.995388947890980100 ) ) ;
#828 = ORIENTED_EDGE ( 'NONE', *, *, #1018, .F. ) ;
#829 = CARTESIAN_POINT ( 'NONE',  ( -16.80000000000000100, 17.75000000000000700, 18.00000000000000400 ) ) ;
#830 = EDGE_CURVE ( 'NONE', #2463, #2759, #2125, .T. ) ;
#831 = CIRCLE ( 'NONE', #3437, 3.000000000000000000 ) ;
#832 = EDGE_CURVE ( 'NONE', #2949, #3508, #596, .T. ) ;
#833 = DIRECTION ( 'NONE',  ( 0.0000000000000000000, 0.0000000000000000000, 1.000000000000000000 ) ) ;
#834 = LINE ( 'NONE', #2779, #2956 ) ;
#835 = EDGE_CURVE ( 'NONE', #652, #2949, #515, .T. ) ;
#836 = VERTEX_POINT ( 'NONE', #2367 ) ;
#837 = ORIENTED_EDGE ( 'NONE', *, *, #435, .F. ) ;
#838 = FACE_OUTER_BOUND ( 'NONE', #3028, .T. ) ;
#839 = CARTESIAN_POINT ( 'NONE',  ( -14.99999999999999500, -97.50000000000004300, -0.0000000000000000000 ) ) ;
#840 = DIRECTION ( 'NONE',  ( 0.0000000000000000000, 0.0000000000000000000, -1.000000000000000000 ) ) ;
#841 = EDGE_LOOP ( 'NONE', ( #2162, #3399, #761, #2572 ) ) ;
#842 = VECTOR ( 'NONE', #2159, 1000.000000000000000 ) ;
#843 = AXIS2_PLACEMENT_3D ( 'NONE', #2169, #1617, #1601 ) ;
#844 =( NAMED_UNIT ( * ) SI_UNIT ( $, .STERADIAN. ) SOLID_ANGLE_UNIT ( ) );
#845 = ORIENTED_EDGE ( 'NONE', *, *, #2192, .T. ) ;
#846 = FACE_OUTER_BOUND ( 'NONE', #166, .T. ) ;
#847 = DIRECTION ( 'NONE',  ( 0.0000000000000000000, -1.000000000000000000, 0.0000000000000000000 ) ) ;
#848 = ORIENTED_EDGE ( 'NONE', *, *, #2251, .T. ) ;
#849 = DIRECTION ( 'NONE',  ( 0.0000000000000000000, -1.000000000000000000, 0.0000000000000000000 ) ) ;
#850 = AXIS2_PLACEMENT_3D ( 'NONE', #398, #2419, #2121 ) ;
#851 = CARTESIAN_POINT ( 'NONE',  ( -8.900000000000000400, 35.75000000000000700, 0.0000000000000000000 ) ) ;
#852 = LINE ( 'NONE', #2077, #3069 ) ;
#853 = ORIENTED_EDGE ( 'NONE', *, *, #7, .T. ) ;
#854 = CARTESIAN_POINT ( 'NONE',  ( -1.000000000000000000, 21.31250000000000000, 17.00000000000000000 ) ) ;
#855 = EDGE_LOOP ( 'NONE', ( #999, #674 ) ) ;
#856 = CIRCLE ( 'NONE', #3209, 2.000000000000000000 ) ;
#857 = VERTEX_POINT ( 'NONE', #2065 ) ;
#858 = CARTESIAN_POINT ( 'NONE',  ( -0.4142135623730954200, 13.75000000000001100, 14.00000000000000200 ) ) ;
#859 = LINE ( 'NONE', #3775, #2664 ) ;
#860 = ORIENTED_EDGE ( 'NONE', *, *, #953, .T. ) ;
#861 = ORIENTED_EDGE ( 'NONE', *, *, #949, .T. ) ;
#862 = ADVANCED_FACE ( 'NONE', ( #3189 ), #1769, .T. ) ;
#863 = ORIENTED_EDGE ( 'NONE', *, *, #899, .F. ) ;
#864 = EDGE_CURVE ( 'NONE', #1711, #1351, #1245, .T. ) ;
#865 = PLANE ( 'NONE',  #1597 ) ;
#866 = AXIS2_PLACEMENT_3D ( 'NONE', #1671, #3405, #2792 ) ;
#867 = CARTESIAN_POINT ( 'NONE',  ( -4.849999999999997900, 29.99999999999999600, -86.87902598758884700 ) ) ;
#868 = DIRECTION ( 'NONE',  ( 0.0000000000000000000, 0.7071067811865468000, -0.7071067811865484600 ) ) ;
#869 = DIRECTION ( 'NONE',  ( -0.0000000000000000000, -0.0000000000000000000, -1.000000000000000000 ) ) ;
#870 = FACE_OUTER_BOUND ( 'NONE', #1959, .T. ) ;
#871 = ORIENTED_EDGE ( 'NONE', *, *, #2449, .T. ) ;
#872 = CARTESIAN_POINT ( 'NONE',  ( -16.80000000000000100, 13.75000000000000500, 14.00000000000000000 ) ) ;
#873 = CARTESIAN_POINT ( 'NONE',  ( -8.150000569866989500, 35.75000000000000700, 7.072757702718760700 ) ) ;
#874 = DIRECTION ( 'NONE',  ( 0.0000000000000000000, -1.000000000000000000, 0.0000000000000000000 ) ) ;
#875 = FACE_OUTER_BOUND ( 'NONE', #2149, .T. ) ;
#876 = EDGE_CURVE ( 'NONE', #2597, #22, #2362, .T. ) ;
#877 = ORIENTED_EDGE ( 'NONE', *, *, #538, .F. ) ;
#878 = ADVANCED_FACE ( 'NONE', ( #2918 ), #1823, .F. ) ;
#879 = LINE ( 'NONE', #2994, #1417 ) ;
#880 = EDGE_CURVE ( 'NONE', #961, #3287, #883, .T. ) ;
#881 = DIRECTION ( 'NONE',  ( -1.242207580000179900E-016, 1.000000000000000000, -0.0000000000000000000 ) ) ;
#882 = ORIENTED_EDGE ( 'NONE', *, *, #1427, .F. ) ;
#883 = LINE ( 'NONE', #102, #3385 ) ;
#884 = AXIS2_PLACEMENT_3D ( 'NONE', #1185, #881, #2347 ) ;
#885 = DIRECTION ( 'NONE',  ( -5.178279032766586000E-017, 1.000000000000000000, 0.0000000000000000000 ) ) ;
#886 = VECTOR ( 'NONE', #1923, 1000.000000000000000 ) ;
#887 = LINE ( 'NONE', #1924, #1163 ) ;
#888 = LINE ( 'NONE', #723, #8 ) ;
#889 = ORIENTED_EDGE ( 'NONE', *, *, #1566, .T. ) ;
#890 = CYLINDRICAL_SURFACE ( 'NONE', #1154, 5.999999999996729700 ) ;
#891 = ORIENTED_EDGE ( 'NONE', *, *, #1836, .T. ) ;
#892 = FACE_OUTER_BOUND ( 'NONE', #2804, .T. ) ;
#893 = ADVANCED_FACE ( 'NONE', ( #605 ), #2424, .T. ) ;
#894 = ORIENTED_EDGE ( 'NONE', *, *, #1018, .T. ) ;
#895 = DIRECTION ( 'NONE',  ( -1.000000000000000000, -0.0000000000000000000, 0.0000000000000000000 ) ) ;
#896 = FACE_OUTER_BOUND ( 'NONE', #1572, .T. ) ;
#897 = ORIENTED_EDGE ( 'NONE', *, *, #2191, .T. ) ;
#898 = ORIENTED_EDGE ( 'NONE', *, *, #3088, .T. ) ;
#899 = EDGE_CURVE ( 'NONE', #2794, #812, #2826, .T. ) ;
#900 = DIRECTION ( 'NONE',  ( 1.000000000000000000, 0.0000000000000000000, 0.0000000000000000000 ) ) ;
#901 = CARTESIAN_POINT ( 'NONE',  ( 0.0000000000000000000, 34.75000000000000000, 16.99999999999999600 ) ) ;
#902 = EDGE_LOOP ( 'NONE', ( #2535, #1429, #3136, #3379 ) ) ;
#903 = CARTESIAN_POINT ( 'NONE',  ( -3.452012759712419900, 35.75000000000000700, 9.650126457546539500 ) ) ;
#904 = PLANE ( 'NONE',  #715 ) ;
#905 = DIRECTION ( 'NONE',  ( -0.0000000000000000000, -0.0000000000000000000, -1.000000000000000000 ) ) ;
#906 = ORIENTED_EDGE ( 'NONE', *, *, #2965, .F. ) ;
#907 = AXIS2_PLACEMENT_3D ( 'NONE', #79, #1506, #1807 ) ;
#908 = ADVANCED_FACE ( 'NONE', ( #470 ), #3286, .T. ) ;
#909 = ORIENTED_EDGE ( 'NONE', *, *, #3736, .F. ) ;
#910 = APPLICATION_PROTOCOL_DEFINITION ( 'draft international standard', 'automotive_design', 1998, #2632 ) ;
#911 = DIRECTION ( 'NONE',  ( 0.0000000000000000000, 0.0000000000000000000, -1.000000000000000000 ) ) ;
#912 = VECTOR ( 'NONE', #1635, 1000.000000000000000 ) ;
#913 = ORIENTED_EDGE ( 'NONE', *, *, #26, .F. ) ;
#914 = DIRECTION ( 'NONE',  ( 1.000000000000000000, 0.0000000000000000000, -0.0000000000000000000 ) ) ;
#915 = AXIS2_PLACEMENT_3D ( 'NONE', #2772, #458, #2193 ) ;
#916 = CARTESIAN_POINT ( 'NONE',  ( -16.80000000000000100, 1.000000000000000900, 13.99999999999999800 ) ) ;
#917 = FACE_OUTER_BOUND ( 'NONE', #1420, .T. ) ;
#918 = CARTESIAN_POINT ( 'NONE',  ( -5.995263060211428300, 35.55000000000000400, 8.150126457546541300 ) ) ;
#919 = EDGE_LOOP ( 'NONE', ( #2740, #3111, #3356, #1006 ) ) ;
#920 = VERTEX_POINT ( 'NONE', #91 ) ;
#921 = CIRCLE ( 'NONE', #2975, 4.000000000000000000 ) ;
#922 = AXIS2_PLACEMENT_3D ( 'NONE', #581, #2873, #3756 ) ;
#923 = ORIENTED_EDGE ( 'NONE', *, *, #105, .F. ) ;
#924 = CARTESIAN_POINT ( 'NONE',  ( -0.4142135623730951500, 35.75000000000000700, 17.58578643762690100 ) ) ;
#925 = DIRECTION ( 'NONE',  ( 1.000000000000000000, 0.0000000000000000000, 0.0000000000000000000 ) ) ;
#926 = LINE ( 'NONE', #3514, #3577 ) ;
#927 = EDGE_CURVE ( 'NONE', #347, #343, #1059, .T. ) ;
#928 = CARTESIAN_POINT ( 'NONE',  ( -3.500000000000049700, 5.000000000000000000, -29.80527936219560200 ) ) ;
#929 = CARTESIAN_POINT ( 'NONE',  ( -17.38578643762690500, 0.4142135623730966400, 14.00000000000000000 ) ) ;
#930 = CIRCLE ( 'NONE', #2037, 5.999999999996740400 ) ;
#931 = ORIENTED_EDGE ( 'NONE', *, *, #2527, .F. ) ;
#932 = STYLED_ITEM ( 'NONE', ( #3194 ), #1201 ) ;
#933 = DIRECTION ( 'NONE',  ( 1.000000000000000000, -0.0000000000000000000, 1.095136487537750100E-015 ) ) ;
#934 = CARTESIAN_POINT ( 'NONE',  ( -6.250000000000009800, 15.75000000000000000, 16.00000000000000000 ) ) ;
#935 = VECTOR ( 'NONE', #2316, 1000.000000000000000 ) ;
#936 = ORIENTED_EDGE ( 'NONE', *, *, #802, .T. ) ;
#937 = VECTOR ( 'NONE', #1075, 1000.000000000000000 ) ;
#938 = VERTEX_POINT ( 'NONE', #2124 ) ;
#939 = FACE_OUTER_BOUND ( 'NONE', #919, .T. ) ;
#940 = ORIENTED_EDGE ( 'NONE', *, *, #2715, .T. ) ;
#941 = VECTOR ( 'NONE', #2749, 1000.000000000000000 ) ;
#942 = ORIENTED_EDGE ( 'NONE', *, *, #123, .T. ) ;
#943 = VERTEX_POINT ( 'NONE', #3274 ) ;
#944 = CARTESIAN_POINT ( 'NONE',  ( -9.650000569866991300, 35.75000000000000700, 10.72749521237430100 ) ) ;
#945 = DIRECTION ( 'NONE',  ( 1.100194036819509900E-015, -0.0000000000000000000, 1.000000000000000000 ) ) ;
#946 = VERTEX_POINT ( 'NONE', #1554 ) ;
#947 = ORIENTED_EDGE ( 'NONE', *, *, #2449, .F. ) ;
#948 = CARTESIAN_POINT ( 'NONE',  ( -8.900000000000030600, -1.250000000000000000, 4.149999999999999500 ) ) ;
#949 = EDGE_CURVE ( 'NONE', #2614, #2759, #323, .T. ) ;
#950 = DIRECTION ( 'NONE',  ( 0.0000000000000000000, 0.0000000000000000000, 1.000000000000000000 ) ) ;
#951 = CARTESIAN_POINT ( 'NONE',  ( 8.499999999999998200, -48.70000000000007400, 2.500000000000000000 ) ) ;
#952 = ORIENTED_EDGE ( 'NONE', *, *, #303, .F. ) ;
#953 = EDGE_CURVE ( 'NONE', #3590, #3230, #3478, .T. ) ;
#954 = EDGE_CURVE ( 'NONE', #2722, #2412, #1953, .T. ) ;
#955 = DIRECTION ( 'NONE',  ( -1.242207580000179900E-016, 1.000000000000000000, 0.0000000000000000000 ) ) ;
#956 = AXIS2_PLACEMENT_3D ( 'NONE', #1620, #2507, #3094 ) ;
#957 = CARTESIAN_POINT ( 'NONE',  ( -8.900000569866989500, 35.55000000000000400, 8.896999350387458700 ) ) ;
#958 = ORIENTED_EDGE ( 'NONE', *, *, #2944, .F. ) ;
#959 = CARTESIAN_POINT ( 'NONE',  ( -12.82846077209154200, 35.75000000000000700, 9.650126457546548400 ) ) ;
#960 = FACE_OUTER_BOUND ( 'NONE', #706, .T. ) ;
#961 = VERTEX_POINT ( 'NONE', #1847 ) ;
#962 = VECTOR ( 'NONE', #181, 1000.000000000000000 ) ;
#963 = ORIENTED_EDGE ( 'NONE', *, *, #3615, .F. ) ;
#964 = VERTEX_POINT ( 'NONE', #680 ) ;
#965 = LINE ( 'NONE', #1518, #1634 ) ;
#966 = CARTESIAN_POINT ( 'NONE',  ( -12.30712604522700100, 5.000000000000000000, 13.99999999999999500 ) ) ;
#967 = ORIENTED_EDGE ( 'NONE', *, *, #2082, .T. ) ;
#968 = CIRCLE ( 'NONE', #1029, 4.000000000000000000 ) ;
#969 = EDGE_CURVE ( 'NONE', #2471, #1211, #2417, .T. ) ;
#970 = DIRECTION ( 'NONE',  ( 0.0000000000000000000, -1.000000000000000000, 0.0000000000000000000 ) ) ;
#971 = DIRECTION ( 'NONE',  ( -0.0000000000000000000, 1.000000000000000000, 0.0000000000000000000 ) ) ;
#972 = CARTESIAN_POINT ( 'NONE',  ( -8.900000569866989500, 35.55000000000000400, 9.650126457546539500 ) ) ;
#973 = LINE ( 'NONE', #187, #2563 ) ;
#974 = LINE ( 'NONE', #222, #185 ) ;
#975 = EDGE_CURVE ( 'NONE', #786, #3179, #127, .T. ) ;
#976 = CARTESIAN_POINT ( 'NONE',  ( -3.500000000000049700, 5.000000000000000000, 13.99999999999999500 ) ) ;
#977 = CARTESIAN_POINT ( 'NONE',  ( -1.500000000000010000, 8.000000000000000000, 13.99999999999999500 ) ) ;
#978 = CIRCLE ( 'NONE', #1193, 1.000000000000000000 ) ;
#979 = EDGE_LOOP ( 'NONE', ( #636, #2706, #2160, #2775 ) ) ;
#980 = AXIS2_PLACEMENT_3D ( 'NONE', #957, #1818, #1274 ) ;
#981 = CYLINDRICAL_SURFACE ( 'NONE', #1648, 3.000000000000000000 ) ;
#982 = VERTEX_POINT ( 'NONE', #2713 ) ;
#983 = PLANE ( 'NONE',  #417 ) ;
#984 = CARTESIAN_POINT ( 'NONE',  ( 4.850000000000001400, 30.00000000000000400, 2.299999999999998900 ) ) ;
#985 = FACE_OUTER_BOUND ( 'NONE', #3521, .T. ) ;
#986 = LINE ( 'NONE', #1286, #1971 ) ;
#987 = ORIENTED_EDGE ( 'NONE', *, *, #1378, .T. ) ;
#988 = ORIENTED_EDGE ( 'NONE', *, *, #1698, .F. ) ;
#989 = VERTEX_POINT ( 'NONE', #2087 ) ;
#990 = DIRECTION ( 'NONE',  ( 1.000000000000000000, 0.0000000000000000000, 0.0000000000000000000 ) ) ;
#991 = ORIENTED_EDGE ( 'NONE', *, *, #2369, .F. ) ;
#992 = CARTESIAN_POINT ( 'NONE',  ( -8.900000000000000400, 11.75462388992309900, 13.99999999999999800 ) ) ;
#993 = EDGE_CURVE ( 'NONE', #2056, #3523, #2685, .T. ) ;
#994 = DIRECTION ( 'NONE',  ( -0.0000000000000000000, -0.0000000000000000000, 1.000000000000000000 ) ) ;
#995 = EDGE_CURVE ( 'NONE', #2534, #681, #2320, .T. ) ;
#996 = EDGE_LOOP ( 'NONE', ( #2364, #3456, #1789, #1689 ) ) ;
#997 = ORIENTED_EDGE ( 'NONE', *, *, #629, .T. ) ;
#998 = CARTESIAN_POINT ( 'NONE',  ( -8.500000000000001800, -82.20000000000008800, 2.500000000000000000 ) ) ;
#999 = ORIENTED_EDGE ( 'NONE', *, *, #1718, .T. ) ;
#1000 = MECHANICAL_DESIGN_GEOMETRIC_PRESENTATION_REPRESENTATION (  '', ( #3221 ), #130 ) ;
#1001 = FACE_OUTER_BOUND ( 'NONE', #808, .T. ) ;
#1002 = CARTESIAN_POINT ( 'NONE',  ( -17.38578643762690100, 35.75000000000000700, 17.58578643762690100 ) ) ;
#1003 = CARTESIAN_POINT ( 'NONE',  ( -4.899999999999999500, -1.250000000000000200, 5.699999999999999300 ) ) ;
#1004 = DIRECTION ( 'NONE',  ( 0.0000000000000000000, -1.000000000000000000, 0.0000000000000000000 ) ) ;
#1005 = FACE_OUTER_BOUND ( 'NONE', #1611, .T. ) ;
#1006 = ORIENTED_EDGE ( 'NONE', *, *, #1743, .T. ) ;
#1007 = VERTEX_POINT ( 'NONE', #1227 ) ;
#1008 = VECTOR ( 'NONE', #373, 1000.000000000000000 ) ;
#1009 = ORIENTED_EDGE ( 'NONE', *, *, #1980, .F. ) ;
#1010 = EDGE_CURVE ( 'NONE', #2743, #1728, #2046, .T. ) ;
#1011 = CARTESIAN_POINT ( 'NONE',  ( 0.0000000000000000000, 0.0000000000000000000, 11.79999999999999900 ) ) ;
#1012 = LINE ( 'NONE', #167, #886 ) ;
#1013 = CARTESIAN_POINT ( 'NONE',  ( -6.250000000000009800, 13.74999999999999800, 13.99999999999999800 ) ) ;
#1014 = DIRECTION ( 'NONE',  ( -1.734723475976807400E-017, 1.000000000000000000, 0.0000000000000000000 ) ) ;
#1015 = EDGE_CURVE ( 'NONE', #2315, #982, #1289, .T. ) ;
#1016 = DIRECTION ( 'NONE',  ( -0.0000000000000000000, -0.0000000000000000000, -1.000000000000000000 ) ) ;
#1017 = LINE ( 'NONE', #2012, #524 ) ;
#1018 = EDGE_CURVE ( 'NONE', #3513, #2109, #2132, .T. ) ;
#1019 = AXIS2_PLACEMENT_3D ( 'NONE', #444, #1037, #2161 ) ;
#1020 = CARTESIAN_POINT ( 'NONE',  ( -1.000000000000001800, 34.75000000000000000, 17.00000000000000000 ) ) ;
#1021 = CIRCLE ( 'NONE', #3057, 2.000000000000000000 ) ;
#1022 = CARTESIAN_POINT ( 'NONE',  ( -8.500000000000000000, 40.69999999999998200, 2.500000000000000000 ) ) ;
#1023 = VERTEX_POINT ( 'NONE', #1887 ) ;
#1024 = LINE ( 'NONE', #1919, #1171 ) ;
#1025 = ORIENTED_EDGE ( 'NONE', *, *, #1222, .F. ) ;
#1026 = SHAPE_DEFINITION_REPRESENTATION ( #508, #1134 ) ;
#1027 = EDGE_LOOP ( 'NONE', ( #3638, #3402, #1178, #1986 ) ) ;
#1028 = LINE ( 'NONE', #2130, #3263 ) ;
#1029 = AXIS2_PLACEMENT_3D ( 'NONE', #2762, #111, #2181 ) ;
#1030 = ORIENTED_EDGE ( 'NONE', *, *, #2715, .F. ) ;
#1031 = ORIENTED_EDGE ( 'NONE', *, *, #1588, .T. ) ;
#1032 = DIRECTION ( 'NONE',  ( 0.0000000000000000000, -0.0000000000000000000, -1.000000000000000000 ) ) ;
#1033 = PLANE ( 'NONE',  #2777 ) ;
#1034 = PLANE ( 'NONE',  #2864 ) ;
#1035 = EDGE_LOOP ( 'NONE', ( #1181, #882, #726, #1243 ) ) ;
#1036 = VERTEX_POINT ( 'NONE', #667 ) ;
#1037 = DIRECTION ( 'NONE',  ( -0.0000000000000000000, 1.000000000000000000, -0.0000000000000000000 ) ) ;
#1038 =( GEOMETRIC_REPRESENTATION_CONTEXT ( 3 ) GLOBAL_UNCERTAINTY_ASSIGNED_CONTEXT ( ( #3341 ) ) GLOBAL_UNIT_ASSIGNED_CONTEXT ( ( #241, #550, #3748 ) ) REPRESENTATION_CONTEXT ( 'NONE', 'WORKASPACE' ) );
#1039 = DIRECTION ( 'NONE',  ( -1.000000000000000000, -1.734723475976807400E-017, 0.0000000000000000000 ) ) ;
#1040 = CARTESIAN_POINT ( 'NONE',  ( -8.900000569866989500, 35.75000000000000700, 8.900126457546539500 ) ) ;
#1041 = DIRECTION ( 'NONE',  ( -1.000000000000000000, 0.0000000000000000000, 0.0000000000000000000 ) ) ;
#1042 = ORIENTED_EDGE ( 'NONE', *, *, #3009, .T. ) ;
#1043 = ADVANCED_FACE ( 'NONE', ( #3200 ), #2733, .T. ) ;
#1044 = FACE_OUTER_BOUND ( 'NONE', #841, .T. ) ;
#1045 = CARTESIAN_POINT ( 'NONE',  ( -8.900000000000011000, 14.75462388992310100, 17.89999999999999900 ) ) ;
#1046 = EDGE_LOOP ( 'NONE', ( #252, #2415, #1577, #1798 ) ) ;
#1047 = CARTESIAN_POINT ( 'NONE',  ( -8.900000000000000400, 35.75000000000000700, 0.0000000000000000000 ) ) ;
#1048 = EDGE_CURVE ( 'NONE', #1556, #1878, #2510, .T. ) ;
#1049 = FACE_OUTER_BOUND ( 'NONE', #174, .T. ) ;
#1050 = PRESENTATION_LAYER_ASSIGNMENT (  '', '', ( #932 ) ) ;
#1051 = DIRECTION ( 'NONE',  ( 0.0000000000000000000, -1.000000000000000000, -0.0000000000000000000 ) ) ;
#1052 = CARTESIAN_POINT ( 'NONE',  ( 15.00000000000000900, 97.49999999999992900, -30.00000000000000000 ) ) ;
#1053 = EDGE_LOOP ( 'NONE', ( #2337, #1385, #291, #1105 ) ) ;
#1054 = ORIENTED_EDGE ( 'NONE', *, *, #306, .T. ) ;
#1055 = LINE ( 'NONE', #822, #2043 ) ;
#1056 = CARTESIAN_POINT ( 'NONE',  ( -9.650000569866991300, 35.75000000000000700, 9.650126457546539500 ) ) ;
#1057 = DIRECTION ( 'NONE',  ( 1.000000000000000000, 0.0000000000000000000, 0.0000000000000000000 ) ) ;
#1058 = VERTEX_POINT ( 'NONE', #3334 ) ;
#1059 = LINE ( 'NONE', #1238, #2725 ) ;
#1060 = FACE_BOUND ( 'NONE', #322, .T. ) ;
#1061 = PLANE ( 'NONE',  #1318 ) ;
#1062 = CARTESIAN_POINT ( 'NONE',  ( -17.49999999999999300, 99.99999999999994300, 2.500000000000000000 ) ) ;
#1063 = VECTOR ( 'NONE', #3795, 1000.000000000000000 ) ;
#1064 = VECTOR ( 'NONE', #2839, 1000.000000000000000 ) ;
#1065 = AXIS2_PLACEMENT_3D ( 'NONE', #17, #2974, #2959 ) ;
#1066 = EDGE_CURVE ( 'NONE', #1058, #920, #3293, .T. ) ;
#1067 = DIRECTION ( 'NONE',  ( 0.0000000000000000000, 0.0000000000000000000, -1.000000000000000000 ) ) ;
#1068 = ADVANCED_FACE ( 'NONE', ( #939 ), #1312, .F. ) ;
#1069 = PLANE ( 'NONE',  #3006 ) ;
#1070 = LINE ( 'NONE', #3140, #1740 ) ;
#1071 = ORIENTED_EDGE ( 'NONE', *, *, #1173, .T. ) ;
#1072 = EDGE_CURVE ( 'NONE', #2150, #3217, #1821, .T. ) ;
#1073 = LINE ( 'NONE', #1062, #1168 ) ;
#1074 = CARTESIAN_POINT ( 'NONE',  ( -4.971540367642440100, 35.75000000000000700, 9.650126457546541300 ) ) ;
#1075 = DIRECTION ( 'NONE',  ( 1.000000000000000000, -0.0000000000000000000, 0.0000000000000000000 ) ) ;
#1076 = LINE ( 'NONE', #5, #2331 ) ;
#1077 = ORIENTED_EDGE ( 'NONE', *, *, #2001, .F. ) ;
#1078 = AXIS2_PLACEMENT_3D ( 'NONE', #3524, #2631, #632 ) ;
#1079 = CARTESIAN_POINT ( 'NONE',  ( -8.150000569866989500, 35.75000000000000700, 3.450377687358690000 ) ) ;
#1080 = CARTESIAN_POINT ( 'NONE',  ( -16.80000000000000100, 35.33578643762690800, 18.00000000000000000 ) ) ;
#1081 = LINE ( 'NONE', #2529, #3307 ) ;
#1082 = DIRECTION ( 'NONE',  ( -0.0000000000000000000, 1.000000000000000000, 0.0000000000000000000 ) ) ;
#1083 = VERTEX_POINT ( 'NONE', #1576 ) ;
#1084 = ORIENTED_EDGE ( 'NONE', *, *, #3231, .T. ) ;
#1085 = CARTESIAN_POINT ( 'NONE',  ( 8.499999999999998200, -82.20000000000008800, 0.0000000000000000000 ) ) ;
#1086 = CARTESIAN_POINT ( 'NONE',  ( 0.0000000000000000000, 0.0000000000000000000, -30.00000000000000000 ) ) ;
#1087 = ORIENTED_EDGE ( 'NONE', *, *, #1737, .T. ) ;
#1088 = DIRECTION ( 'NONE',  ( -1.000000000000000000, 0.0000000000000000000, 0.0000000000000000000 ) ) ;
#1089 = ADVANCED_FACE ( 'NONE', ( #422 ), #1733, .F. ) ;
#1090 = CARTESIAN_POINT ( 'NONE',  ( 17.50000000000001100, -100.0000000000000400, 11.79999999999999900 ) ) ;
#1091 = CARTESIAN_POINT ( 'NONE',  ( -14.30712604522700100, 5.000000000000000000, -29.80527936219560200 ) ) ;
#1092 = EDGE_CURVE ( 'NONE', #2000, #3242, #2461, .T. ) ;
#1093 = ORIENTED_EDGE ( 'NONE', *, *, #3413, .F. ) ;
#1094 = EDGE_CURVE ( 'NONE', #3228, #2402, #3522, .T. ) ;
#1095 = DIRECTION ( 'NONE',  ( -0.0000000000000000000, -0.0000000000000000000, 1.000000000000000000 ) ) ;
#1096 = APPLICATION_CONTEXT ( 'automotive_design' ) ;
#1097 = ORIENTED_EDGE ( 'NONE', *, *, #362, .F. ) ;
#1098 = CARTESIAN_POINT ( 'NONE',  ( -14.30712604522700100, 11.00000000000000200, -29.80527936219560200 ) ) ;
#1099 = AXIS2_PLACEMENT_3D ( 'NONE', #1819, #2649, #324 ) ;
#1100 = LINE ( 'NONE', #482, #912 ) ;
#1101 = CARTESIAN_POINT ( 'NONE',  ( 8.500000000000007100, -40.70000000000002400, 2.500000000000000000 ) ) ;
#1102 = CARTESIAN_POINT ( 'NONE',  ( -12.82965461086597400, 35.55000000000000400, 8.150126457546541300 ) ) ;
#1103 = DIRECTION ( 'NONE',  ( 1.242207580000179900E-016, -1.000000000000000000, -5.108572532885540300E-031 ) ) ;
#1104 = LINE ( 'NONE', #436, #2502 ) ;
#1105 = ORIENTED_EDGE ( 'NONE', *, *, #26, .T. ) ;
#1106 = ORIENTED_EDGE ( 'NONE', *, *, #3213, .F. ) ;
#1107 = AXIS2_PLACEMENT_3D ( 'NONE', #1170, #3197, #885 ) ;
#1108 = CYLINDRICAL_SURFACE ( 'NONE', #3044, 5.999999999996729700 ) ;
#1109 = CARTESIAN_POINT ( 'NONE',  ( -6.250000000000009800, 17.87500000000000400, 13.99999999999999800 ) ) ;
#1110 =( NAMED_UNIT ( * ) PLANE_ANGLE_UNIT ( ) SI_UNIT ( $, .RADIAN. ) );
#1111 = ADVANCED_FACE ( 'NONE', ( #380 ), #1108, .T. ) ;
#1112 = DIRECTION ( 'NONE',  ( 0.0000000000000000000, 0.0000000000000000000, 1.000000000000000000 ) ) ;
#1113 = VERTEX_POINT ( 'NONE', #2157 ) ;
#1114 = CARTESIAN_POINT ( 'NONE',  ( -17.49999999999999600, -100.0000000000000400, 2.500000000000000000 ) ) ;
#1115 = LINE ( 'NONE', #801, #1646 ) ;
#1116 = CARTESIAN_POINT ( 'NONE',  ( -1.747106410584458700E-015, 14.16421356237310100, 13.00000000000000200 ) ) ;
#1117 = AXIS2_PLACEMENT_3D ( 'NONE', #1124, #257, #3427 ) ;
#1118 = LINE ( 'NONE', #2585, #236 ) ;
#1119 = ORIENTED_EDGE ( 'NONE', *, *, #2874, .T. ) ;
#1120 = CARTESIAN_POINT ( 'NONE',  ( -11.55000000000000100, 11.75462388992309900, 13.99999999999999800 ) ) ;
#1121 = CYLINDRICAL_SURFACE ( 'NONE', #3610, 1.000000000000000900 ) ;
#1122 = AXIS2_PLACEMENT_3D ( 'NONE', #499, #2268, #2209 ) ;
#1123 = ORIENTED_EDGE ( 'NONE', *, *, #1782, .F. ) ;
#1124 = CARTESIAN_POINT ( 'NONE',  ( 0.0000000000000000000, 0.0000000000000000000, 0.0000000000000000000 ) ) ;
#1125 = DIRECTION ( 'NONE',  ( -0.0000000000000000000, -0.0000000000000000000, -1.000000000000000000 ) ) ;
#1126 = ORIENTED_EDGE ( 'NONE', *, *, #3708, .T. ) ;
#1127 = VECTOR ( 'NONE', #563, 1000.000000000000000 ) ;
#1128 = CARTESIAN_POINT ( 'NONE',  ( -3.500000000000010200, 11.00000000000000200, 0.0000000000000000000 ) ) ;
#1129 = ORIENTED_EDGE ( 'NONE', *, *, #2532, .T. ) ;
#1130 = ORIENTED_EDGE ( 'NONE', *, *, #1758, .F. ) ;
#1131 = EDGE_CURVE ( 'NONE', #3217, #2402, #968, .T. ) ;
#1132 = DIRECTION ( 'NONE',  ( 1.000000000000000000, 0.0000000000000000000, 0.0000000000000000000 ) ) ;
#1133 = CARTESIAN_POINT ( 'NONE',  ( 13.50000000000001100, 2.341876692568691500E-016, 2.500000000000000000 ) ) ;
#1134 = SHAPE_REPRESENTATION ( 'door detail with lock sensor', ( #51, #1488, #2188 ), #382 ) ;
#1135 = AXIS2_PLACEMENT_3D ( 'NONE', #2489, #1301, #134 ) ;
#1136 = VERTEX_POINT ( 'NONE', #437 ) ;
#1137 = EDGE_LOOP ( 'NONE', ( #2498, #2447, #389, #3074 ) ) ;
#1138 = VERTEX_POINT ( 'NONE', #729 ) ;
#1139 = CARTESIAN_POINT ( 'NONE',  ( 0.0000000000000000000, 0.0000000000000000000, 0.0000000000000000000 ) ) ;
#1140 = PLANE ( 'NONE',  #3199 ) ;
#1141 = EDGE_LOOP ( 'NONE', ( #488, #3675, #2433, #43 ) ) ;
#1142 = VERTEX_POINT ( 'NONE', #3034 ) ;
#1143 = DIRECTION ( 'NONE',  ( 0.0000000000000000000, -1.000000000000000000, 0.0000000000000000000 ) ) ;
#1144 = DIRECTION ( 'NONE',  ( 0.0000000000000000000, -1.000000000000000000, 0.0000000000000000000 ) ) ;
#1145 = VERTEX_POINT ( 'NONE', #1302 ) ;
#1146 = DIRECTION ( 'NONE',  ( 0.0000000000000000000, 0.0000000000000000000, 1.000000000000000000 ) ) ;
#1147 = EDGE_CURVE ( 'NONE', #2109, #2610, #3155, .T. ) ;
#1148 = LINE ( 'NONE', #2998, #1410 ) ;
#1149 = ADVANCED_FACE ( 'NONE', ( #225 ), #1033, .T. ) ;
#1150 = EDGE_CURVE ( 'NONE', #3590, #1271, #2232, .T. ) ;
#1151 =( NAMED_UNIT ( * ) PLANE_ANGLE_UNIT ( ) SI_UNIT ( $, .RADIAN. ) );
#1152 = EDGE_CURVE ( 'NONE', #2458, #517, #179, .T. ) ;
#1153 = DIRECTION ( 'NONE',  ( 1.000000000000000000, 0.0000000000000000000, -0.0000000000000000000 ) ) ;
#1154 = AXIS2_PLACEMENT_3D ( 'NONE', #3132, #1945, #2557 ) ;
#1155 = ORIENTED_EDGE ( 'NONE', *, *, #2163, .T. ) ;
#1156 = FACE_OUTER_BOUND ( 'NONE', #3539, .T. ) ;
#1157 = CARTESIAN_POINT ( 'NONE',  ( -8.500000000000001800, -82.20000000000008800, 2.500000000000000000 ) ) ;
#1158 = UNCERTAINTY_MEASURE_WITH_UNIT (LENGTH_MEASURE( 1.000000000000000100E-005 ), #227, 'distance_accuracy_value', 'NONE');
#1159 = ORIENTED_EDGE ( 'NONE', *, *, #3509, .T. ) ;
#1160 = VECTOR ( 'NONE', #653, 1000.000000000000000 ) ;
#1161 = FACE_OUTER_BOUND ( 'NONE', #1708, .T. ) ;
#1162 = VECTOR ( 'NONE', #3380, 1000.000000000000000 ) ;
#1163 = VECTOR ( 'NONE', #2221, 1000.000000000000000 ) ;
#1164 = ADVANCED_FACE ( 'NONE', ( #2641 ), #1858, .T. ) ;
#1165 = CIRCLE ( 'NONE', #2223, 3.000000000000000000 ) ;
#1166 = DIRECTION ( 'NONE',  ( 0.0000000000000000000, -1.000000000000000000, 0.0000000000000000000 ) ) ;
#1167 = ORIENTED_EDGE ( 'NONE', *, *, #561, .F. ) ;
#1168 = VECTOR ( 'NONE', #3095, 1000.000000000000000 ) ;
#1169 = DIRECTION ( 'NONE',  ( -0.0000000000000000000, 1.000000000000000000, 0.0000000000000000000 ) ) ;
#1170 = CARTESIAN_POINT ( 'NONE',  ( -8.500000000000001800, -82.20000000000008800, 2.500000000000000000 ) ) ;
#1171 = VECTOR ( 'NONE', #1755, 1000.000000000000000 ) ;
#1172 = ORIENTED_EDGE ( 'NONE', *, *, #2552, .F. ) ;
#1173 = EDGE_CURVE ( 'NONE', #3513, #1751, #3005, .T. ) ;
#1174 = ORIENTED_EDGE ( 'NONE', *, *, #927, .T. ) ;
#1175 = VECTOR ( 'NONE', #776, 1000.000000000000000 ) ;
#1176 = COLOUR_RGB ( '',0.7921568627450980000, 0.8196078431372548800, 0.9333333333333333500 ) ;
#1177 = EDGE_CURVE ( 'NONE', #2941, #2547, #921, .T. ) ;
#1178 = ORIENTED_EDGE ( 'NONE', *, *, #3517, .F. ) ;
#1179 = ORIENTED_EDGE ( 'NONE', *, *, #954, .F. ) ;
#1180 = CARTESIAN_POINT ( 'NONE',  ( -11.55000000000000100, 11.75462388992309900, 16.89999999999999900 ) ) ;
#1181 = ORIENTED_EDGE ( 'NONE', *, *, #1592, .F. ) ;
#1182 = CARTESIAN_POINT ( 'NONE',  ( 1.377482329491610700E-016, 17.92157287525382300, 17.58578643762690800 ) ) ;
#1183 = DIRECTION ( 'NONE',  ( -0.0000000000000000000, -0.0000000000000000000, -1.000000000000000000 ) ) ;
#1184 = ADVANCED_FACE ( 'NONE', ( #838 ), #1900, .F. ) ;
#1185 = CARTESIAN_POINT ( 'NONE',  ( -0.9999999999999978900, 1.000000000000000900, 13.00000000000000200 ) ) ;
#1186 = ORIENTED_EDGE ( 'NONE', *, *, #2321, .F. ) ;
#1187 = AXIS2_PLACEMENT_3D ( 'NONE', #2802, #1329, #1067 ) ;
#1188 = ORIENTED_EDGE ( 'NONE', *, *, #1644, .T. ) ;
#1189 = CARTESIAN_POINT ( 'NONE',  ( 1.040565744906462200E-015, 0.6568542494923804700, 13.58578643762691000 ) ) ;
#1190 = DIRECTION ( 'NONE',  ( 0.0000000000000000000, 0.0000000000000000000, 1.000000000000000000 ) ) ;
#1191 = VECTOR ( 'NONE', #2120, 1000.000000000000000 ) ;
#1192 = SHAPE_REPRESENTATION ( 'SN04-N', ( #1117 ), #1308 ) ;
#1193 = AXIS2_PLACEMENT_3D ( 'NONE', #3157, #805, #242 ) ;
#1194 = EDGE_CURVE ( 'NONE', #3582, #1556, #693, .T. ) ;
#1195 = EDGE_CURVE ( 'NONE', #635, #2871, #3794, .T. ) ;
#1196 = CARTESIAN_POINT ( 'NONE',  ( -1.000000000000000000, 1.000000000000000000, 0.0000000000000000000 ) ) ;
#1197 = ORIENTED_EDGE ( 'NONE', *, *, #489, .T. ) ;
#1198 = EDGE_LOOP ( 'NONE', ( #149, #2202, #2981, #3625, #3306 ) ) ;
#1199 = VECTOR ( 'NONE', #3559, 1000.000000000000000 ) ;
#1200 = ADVANCED_FACE ( 'NONE', ( #1730 ), #2228, .F. ) ;
#1201 = MANIFOLD_SOLID_BREP ( 'Boss-Extrude4', #301 ) ;
#1202 = ORIENTED_EDGE ( 'NONE', *, *, #1152, .F. ) ;
#1203 = DIRECTION ( 'NONE',  ( 1.000000000000000000, 0.0000000000000000000, 0.0000000000000000000 ) ) ;
#1204 = DIRECTION ( 'NONE',  ( -1.000000000000000000, 0.0000000000000000000, -0.0000000000000000000 ) ) ;
#1205 = LINE ( 'NONE', #1972, #426 ) ;
#1206 = LINE ( 'NONE', #262, #1651 ) ;
#1207 = VECTOR ( 'NONE', #3039, 1000.000000000000000 ) ;
#1208 = CARTESIAN_POINT ( 'NONE',  ( 0.0000000000000000000, 35.33578643762690800, 17.00000000000000000 ) ) ;
#1209 = APPLICATION_CONTEXT ( 'automotive_design' ) ;
#1210 = LINE ( 'NONE', #1988, #935 ) ;
#1211 = VERTEX_POINT ( 'NONE', #2230 ) ;
#1212 = CARTESIAN_POINT ( 'NONE',  ( -12.90000000000000000, -1.249999999999999800, 4.236770495056200400 ) ) ;
#1213 = ORIENTED_EDGE ( 'NONE', *, *, #728, .F. ) ;
#1214 = CARTESIAN_POINT ( 'NONE',  ( -1.000000000000000200, 1.000000000000001800, 14.00000000000000200 ) ) ;
#1215 = STYLED_ITEM ( 'NONE', ( #2005 ), #109 ) ;
#1216 = PLANE ( 'NONE',  #2798 ) ;
#1217 = VECTOR ( 'NONE', #1262, 1000.000000000000000 ) ;
#1218 = ORIENTED_EDGE ( 'NONE', *, *, #1546, .T. ) ;
#1219 = ORIENTED_EDGE ( 'NONE', *, *, #2987, .F. ) ;
#1220 = EDGE_CURVE ( 'NONE', #3724, #2390, #648, .T. ) ;
#1221 = PRESENTATION_STYLE_ASSIGNMENT (( #1677 ) ) ;
#1222 = EDGE_CURVE ( 'NONE', #2977, #1681, #1817, .T. ) ;
#1223 = CARTESIAN_POINT ( 'NONE',  ( -0.4142135623730951500, 34.75000000000000000, 18.00000000000000000 ) ) ;
#1224 = ORIENTED_EDGE ( 'NONE', *, *, #607, .F. ) ;
#1225 = ORIENTED_EDGE ( 'NONE', *, *, #1378, .F. ) ;
#1226 = PLANE ( 'NONE',  #2923 ) ;
#1227 = CARTESIAN_POINT ( 'NONE',  ( 17.50000000000001100, -100.0000000000000400, -32.50000000000000000 ) ) ;
#1228 = CARTESIAN_POINT ( 'NONE',  ( 17.50000000000001100, -100.0000000000000400, 11.79999999999999900 ) ) ;
#1229 = ORIENTED_EDGE ( 'NONE', *, *, #82, .T. ) ;
#1230 = EDGE_LOOP ( 'NONE', ( #1721, #3268, #1296, #2961 ) ) ;
#1231 = ORIENTED_EDGE ( 'NONE', *, *, #3106, .F. ) ;
#1232 = CARTESIAN_POINT ( 'NONE',  ( -1.500000000000010000, 11.00000000000000200, 13.99999999999999500 ) ) ;
#1233 = FACE_OUTER_BOUND ( 'NONE', #129, .T. ) ;
#1234 = DIRECTION ( 'NONE',  ( -1.000000000000000000, -0.0000000000000000000, -0.0000000000000000000 ) ) ;
#1235 = CARTESIAN_POINT ( 'NONE',  ( -16.80000000000000100, 1.734723475976807100E-015, 13.58578643762690800 ) ) ;
#1236 = LINE ( 'NONE', #1074, #1994 ) ;
#1237 = DIRECTION ( 'NONE',  ( 0.0000000000000000000, -1.000000000000000000, 0.0000000000000000000 ) ) ;
#1238 = CARTESIAN_POINT ( 'NONE',  ( 17.50000000000001100, -97.50000000000004300, -30.00000000000000000 ) ) ;
#1239 = CARTESIAN_POINT ( 'NONE',  ( -9.650000569866991300, 35.75000000000000700, 8.150126457546541300 ) ) ;
#1240 = VERTEX_POINT ( 'NONE', #2831 ) ;
#1241 = VERTEX_POINT ( 'NONE', #1370 ) ;
#1242 = SURFACE_STYLE_FILL_AREA ( #1398 ) ;
#1243 = ORIENTED_EDGE ( 'NONE', *, *, #3386, .F. ) ;
#1244 = DIRECTION ( 'NONE',  ( 1.000000000000000000, 0.0000000000000000000, -2.043846688811130000E-031 ) ) ;
#1245 = LINE ( 'NONE', #2912, #3618 ) ;
#1246 = CARTESIAN_POINT ( 'NONE',  ( -12.30712604522700100, 11.00000000000000200, 13.99999999999999500 ) ) ;
#1247 = FACE_OUTER_BOUND ( 'NONE', #1499, .T. ) ;
#1248 = DIRECTION ( 'NONE',  ( 0.0000000000000000000, -1.000000000000000000, 0.0000000000000000000 ) ) ;
#1249 = LINE ( 'NONE', #3240, #231 ) ;
#1250 = VECTOR ( 'NONE', #1581, 1000.000000000000000 ) ;
#1251 = AXIS2_PLACEMENT_3D ( 'NONE', #1616, #3644, #161 ) ;
#1252 = DIRECTION ( 'NONE',  ( 1.278665952808457400E-016, -1.000000000000000000, 0.0000000000000000000 ) ) ;
#1253 = VECTOR ( 'NONE', #2757, 1000.000000000000000 ) ;
#1254 = ORIENTED_EDGE ( 'NONE', *, *, #2816, .T. ) ;
#1255 = DIRECTION ( 'NONE',  ( 1.734723475976807400E-017, 1.000000000000000000, 0.0000000000000000000 ) ) ;
#1256 = FACE_OUTER_BOUND ( 'NONE', #3491, .T. ) ;
#1257 = VECTOR ( 'NONE', #2028, 1000.000000000000000 ) ;
#1258 = DIRECTION ( 'NONE',  ( 0.0000000000000000000, -1.000000000000000000, 0.0000000000000000000 ) ) ;
#1259 = EDGE_LOOP ( 'NONE', ( #637, #665, #2943, #3266 ) ) ;
#1260 = ORIENTED_EDGE ( 'NONE', *, *, #1851, .F. ) ;
#1261 = LINE ( 'NONE', #3072, #297 ) ;
#1262 = DIRECTION ( 'NONE',  ( -0.0000000000000000000, 1.000000000000000000, -0.0000000000000000000 ) ) ;
#1263 = AXIS2_PLACEMENT_3D ( 'NONE', #1086, #3169, #2867 ) ;
#1264 = ORIENTED_EDGE ( 'NONE', *, *, #969, .F. ) ;
#1265 = EDGE_LOOP ( 'NONE', ( #3501, #1326, #3141, #273 ) ) ;
#1266 =( NAMED_UNIT ( * ) SI_UNIT ( $, .STERADIAN. ) SOLID_ANGLE_UNIT ( ) );
#1267 = EDGE_CURVE ( 'NONE', #2506, #2656, #1055, .T. ) ;
#1268 = DIRECTION ( 'NONE',  ( -1.000000000000000000, 0.0000000000000000000, 0.0000000000000000000 ) ) ;
#1269 = EDGE_CURVE ( 'NONE', #3179, #85, #274, .T. ) ;
#1270 = CARTESIAN_POINT ( 'NONE',  ( -17.80000000000000100, 34.75000000000000000, 17.58578643762690400 ) ) ;
#1271 = VERTEX_POINT ( 'NONE', #781 ) ;
#1272 = MANIFOLD_SOLID_BREP ( 'Fillet1', #1461 ) ;
#1273 = DIRECTION ( 'NONE',  ( -0.0000000000000000000, -0.0000000000000000000, -1.000000000000000000 ) ) ;
#1274 = DIRECTION ( 'NONE',  ( 0.0000000000000000000, 0.0000000000000000000, -1.000000000000000000 ) ) ;
#1275 = ORIENTED_EDGE ( 'NONE', *, *, #1405, .T. ) ;
#1276 = DIRECTION ( 'NONE',  ( 1.000000000000000000, -5.178279032766587900E-017, 0.0000000000000000000 ) ) ;
#1277 = FACE_OUTER_BOUND ( 'NONE', #763, .T. ) ;
#1278 = ORIENTED_EDGE ( 'NONE', *, *, #3416, .F. ) ;
#1279 = ORIENTED_EDGE ( 'NONE', *, *, #2741, .T. ) ;
#1280 = CARTESIAN_POINT ( 'NONE',  ( -4.899999999999999500, 2.444584865471880200E-016, 2.849999999999999600 ) ) ;
#1281 = VECTOR ( 'NONE', #869, 1000.000000000000000 ) ;
#1282 = CARTESIAN_POINT ( 'NONE',  ( -16.80000000000000100, 1.000000000000000400, 13.00000000000000200 ) ) ;
#1283 = CARTESIAN_POINT ( 'NONE',  ( -16.80000000000000100, 17.75000000000000700, 18.00000000000000400 ) ) ;
#1284 = LINE ( 'NONE', #2399, #46 ) ;
#1285 = EDGE_CURVE ( 'NONE', #2926, #2506, #3702, .T. ) ;
#1286 = CARTESIAN_POINT ( 'NONE',  ( -8.900000569866989500, 35.55000000000000400, 9.650126457546539500 ) ) ;
#1287 = ORIENTED_EDGE ( 'NONE', *, *, #1147, .F. ) ;
#1288 = PRODUCT ( 'door lock detail', 'door lock detail', '', ( #1463 ) ) ;
#1289 = LINE ( 'NONE', #2674, #1638 ) ;
#1290 = EDGE_CURVE ( 'NONE', #2381, #652, #1284, .T. ) ;
#1291 = DIRECTION ( 'NONE',  ( 0.0000000000000000000, -1.000000000000000000, -0.0000000000000000000 ) ) ;
#1292 = ORIENTED_EDGE ( 'NONE', *, *, #3148, .F. ) ;
#1293 = LINE ( 'NONE', #3648, #611 ) ;
#1294 = PLANE ( 'NONE',  #1722 ) ;
#1295 = FACE_OUTER_BOUND ( 'NONE', #1035, .T. ) ;
#1296 = ORIENTED_EDGE ( 'NONE', *, *, #2170, .F. ) ;
#1297 = DIRECTION ( 'NONE',  ( 0.0000000000000000000, 1.000000000000000000, 0.0000000000000000000 ) ) ;
#1298 = DIRECTION ( 'NONE',  ( 0.0000000000000000000, 0.0000000000000000000, 1.000000000000000000 ) ) ;
#1299 = LINE ( 'NONE', #2746, #751 ) ;
#1300 = VERTEX_POINT ( 'NONE', #3572 ) ;
#1301 = DIRECTION ( 'NONE',  ( 0.0000000000000000000, 1.000000000000000000, 0.0000000000000000000 ) ) ;
#1302 = CARTESIAN_POINT ( 'NONE',  ( -12.30712604522700100, 5.000000000000000000, 0.0000000000000000000 ) ) ;
#1303 = ORIENTED_EDGE ( 'NONE', *, *, #532, .T. ) ;
#1304 = DIRECTION ( 'NONE',  ( 1.000000000000000000, 0.0000000000000000000, 0.0000000000000000000 ) ) ;
#1305 = LINE ( 'NONE', #275, #3351 ) ;
#1306 = ORIENTED_EDGE ( 'NONE', *, *, #1934, .T. ) ;
#1307 = ORIENTED_EDGE ( 'NONE', *, *, #1290, .T. ) ;
#1308 =( GEOMETRIC_REPRESENTATION_CONTEXT ( 3 ) GLOBAL_UNCERTAINTY_ASSIGNED_CONTEXT ( ( #2492 ) ) GLOBAL_UNIT_ASSIGNED_CONTEXT ( ( #562, #1151, #844 ) ) REPRESENTATION_CONTEXT ( 'NONE', 'WORKASPACE' ) );
#1309 = ORIENTED_EDGE ( 'NONE', *, *, #10, .T. ) ;
#1310 = AXIS2_PLACEMENT_3D ( 'NONE', #3459, #522, #2846 ) ;
#1311 = CARTESIAN_POINT ( 'NONE',  ( -8.150000569866991300, 35.55000000000000400, 12.82605776176288800 ) ) ;
#1312 = PLANE ( 'NONE',  #45 ) ;
#1313 =( BOUNDED_CURVE ( )  B_SPLINE_CURVE ( 3, ( #1700, #3150, #263, #235 ),
 .UNSPECIFIED., .F., .F. ) 
 B_SPLINE_CURVE_WITH_KNOTS ( ( 4, 4 ),
 ( 1.570796326794896600, 3.141592653589793100 ),
 .UNSPECIFIED. ) 
 CURVE ( )  GEOMETRIC_REPRESENTATION_ITEM ( )  RATIONAL_B_SPLINE_CURVE ( ( 1.000000000000000000, 0.8047378541243649400, 0.8047378541243649400, 1.000000000000000000 ) ) 
 REPRESENTATION_ITEM ( '' )  );
#1314 = DIRECTION ( 'NONE',  ( -1.000000000000000000, 0.0000000000000000000, 0.0000000000000000000 ) ) ;
#1315 = ORIENTED_EDGE ( 'NONE', *, *, #1131, .F. ) ;
#1316 = EDGE_CURVE ( 'NONE', #1867, #541, #965, .T. ) ;
#1317 = VERTEX_POINT ( 'NONE', #3611 ) ;
#1318 = AXIS2_PLACEMENT_3D ( 'NONE', #1947, #2235, #1631 ) ;
#1319 = DIRECTION ( 'NONE',  ( -1.000000000000000000, -0.0000000000000000000, -0.0000000000000000000 ) ) ;
#1320 = LINE ( 'NONE', #1466, #3144 ) ;
#1321 = CARTESIAN_POINT ( 'NONE',  ( -8.500000000000000000, 40.69999999999998200, 2.500000000000000000 ) ) ;
#1322 = LINE ( 'NONE', #461, #39 ) ;
#1323 = CARTESIAN_POINT ( 'NONE',  ( -0.9999999999999988900, 1.000000000000000700, 14.00000000000000000 ) ) ;
#1324 = DIRECTION ( 'NONE',  ( 1.000000000000000000, 0.0000000000000000000, 0.0000000000000000000 ) ) ;
#1325 = ORIENTED_EDGE ( 'NONE', *, *, #3317, .T. ) ;
#1326 = ORIENTED_EDGE ( 'NONE', *, *, #1805, .F. ) ;
#1327 = DIRECTION ( 'NONE',  ( 0.0000000000000000000, 0.0000000000000000000, 1.000000000000000000 ) ) ;
#1328 = ORIENTED_EDGE ( 'NONE', *, *, #1072, .T. ) ;
#1329 = DIRECTION ( 'NONE',  ( 0.0000000000000000000, -1.000000000000000000, 0.0000000000000000000 ) ) ;
#1330 = ADVANCED_FACE ( 'NONE', ( #2823 ), #90, .F. ) ;
#1331 = LINE ( 'NONE', #2795, #842 ) ;
#1332 = EDGE_CURVE ( 'NONE', #517, #1710, #2681, .T. ) ;
#1333 = CARTESIAN_POINT ( 'NONE',  ( -8.900000000000000400, 13.75000000000000000, 13.99999999999999800 ) ) ;
#1334 = CARTESIAN_POINT ( 'NONE',  ( -1.000000000000000000, 17.87500000000000400, 13.00000000000000200 ) ) ;
#1335 = LINE ( 'NONE', #2308, #443 ) ;
#1336 = VECTOR ( 'NONE', #2467, 1000.000000000000000 ) ;
#1337 = EDGE_CURVE ( 'NONE', #2402, #68, #2277, .T. ) ;
#1338 = AXIS2_PLACEMENT_3D ( 'NONE', #709, #2768, #2739 ) ;
#1339 = VECTOR ( 'NONE', #1643, 1000.000000000000000 ) ;
#1340 = CARTESIAN_POINT ( 'NONE',  ( -9.650000569866989500, 35.75000000000000700, 14.84993980027950400 ) ) ;
#1341 = ORIENTED_EDGE ( 'NONE', *, *, #2346, .T. ) ;
#1342 = DIRECTION ( 'NONE',  ( 0.0000000000000000000, -1.000000000000000000, -0.0000000000000000000 ) ) ;
#1343 = VECTOR ( 'NONE', #1747, 1000.000000000000000 ) ;
#1344 = ORIENTED_EDGE ( 'NONE', *, *, #630, .F. ) ;
#1345 = CARTESIAN_POINT ( 'NONE',  ( -11.80473807952257700, 35.55000000000000400, 9.650126457546539500 ) ) ;
#1346 = ORIENTED_EDGE ( 'NONE', *, *, #3517, .T. ) ;
#1347 = FACE_OUTER_BOUND ( 'NONE', #1914, .T. ) ;
#1348 = PLANE ( 'NONE',  #1845 ) ;
#1349 = FACE_OUTER_BOUND ( 'NONE', #2210, .T. ) ;
#1350 = VERTEX_POINT ( 'NONE', #2699 ) ;
#1351 = VERTEX_POINT ( 'NONE', #1533 ) ;
#1352 = DIRECTION ( 'NONE',  ( 0.0000000000000000000, -1.000000000000000000, 0.0000000000000000000 ) ) ;
#1353 = ADVANCED_FACE ( 'NONE', ( #1156 ), #3099, .T. ) ;
#1354 = DIRECTION ( 'NONE',  ( 0.0000000000000000000, 0.0000000000000000000, 1.000000000000000000 ) ) ;
#1355 = EDGE_CURVE ( 'NONE', #1138, #2852, #879, .T. ) ;
#1356 = PLANE ( 'NONE',  #3639 ) ;
#1357 = DIRECTION ( 'NONE',  ( -1.091129696209300000E-015, 0.0000000000000000000, -1.000000000000000000 ) ) ;
#1358 = DIRECTION ( 'NONE',  ( 0.0000000000000000000, -0.0000000000000000000, 1.000000000000000000 ) ) ;
#1359 = MANIFOLD_SOLID_BREP ( 'Boss-Extrude5', #465 ) ;
#1360 = DIRECTION ( 'NONE',  ( 0.0000000000000000000, 0.7071067811865474600, 0.7071067811865474600 ) ) ;
#1361 = EDGE_CURVE ( 'NONE', #2547, #1902, #2314, .T. ) ;
#1362 = ORIENTED_EDGE ( 'NONE', *, *, #230, .T. ) ;
#1363 = LINE ( 'NONE', #2948, #3281 ) ;
#1364 = CARTESIAN_POINT ( 'NONE',  ( -8.900000569866989500, 35.75000000000000700, 15.89699935038745700 ) ) ;
#1365 = VERTEX_POINT ( 'NONE', #948 ) ;
#1366 = CARTESIAN_POINT ( 'NONE',  ( 15.00000000000000900, 99.99999999999994300, 0.0000000000000000000 ) ) ;
#1367 = VECTOR ( 'NONE', #2363, 1000.000000000000000 ) ;
#1368 = AXIS2_PLACEMENT_3D ( 'NONE', #1334, #2751, #769 ) ;
#1369 = ADVANCED_FACE ( 'NONE', ( #1005 ), #983, .T. ) ;
#1370 = CARTESIAN_POINT ( 'NONE',  ( -8.900000000000030600, -1.250000000000000000, 7.750000000000000000 ) ) ;
#1371 = VERTEX_POINT ( 'NONE', #2673 ) ;
#1372 = VECTOR ( 'NONE', #994, 1000.000000000000000 ) ;
#1373 = CARTESIAN_POINT ( 'NONE',  ( -12.30712604522700100, 5.000000000000000000, -29.80527936219560200 ) ) ;
#1374 = AXIS2_PLACEMENT_3D ( 'NONE', #765, #2178, #1357 ) ;
#1375 = CARTESIAN_POINT ( 'NONE',  ( -8.900000569866989500, 35.75000000000000700, 8.896999350387458700 ) ) ;
#1376 = FACE_BOUND ( 'NONE', #2190, .T. ) ;
#1377 = LINE ( 'NONE', #255, #2790 ) ;
#1378 = EDGE_CURVE ( 'NONE', #2150, #1350, #371, .T. ) ;
#1379 = CARTESIAN_POINT ( 'NONE',  ( -9.650000569866991300, 35.55000000000000400, 8.896999350387458700 ) ) ;
#1380 = CIRCLE ( 'NONE', #66, 3.000000000000000000 ) ;
#1381 = VERTEX_POINT ( 'NONE', #2422 ) ;
#1382 = EDGE_CURVE ( 'NONE', #710, #3449, #1582, .T. ) ;
#1383 = SURFACE_STYLE_USAGE ( .BOTH. , #2818 ) ;
#1384 = LINE ( 'NONE', #2052, #392 ) ;
#1385 = ORIENTED_EDGE ( 'NONE', *, *, #876, .F. ) ;
#1386 = CARTESIAN_POINT ( 'NONE',  ( 4.850000000000001400, -30.00000000000000000, 2.299999999999998900 ) ) ;
#1387 = ADVANCED_FACE ( 'NONE', ( #1894 ), #169, .T. ) ;
#1388 = DIRECTION ( 'NONE',  ( 1.000000000000000000, 0.0000000000000000000, 0.0000000000000000000 ) ) ;
#1389 = CARTESIAN_POINT ( 'NONE',  ( -17.49999999999999300, 99.99999999999994300, -32.50000000000000000 ) ) ;
#1390 = AXIS2_PLACEMENT_3D ( 'NONE', #372, #54, #2382 ) ;
#1391 = VERTEX_POINT ( 'NONE', #1311 ) ;
#1392 =( NAMED_UNIT ( * ) PLANE_ANGLE_UNIT ( ) SI_UNIT ( $, .RADIAN. ) );
#1393 = FACE_BOUND ( 'NONE', #716, .T. ) ;
#1394 = ORIENTED_EDGE ( 'NONE', *, *, #1194, .F. ) ;
#1395 = ORIENTED_EDGE ( 'NONE', *, *, #3340, .F. ) ;
#1396 = DIRECTION ( 'NONE',  ( 1.000000000000000000, 0.0000000000000000000, 0.0000000000000000000 ) ) ;
#1397 = ORIENTED_EDGE ( 'NONE', *, *, #1361, .T. ) ;
#1398 = FILL_AREA_STYLE ('',( #3143 ) ) ;
#1399 = CARTESIAN_POINT ( 'NONE',  ( -4.970346528868032200, 35.55000000000000400, 8.150126457546541300 ) ) ;
#1400 = CARTESIAN_POINT ( 'NONE',  ( -8.150000569866989500, 35.55000000000000400, 8.896999350387458700 ) ) ;
#1401 = CARTESIAN_POINT ( 'NONE',  ( -13.33594566263990100, 35.75000000000000700, 9.650126457546539500 ) ) ;
#1402 = CARTESIAN_POINT ( 'NONE',  ( -8.150000569866989500, 35.75000000000000700, 5.995388947890980100 ) ) ;
#1403 = AXIS2_PLACEMENT_3D ( 'NONE', #1375, #1665, #533 ) ;
#1404 = EDGE_LOOP ( 'NONE', ( #1772, #578, #2213, #2620, #1084, #3116, #2815, #354 ) ) ;
#1405 = EDGE_CURVE ( 'NONE', #2852, #2928, #319, .T. ) ;
#1406 =( LENGTH_UNIT ( ) NAMED_UNIT ( * ) SI_UNIT ( .MILLI., .METRE. ) );
#1407 = ADVANCED_FACE ( 'NONE', ( #3375 ), #2720, .F. ) ;
#1408 = EDGE_CURVE ( 'NONE', #2220, #3135, #834, .T. ) ;
#1409 = AXIS2_PLACEMENT_3D ( 'NONE', #2479, #2219, #3691 ) ;
#1410 = VECTOR ( 'NONE', #2117, 1000.000000000000000 ) ;
#1411 = DIRECTION ( 'NONE',  ( -1.000000000000000000, -0.0000000000000000000, -0.0000000000000000000 ) ) ;
#1412 = PLANE ( 'NONE',  #2742 ) ;
#1413 = VECTOR ( 'NONE', #1360, 1000.000000000000100 ) ;
#1414 = ORIENTED_EDGE ( 'NONE', *, *, #2344, .F. ) ;
#1415 = VERTEX_POINT ( 'NONE', #3021 ) ;
#1416 = AXIS2_PLACEMENT_3D ( 'NONE', #3737, #3100, #791 ) ;
#1417 = VECTOR ( 'NONE', #3260, 1000.000000000000000 ) ;
#1418 =( NAMED_UNIT ( * ) SI_UNIT ( $, .STERADIAN. ) SOLID_ANGLE_UNIT ( ) );
#1419 = CARTESIAN_POINT ( 'NONE',  ( -8.150000569866989500, 35.75000000000000700, 7.072757702718760700 ) ) ;
#1420 = EDGE_LOOP ( 'NONE', ( #1087, #2391, #1186, #2292 ) ) ;
#1421 = DIRECTION ( 'NONE',  ( -0.0000000000000000000, -0.0000000000000000000, -1.000000000000000000 ) ) ;
#1422 = CIRCLE ( 'NONE', #3173, 2.000000000000000000 ) ;
#1423 = CARTESIAN_POINT ( 'NONE',  ( 4.850000000000001400, 30.00000000000000400, -8.400000000000003900 ) ) ;
#1424 = MECHANICAL_DESIGN_GEOMETRIC_PRESENTATION_REPRESENTATION (  '', ( #3383 ), #406 ) ;
#1425 = CARTESIAN_POINT ( 'NONE',  ( -9.650000569866991300, 35.75000000000000700, 4.462318706618639800 ) ) ;
#1426 = FACE_BOUND ( 'NONE', #2654, .T. ) ;
#1427 = EDGE_CURVE ( 'NONE', #1023, #1578, #416, .T. ) ;
#1428 = LINE ( 'NONE', #2158, #2185 ) ;
#1429 = ORIENTED_EDGE ( 'NONE', *, *, #2029, .T. ) ;
#1430 = APPLICATION_CONTEXT ( 'automotive_design' ) ;
#1431 = VECTOR ( 'NONE', #219, 1000.000000000000000 ) ;
#1432 = ORIENTED_EDGE ( 'NONE', *, *, #1355, .T. ) ;
#1433 = CONTEXT_DEPENDENT_SHAPE_REPRESENTATION ( #34, #3 ) ;
#1434 = VERTEX_POINT ( 'NONE', #3075 ) ;
#1435 = VECTOR ( 'NONE', #3176, 1000.000000000000000 ) ;
#1436 = CARTESIAN_POINT ( 'NONE',  ( -1.500000000000030000, 5.000000000000000000, 0.0000000000000000000 ) ) ;
#1437 = DIRECTION ( 'NONE',  ( 1.278665952808457400E-016, -1.000000000000000000, 0.0000000000000000000 ) ) ;
#1438 = AXIS2_PLACEMENT_3D ( 'NONE', #873, #234, #1687 ) ;
#1439 = ORIENTED_EDGE ( 'NONE', *, *, #3138, .T. ) ;
#1440 = EDGE_LOOP ( 'NONE', ( #3243, #3336, #2789, #620 ) ) ;
#1441 = ORIENTED_EDGE ( 'NONE', *, *, #2711, .T. ) ;
#1442 = CARTESIAN_POINT ( 'NONE',  ( -17.49999999999999600, -100.0000000000000400, 2.500000000000000000 ) ) ;
#1443 = ORIENTED_EDGE ( 'NONE', *, *, #3084, .T. ) ;
#1444 = DIRECTION ( 'NONE',  ( 1.000000000000000000, 0.0000000000000000000, 0.0000000000000000000 ) ) ;
#1445 = CARTESIAN_POINT ( 'NONE',  ( -1.000000000000000200, 0.0000000000000000000, 13.00000000000000500 ) ) ;
#1446 = DIRECTION ( 'NONE',  ( 0.0000000000000000000, 0.0000000000000000000, 1.000000000000000000 ) ) ;
#1447 = ORIENTED_EDGE ( 'NONE', *, *, #1641, .F. ) ;
#1448 = EDGE_CURVE ( 'NONE', #85, #618, #3429, .T. ) ;
#1449 = LINE ( 'NONE', #3451, #1538 ) ;
#1450 = ORIENTED_EDGE ( 'NONE', *, *, #204, .F. ) ;
#1451 = EDGE_CURVE ( 'NONE', #191, #597, #3048, .T. ) ;
#1452 = FACE_BOUND ( 'NONE', #3720, .T. ) ;
#1453 = AXIS2_PLACEMENT_3D ( 'NONE', #1282, #3013, #74 ) ;
#1454 = CARTESIAN_POINT ( 'NONE',  ( -12.30712604522700100, 11.00000000000000200, 0.0000000000000000000 ) ) ;
#1455 = ORIENTED_EDGE ( 'NONE', *, *, #507, .F. ) ;
#1456 = ADVANCED_FACE ( 'NONE', ( #1766 ), #1589, .F. ) ;
#1457 = AXIS2_PLACEMENT_3D ( 'NONE', #1098, #3712, #1645 ) ;
#1458 = CARTESIAN_POINT ( 'NONE',  ( 4.850000000000001400, -30.00000000000000000, 9.299999999999998900 ) ) ;
#1459 = DIRECTION ( 'NONE',  ( 0.0000000000000000000, 0.0000000000000000000, -1.000000000000000000 ) ) ;
#1460 = DIRECTION ( 'NONE',  ( -1.000000000000000000, -0.0000000000000000000, -0.0000000000000000000 ) ) ;
#1461 = CLOSED_SHELL ( 'NONE', ( #2537, #2171, #1456, #2062, #1407, #3201, #862, #2215, #2512, #2856, #1149, #2023, #3062, #908, #1369, #2262, #1530, #3237, #477, #3689, #3706, #3104, #3164, #309, #1739 ) ) ;
#1462 = VECTOR ( 'NONE', #1057, 1000.000000000000000 ) ;
#1463 = PRODUCT_CONTEXT ( 'NONE', #2882, 'mechanical' ) ;
#1464 = FACE_OUTER_BOUND ( 'NONE', #1259, .T. ) ;
#1465 = LINE ( 'NONE', #3163, #2889 ) ;
#1466 = CARTESIAN_POINT ( 'NONE',  ( -5.500000000000050600, 8.000000000000000000, 13.99999999999999500 ) ) ;
#1467 = ORIENTED_EDGE ( 'NONE', *, *, #1150, .F. ) ;
#1468 = CARTESIAN_POINT ( 'NONE',  ( -2.212388361081595300E-015, 18.16421356237310600, 17.00000000000000000 ) ) ;
#1469 = CARTESIAN_POINT ( 'NONE',  ( -2.168404344971008900E-015, 34.75000000000000000, 0.0000000000000000000 ) ) ;
#1470 = LINE ( 'NONE', #1770, #3719 ) ;
#1471 = ORIENTED_EDGE ( 'NONE', *, *, #3544, .F. ) ;
#1472 = EDGE_CURVE ( 'NONE', #2471, #47, #2084, .T. ) ;
#1473 = ADVANCED_FACE ( 'NONE', ( #221 ), #1812, .F. ) ;
#1474 = CARTESIAN_POINT ( 'NONE',  ( 0.0000000000000000000, 35.33578643762690100, 17.34314575050762000 ) ) ;
#1475 = ORIENTED_EDGE ( 'NONE', *, *, #682, .F. ) ;
#1476 = AXIS2_PLACEMENT_3D ( 'NONE', #2474, #2212, #3047 ) ;
#1477 = FACE_OUTER_BOUND ( 'NONE', #1198, .T. ) ;
#1478 = ORIENTED_EDGE ( 'NONE', *, *, #3335, .F. ) ;
#1479 = EDGE_LOOP ( 'NONE', ( #2035, #3410, #2459 ) ) ;
#1480 = DIRECTION ( 'NONE',  ( 0.0000000000000000000, -1.000000000000000000, 0.0000000000000000000 ) ) ;
#1481 = CARTESIAN_POINT ( 'NONE',  ( -17.80000000000000100, 0.4142135623730943700, 13.34314575050762000 ) ) ;
#1482 = VERTEX_POINT ( 'NONE', #2731 ) ;
#1483 = DIRECTION ( 'NONE',  ( -0.0000000000000000000, -1.000000000000000000, 0.0000000000000000000 ) ) ;
#1484 = CARTESIAN_POINT ( 'NONE',  ( -8.900000000000000400, 17.87500000000000400, 0.0000000000000000000 ) ) ;
#1485 = DIRECTION ( 'NONE',  ( -1.734723475976807400E-017, -1.000000000000000000, 0.0000000000000000000 ) ) ;
#1486 = AXIS2_PLACEMENT_3D ( 'NONE', #1726, #1144, #815 ) ;
#1487 = ORIENTED_EDGE ( 'NONE', *, *, #2144, .T. ) ;
#1488 = AXIS2_PLACEMENT_3D ( 'NONE', #213, #1668, #2306 ) ;
#1489 = DIRECTION ( 'NONE',  ( 5.178279032766586000E-017, -1.000000000000000000, -0.0000000000000000000 ) ) ;
#1490 = VERTEX_POINT ( 'NONE', #1003 ) ;
#1491 = CARTESIAN_POINT ( 'NONE',  ( -8.900000569866989500, 35.55000000000000400, 8.896999350387458700 ) ) ;
#1492 = FACE_OUTER_BOUND ( 'NONE', #394, .T. ) ;
#1493 = AXIS2_PLACEMENT_3D ( 'NONE', #3552, #634, #1497 ) ;
#1494 = ORIENTED_EDGE ( 'NONE', *, *, #1667, .F. ) ;
#1495 = LINE ( 'NONE', #1886, #271 ) ;
#1496 = DIRECTION ( 'NONE',  ( -0.0000000000000000000, 1.000000000000000000, -0.0000000000000000000 ) ) ;
#1497 = DIRECTION ( 'NONE',  ( 0.0000000000000000000, 0.0000000000000000000, -1.000000000000000000 ) ) ;
#1498 = EDGE_LOOP ( 'NONE', ( #531, #1759, #537, #468 ) ) ;
#1499 = EDGE_LOOP ( 'NONE', ( #2717, #743, #3256 ) ) ;
#1500 = VECTOR ( 'NONE', #2100, 1000.000000000000000 ) ;
#1501 = EDGE_CURVE ( 'NONE', #2847, #3508, #1104, .T. ) ;
#1502 = DIRECTION ( 'NONE',  ( 1.734723475976807400E-017, 1.000000000000000000, 0.0000000000000000000 ) ) ;
#1503 = CARTESIAN_POINT ( 'NONE',  ( -17.80000000000000100, 34.75000000000000000, 16.99999999999999600 ) ) ;
#1504 = ORIENTED_EDGE ( 'NONE', *, *, #1405, .F. ) ;
#1505 = AXIS2_PLACEMENT_3D ( 'NONE', #1663, #3063, #3716 ) ;
#1506 = DIRECTION ( 'NONE',  ( 0.0000000000000000000, 0.0000000000000000000, 1.000000000000000000 ) ) ;
#1507 = LINE ( 'NONE', #1828, #2368 ) ;
#1508 = DIRECTION ( 'NONE',  ( -0.0000000000000000000, -0.0000000000000000000, -1.000000000000000000 ) ) ;
#1509 = ADVANCED_FACE ( 'NONE', ( #917 ), #719, .F. ) ;
#1510 = FACE_OUTER_BOUND ( 'NONE', #300, .T. ) ;
#1511 = LINE ( 'NONE', #2392, #2786 ) ;
#1512 = CARTESIAN_POINT ( 'NONE',  ( -8.500000000000003600, 48.69999999999998200, 0.0000000000000000000 ) ) ;
#1513 = FACE_OUTER_BOUND ( 'NONE', #364, .T. ) ;
#1514 = ORIENTED_EDGE ( 'NONE', *, *, #2442, .F. ) ;
#1515 = CARTESIAN_POINT ( 'NONE',  ( 4.850000000000001400, -30.00000000000000000, 2.299999999999998900 ) ) ;
#1516 = FACE_OUTER_BOUND ( 'NONE', #1835, .T. ) ;
#1517 = ORIENTED_EDGE ( 'NONE', *, *, #2427, .F. ) ;
#1518 = CARTESIAN_POINT ( 'NONE',  ( -8.900000000000000400, -1.250000000000001100, 0.0000000000000000000 ) ) ;
#1519 = CARTESIAN_POINT ( 'NONE',  ( -5.995263060211430100, 35.75000000000000700, 8.150126457546541300 ) ) ;
#1520 = DIRECTION ( 'NONE',  ( -0.0000000000000000000, -1.000000000000000000, -0.0000000000000000000 ) ) ;
#1521 = EDGE_LOOP ( 'NONE', ( #889, #2993, #1996, #3328, #3486, #3288 ) ) ;
#1522 = FACE_OUTER_BOUND ( 'NONE', #2716, .T. ) ;
#1523 = EDGE_CURVE ( 'NONE', #2871, #1007, #1322, .T. ) ;
#1524 = CARTESIAN_POINT ( 'NONE',  ( -8.900000000000000400, 1.000000000000000900, 13.99999999999999800 ) ) ;
#1525 = CARTESIAN_POINT ( 'NONE',  ( -17.80000000000000100, 34.75000000000000000, 17.00000000000000000 ) ) ;
#1526 = CARTESIAN_POINT ( 'NONE',  ( -2.592016539244508800E-015, 34.75000000000000000, 17.00000000000000000 ) ) ;
#1527 = ORIENTED_EDGE ( 'NONE', *, *, #3736, .T. ) ;
#1528 = ORIENTED_EDGE ( 'NONE', *, *, #3114, .T. ) ;
#1529 = AXIS2_PLACEMENT_3D ( 'NONE', #144, #3083, #2279 ) ;
#1530 = ADVANCED_FACE ( 'NONE', ( #1049 ), #1600, .T. ) ;
#1531 = ORIENTED_EDGE ( 'NONE', *, *, #3109, .F. ) ;
#1532 = DIRECTION ( 'NONE',  ( 1.299928964992575200E-049, 2.605617018427420200E-033, 1.000000000000000000 ) ) ;
#1533 = CARTESIAN_POINT ( 'NONE',  ( -8.900000569866989500, 35.55000000000000400, 15.89699935038745700 ) ) ;
#1534 = DIRECTION ( 'NONE',  ( -0.0000000000000000000, -1.000000000000000000, -0.0000000000000000000 ) ) ;
#1535 = DIRECTION ( 'NONE',  ( 1.000000000000000000, 0.0000000000000000000, 0.0000000000000000000 ) ) ;
#1536 = ORIENTED_EDGE ( 'NONE', *, *, #2369, .T. ) ;
#1537 = CARTESIAN_POINT ( 'NONE',  ( -17.49999999999999300, 99.99999999999994300, 11.79999999999999900 ) ) ;
#1538 = VECTOR ( 'NONE', #2853, 1000.000000000000000 ) ;
#1539 = ORIENTED_EDGE ( 'NONE', *, *, #226, .T. ) ;
#1540 = DIRECTION ( 'NONE',  ( 0.0000000000000000000, 1.000000000000000000, 0.0000000000000000000 ) ) ;
#1541 = EDGE_CURVE ( 'NONE', #3319, #2335, #1495, .T. ) ;
#1542 =( LENGTH_UNIT ( ) NAMED_UNIT ( * ) SI_UNIT ( .MILLI., .METRE. ) );
#1543 = ADVANCED_FACE ( 'NONE', ( #735 ), #768, .T. ) ;
#1544 = ORIENTED_EDGE ( 'NONE', *, *, #1854, .T. ) ;
#1545 = CARTESIAN_POINT ( 'NONE',  ( -8.900000000000000400, -1.250000000000000000, 4.236770495056200400 ) ) ;
#1546 = EDGE_CURVE ( 'NONE', #19, #63, #1236, .T. ) ;
#1547 = ORIENTED_EDGE ( 'NONE', *, *, #609, .F. ) ;
#1548 = VECTOR ( 'NONE', #3022, 1000.000000000000000 ) ;
#1549 = CARTESIAN_POINT ( 'NONE',  ( -8.900000569866989500, 35.75000000000000700, 8.896999350387458700 ) ) ;
#1550 = DIRECTION ( 'NONE',  ( -0.0000000000000000000, 1.000000000000000000, 0.0000000000000000000 ) ) ;
#1551 = CIRCLE ( 'NONE', #1078, 3.000000000000000000 ) ;
#1552 = VECTOR ( 'NONE', #2322, 1000.000000000000000 ) ;
#1553 = AXIS2_PLACEMENT_3D ( 'NONE', #3296, #341, #2083 ) ;
#1554 = CARTESIAN_POINT ( 'NONE',  ( -8.150000569866991300, 35.75000000000000700, 12.82605776176288800 ) ) ;
#1555 = LINE ( 'NONE', #1157, #2425 ) ;
#1556 = VERTEX_POINT ( 'NONE', #1056 ) ;
#1557 = FACE_OUTER_BOUND ( 'NONE', #2079, .T. ) ;
#1558 = ORIENTED_EDGE ( 'NONE', *, *, #1332, .F. ) ;
#1559 = FACE_OUTER_BOUND ( 'NONE', #3348, .T. ) ;
#1560 = VERTEX_POINT ( 'NONE', #1916 ) ;
#1561 = CARTESIAN_POINT ( 'NONE',  ( -8.500000000000001800, 82.19999999999997400, 2.500000000000000000 ) ) ;
#1562 = LINE ( 'NONE', #3585, #18 ) ;
#1563 = AXIS2_PLACEMENT_3D ( 'NONE', #359, #2638, #603 ) ;
#1564 = ORIENTED_EDGE ( 'NONE', *, *, #2346, .F. ) ;
#1565 = ORIENTED_EDGE ( 'NONE', *, *, #1760, .F. ) ;
#1566 = EDGE_CURVE ( 'NONE', #2656, #3101, #3563, .T. ) ;
#1567 = EDGE_CURVE ( 'NONE', #1145, #2315, #1727, .T. ) ;
#1568 = ORIENTED_EDGE ( 'NONE', *, *, #2372, .F. ) ;
#1569 = PLANE ( 'NONE',  #3036 ) ;
#1570 = CARTESIAN_POINT ( 'NONE',  ( -16.80000000000000100, 1.000000000000000900, 13.00000000000000200 ) ) ;
#1571 = CARTESIAN_POINT ( 'NONE',  ( -17.49999999999999300, 99.99999999999994300, 11.79999999999999900 ) ) ;
#1572 = EDGE_LOOP ( 'NONE', ( #272, #1713, #1732, #1346 ) ) ;
#1573 = ORIENTED_EDGE ( 'NONE', *, *, #2305, .F. ) ;
#1574 = PLANE ( 'NONE',  #2935 ) ;
#1575 = DIRECTION ( 'NONE',  ( 0.0000000000000000000, 0.0000000000000000000, 1.000000000000000000 ) ) ;
#1576 = CARTESIAN_POINT ( 'NONE',  ( -8.499999999999989300, -40.70000000000002400, 0.0000000000000000000 ) ) ;
#1577 = ORIENTED_EDGE ( 'NONE', *, *, #1738, .F. ) ;
#1578 = VERTEX_POINT ( 'NONE', #3622 ) ;
#1579 = CARTESIAN_POINT ( 'NONE',  ( -8.900000000000011000, 12.75462388992309900, 16.89999999999999900 ) ) ;
#1580 = CYLINDRICAL_SURFACE ( 'NONE', #317, 1.000000000000000000 ) ;
#1581 = DIRECTION ( 'NONE',  ( -0.0000000000000000000, -0.0000000000000000000, 1.000000000000000000 ) ) ;
#1582 = LINE ( 'NONE', #2972, #1855 ) ;
#1583 = AXIS2_PLACEMENT_3D ( 'NONE', #3236, #332, #2991 ) ;
#1584 = DIRECTION ( 'NONE',  ( 1.000000000000000000, 0.0000000000000000000, 0.0000000000000000000 ) ) ;
#1585 = EDGE_LOOP ( 'NONE', ( #455, #877, #1951 ) ) ;
#1586 = ORIENTED_EDGE ( 'NONE', *, *, #3439, .F. ) ;
#1587 = VECTOR ( 'NONE', #2353, 1000.000000000000000 ) ;
#1588 = EDGE_CURVE ( 'NONE', #375, #191, #2595, .T. ) ;
#1589 = PLANE ( 'NONE',  #2236 ) ;
#1590 = DIRECTION ( 'NONE',  ( 0.0000000000000000000, -1.000000000000000000, -5.108572532885540300E-031 ) ) ;
#1591 = EDGE_LOOP ( 'NONE', ( #2950, #758, #1432, #3503 ) ) ;
#1592 = EDGE_CURVE ( 'NONE', #1578, #2452, #2769, .T. ) ;
#1593 = PLANE ( 'NONE',  #2765 ) ;
#1594 = CIRCLE ( 'NONE', #3765, 1.000000000000000900 ) ;
#1595 = FACE_BOUND ( 'NONE', #2407, .T. ) ;
#1596 = DIRECTION ( 'NONE',  ( 0.0000000000000000000, 0.0000000000000000000, -1.000000000000000000 ) ) ;
#1597 = AXIS2_PLACEMENT_3D ( 'NONE', #1425, #3780, #3178 ) ;
#1598 = FACE_OUTER_BOUND ( 'NONE', #3050, .T. ) ;
#1599 = ORIENTED_EDGE ( 'NONE', *, *, #1382, .F. ) ;
#1600 = PLANE ( 'NONE',  #1251 ) ;
#1601 = DIRECTION ( 'NONE',  ( 0.0000000000000000000, 0.0000000000000000000, -1.000000000000000000 ) ) ;
#1602 = FACE_OUTER_BOUND ( 'NONE', #1521, .T. ) ;
#1603 = EDGE_LOOP ( 'NONE', ( #2269, #2276, #811, #3757 ) ) ;
#1604 = CARTESIAN_POINT ( 'NONE',  ( -16.80000000000000100, 4.336808689942017700E-016, 0.0000000000000000000 ) ) ;
#1605 = ADVANCED_FACE ( 'NONE', ( #3238 ), #1348, .T. ) ;
#1606 = DIRECTION ( 'NONE',  ( 0.0000000000000000000, 0.0000000000000000000, -1.000000000000000000 ) ) ;
#1607 = ORIENTED_EDGE ( 'NONE', *, *, #439, .T. ) ;
#1608 = LINE ( 'NONE', #1423, #3454 ) ;
#1609 = ORIENTED_EDGE ( 'NONE', *, *, #2344, .T. ) ;
#1610 = AXIS2_PLACEMENT_3D ( 'NONE', #1011, #3041, #2696 ) ;
#1611 = EDGE_LOOP ( 'NONE', ( #2560, #1655, #2484, #264 ) ) ;
#1612 = EDGE_CURVE ( 'NONE', #1136, #943, #3324, .T. ) ;
#1613 = ORIENTED_EDGE ( 'NONE', *, *, #2755, .F. ) ;
#1614 = DIRECTION ( 'NONE',  ( 1.242207580000179900E-016, -1.000000000000000000, -0.0000000000000000000 ) ) ;
#1615 = EDGE_LOOP ( 'NONE', ( #3024, #2917, #2254, #738 ) ) ;
#1616 = CARTESIAN_POINT ( 'NONE',  ( 8.499999999999998200, 82.19999999999997400, 2.500000000000000000 ) ) ;
#1617 = DIRECTION ( 'NONE',  ( 0.0000000000000000000, -1.000000000000000000, 0.0000000000000000000 ) ) ;
#1618 = DIRECTION ( 'NONE',  ( -0.0000000000000000000, -0.0000000000000000000, 1.000000000000000000 ) ) ;
#1619 = ORIENTED_EDGE ( 'NONE', *, *, #3681, .T. ) ;
#1620 = CARTESIAN_POINT ( 'NONE',  ( -17.49999999999999300, 99.99999999999994300, 2.500000000000000000 ) ) ;
#1621 = SURFACE_SIDE_STYLE ('',( #3108 ) ) ;
#1622 = ORIENTED_EDGE ( 'NONE', *, *, #679, .T. ) ;
#1623 = CARTESIAN_POINT ( 'NONE',  ( -8.900000569866989500, 35.55000000000000400, 8.896999350387458700 ) ) ;
#1624 = ADVANCED_FACE ( 'NONE', ( #2456 ), #2835, .F. ) ;
#1625 = VECTOR ( 'NONE', #2571, 1000.000000000000000 ) ;
#1626 = CARTESIAN_POINT ( 'NONE',  ( -16.80000000000000100, 5.274919084723001300E-016, 13.00000000000000200 ) ) ;
#1627 = ORIENTED_EDGE ( 'NONE', *, *, #3340, .T. ) ;
#1628 = CARTESIAN_POINT ( 'NONE',  ( 15.00000000000000900, 97.49999999999992900, -30.00000000000000000 ) ) ;
#1629 = VECTOR ( 'NONE', #1936, 1000.000000000000000 ) ;
#1630 = DIRECTION ( 'NONE',  ( 0.0000000000000000000, 0.0000000000000000000, -1.000000000000000000 ) ) ;
#1631 = DIRECTION ( 'NONE',  ( 0.0000000000000000000, 0.0000000000000000000, -1.000000000000000000 ) ) ;
#1632 = ORIENTED_EDGE ( 'NONE', *, *, #927, .F. ) ;
#1633 = CARTESIAN_POINT ( 'NONE',  ( -8.150000569866989500, 35.55000000000000400, 8.896999350387458700 ) ) ;
#1634 = VECTOR ( 'NONE', #2123, 1000.000000000000000 ) ;
#1635 = DIRECTION ( 'NONE',  ( 1.000000000000000000, 1.021923344405563200E-031, -1.021923344405564600E-031 ) ) ;
#1636 = EDGE_LOOP ( 'NONE', ( #3739, #2909, #837, #997, #1414 ) ) ;
#1637 = DIRECTION ( 'NONE',  ( 1.000000000000000000, 0.0000000000000000000, 0.0000000000000000000 ) ) ;
#1638 = VECTOR ( 'NONE', #950, 1000.000000000000000 ) ;
#1639 = AXIS2_PLACEMENT_3D ( 'NONE', #903, #945, #2931 ) ;
#1640 = CARTESIAN_POINT ( 'NONE',  ( -4.849999999999997900, 29.99999999999999600, 2.299999999999998900 ) ) ;
#1641 = EDGE_CURVE ( 'NONE', #347, #961, #643, .T. ) ;
#1642 = DIRECTION ( 'NONE',  ( 0.0000000000000000000, 0.0000000000000000000, -1.000000000000000000 ) ) ;
#1643 = DIRECTION ( 'NONE',  ( -0.0000000000000000000, 1.000000000000000000, -0.0000000000000000000 ) ) ;
#1644 = EDGE_CURVE ( 'NONE', #2227, #1271, #3191, .T. ) ;
#1645 = DIRECTION ( 'NONE',  ( 1.000000000000000000, 0.0000000000000000000, 0.0000000000000000000 ) ) ;
#1646 = VECTOR ( 'NONE', #2827, 1000.000000000000000 ) ;
#1647 = LINE ( 'NONE', #1366, #2522 ) ;
#1648 = AXIS2_PLACEMENT_3D ( 'NONE', #2766, #2753, #3367 ) ;
#1649 = CARTESIAN_POINT ( 'NONE',  ( -12.30712604522700100, 11.00000000000000200, -29.80527936219560200 ) ) ;
#1650 = ADVANCED_FACE ( 'NONE', ( #2410 ), #3701, .T. ) ;
#1651 = VECTOR ( 'NONE', #1143, 1000.000000000000000 ) ;
#1652 = ORIENTED_EDGE ( 'NONE', *, *, #145, .T. ) ;
#1653 = DIRECTION ( 'NONE',  ( 0.0000000000000000000, -0.0000000000000000000, 1.000000000000000000 ) ) ;
#1654 = LINE ( 'NONE', #2261, #1343 ) ;
#1655 = ORIENTED_EDGE ( 'NONE', *, *, #128, .F. ) ;
#1656 = DIRECTION ( 'NONE',  ( -1.000000000000000000, 0.0000000000000000000, -0.0000000000000000000 ) ) ;
#1657 = LINE ( 'NONE', #1561, #1838 ) ;
#1658 = EDGE_LOOP ( 'NONE', ( #3120, #3422, #1344, #55 ) ) ;
#1659 = CARTESIAN_POINT ( 'NONE',  ( 4.850000000000001400, -30.00000000000000000, -8.400000000000003900 ) ) ;
#1660 = CYLINDRICAL_SURFACE ( 'NONE', #2730, 1.000000000000000000 ) ;
#1661 = ORIENTED_EDGE ( 'NONE', *, *, #3009, .F. ) ;
#1662 = ORIENTED_EDGE ( 'NONE', *, *, #3211, .F. ) ;
#1663 = CARTESIAN_POINT ( 'NONE',  ( -8.900000569866989500, 35.75000000000000700, 8.900126457546539500 ) ) ;
#1664 = EDGE_LOOP ( 'NONE', ( #420, #2282, #2063 ) ) ;
#1665 = DIRECTION ( 'NONE',  ( 0.0000000000000000000, -1.000000000000000000, 0.0000000000000000000 ) ) ;
#1666 = ORIENTED_EDGE ( 'NONE', *, *, #532, .F. ) ;
#1667 = EDGE_CURVE ( 'NONE', #1145, #536, #83, .T. ) ;
#1668 = DIRECTION ( 'NONE',  ( 0.0000000000000000000, 0.0000000000000000000, 1.000000000000000000 ) ) ;
#1669 = ADVANCED_FACE ( 'NONE', ( #3473 ), #3674, .F. ) ;
#1670 = CARTESIAN_POINT ( 'NONE',  ( -17.80000000000000100, 18.16421356237310600, 17.00000000000000000 ) ) ;
#1671 = CARTESIAN_POINT ( 'NONE',  ( -8.900000569866989500, 35.75000000000000700, 8.896999350387458700 ) ) ;
#1672 = ORIENTED_EDGE ( 'NONE', *, *, #1072, .F. ) ;
#1673 = CARTESIAN_POINT ( 'NONE',  ( -8.900000000000030600, 0.7500000000000008900, 5.949999999999999300 ) ) ;
#1674 = ORIENTED_EDGE ( 'NONE', *, *, #1934, .F. ) ;
#1675 = FACE_OUTER_BOUND ( 'NONE', #1498, .T. ) ;
#1676 = AXIS2_PLACEMENT_3D ( 'NONE', #3758, #1989, #314 ) ;
#1677 = SURFACE_STYLE_USAGE ( .BOTH. , #521 ) ;
#1678 = VECTOR ( 'NONE', #1354, 1000.000000000000000 ) ;
#1679 =( NAMED_UNIT ( * ) SI_UNIT ( $, .STERADIAN. ) SOLID_ANGLE_UNIT ( ) );
#1680 = EDGE_LOOP ( 'NONE', ( #1674, #1613, #1254, #1231 ) ) ;
#1681 = VERTEX_POINT ( 'NONE', #3392 ) ;
#1682 = ADVANCED_FACE ( 'NONE', ( #1233 ), #1683, .T. ) ;
#1683 = CYLINDRICAL_SURFACE ( 'NONE', #1505, 3.000000000000000000 ) ;
#1684 = DIRECTION ( 'NONE',  ( 1.734723475976807400E-017, -1.000000000000000000, 0.0000000000000000000 ) ) ;
#1685 = CARTESIAN_POINT ( 'NONE',  ( -6.250000000000009800, 12.75462388992309900, 16.89999999999999900 ) ) ;
#1686 = ADVANCED_FACE ( 'NONE', ( #875 ), #1061, .F. ) ;
#1687 = DIRECTION ( 'NONE',  ( 0.0000000000000000000, 0.0000000000000000000, -1.000000000000000000 ) ) ;
#1688 = STYLED_ITEM ( 'NONE', ( #1221 ), #2206 ) ;
#1689 = ORIENTED_EDGE ( 'NONE', *, *, #969, .T. ) ;
#1690 = FACE_OUTER_BOUND ( 'NONE', #445, .T. ) ;
#1691 = FILL_AREA_STYLE_COLOUR ( '', #3354 ) ;
#1692 = DIRECTION ( 'NONE',  ( 0.0000000000000000000, -0.0000000000000000000, 1.000000000000000000 ) ) ;
#1693 = LINE ( 'NONE', #592, #3059 ) ;
#1694 = LINE ( 'NONE', #60, #1912 ) ;
#1695 = LINE ( 'NONE', #1114, #3485 ) ;
#1696 = CARTESIAN_POINT ( 'NONE',  ( -8.150000569866989500, 35.55000000000000400, 8.150126457546541300 ) ) ;
#1697 = ORIENTED_EDGE ( 'NONE', *, *, #1220, .T. ) ;
#1698 = EDGE_CURVE ( 'NONE', #343, #3287, #3096, .T. ) ;
#1699 = DIRECTION ( 'NONE',  ( 0.0000000000000000000, -1.000000000000000000, 0.0000000000000000000 ) ) ;
#1700 = CARTESIAN_POINT ( 'NONE',  ( -17.80000000000000100, 14.16421356237310300, 13.00000000000000200 ) ) ;
#1701 =( BOUNDED_CURVE ( )  B_SPLINE_CURVE ( 3, ( #1468, #1182, #1781, #3498 ),
 .UNSPECIFIED., .F., .F. ) 
 B_SPLINE_CURVE_WITH_KNOTS ( ( 4, 4 ),
 ( 4.712388980384689700, 6.283185307179586200 ),
 .UNSPECIFIED. ) 
 CURVE ( )  GEOMETRIC_REPRESENTATION_ITEM ( )  RATIONAL_B_SPLINE_CURVE ( ( 1.000000000000000000, 0.8047378541243649400, 0.8047378541243649400, 1.000000000000000000 ) ) 
 REPRESENTATION_ITEM ( '' )  );
#1702 = AXIS2_PLACEMENT_3D ( 'NONE', #2545, #3368, #1606 ) ;
#1703 = LINE ( 'NONE', #951, #664 ) ;
#1704 = ORIENTED_EDGE ( 'NONE', *, *, #2596, .F. ) ;
#1705 = ORIENTED_EDGE ( 'NONE', *, *, #3544, .T. ) ;
#1706 = LINE ( 'NONE', #2728, #2385 ) ;
#1707 = ADVANCED_FACE ( 'NONE', ( #3569 ), #697, .T. ) ;
#1708 = EDGE_LOOP ( 'NONE', ( #259, #1395, #1889, #1745 ) ) ;
#1709 = ORIENTED_EDGE ( 'NONE', *, *, #489, .F. ) ;
#1710 = VERTEX_POINT ( 'NONE', #2217 ) ;
#1711 = VERTEX_POINT ( 'NONE', #1364 ) ;
#1712 = CARTESIAN_POINT ( 'NONE',  ( -17.80000000000000100, 34.75000000000000000, 0.0000000000000000000 ) ) ;
#1713 = ORIENTED_EDGE ( 'NONE', *, *, #2101, .F. ) ;
#1714 = DIRECTION ( 'NONE',  ( -0.0000000000000000000, 1.000000000000000000, -0.0000000000000000000 ) ) ;
#1715 = CARTESIAN_POINT ( 'NONE',  ( -8.900000569866989500, 35.75000000000000700, 8.900126457546539500 ) ) ;
#1716 = DIRECTION ( 'NONE',  ( 0.0000000000000000000, -0.0000000000000000000, 1.000000000000000000 ) ) ;
#1717 = AXIS2_PLACEMENT_3D ( 'NONE', #2265, #1082, #1653 ) ;
#1718 = EDGE_CURVE ( 'NONE', #3449, #1351, #1831, .T. ) ;
#1719 = DIRECTION ( 'NONE',  ( 0.0000000000000000000, 1.000000000000000000, 0.0000000000000000000 ) ) ;
#1720 = DIRECTION ( 'NONE',  ( 0.0000000000000000000, 0.0000000000000000000, 1.000000000000000000 ) ) ;
#1721 = ORIENTED_EDGE ( 'NONE', *, *, #2285, .T. ) ;
#1722 = AXIS2_PLACEMENT_3D ( 'NONE', #1047, #1893, #3082 ) ;
#1723 = LINE ( 'NONE', #2, #164 ) ;
#1724 = ORIENTED_EDGE ( 'NONE', *, *, #2251, .F. ) ;
#1725 = CARTESIAN_POINT ( 'NONE',  ( -8.500000000000000000, 40.69999999999998200, 0.0000000000000000000 ) ) ;
#1726 = CARTESIAN_POINT ( 'NONE',  ( -8.900000569866989500, 35.55000000000000400, 8.896999350387458700 ) ) ;
#1727 = CIRCLE ( 'NONE', #3619, 2.000000000000000000 ) ;
#1728 = VERTEX_POINT ( 'NONE', #197 ) ;
#1729 = ORIENTED_EDGE ( 'NONE', *, *, #467, .F. ) ;
#1730 = FACE_OUTER_BOUND ( 'NONE', #154, .T. ) ;
#1731 = CARTESIAN_POINT ( 'NONE',  ( -1.000000000000000200, 34.75000000000000000, 18.00000000000000000 ) ) ;
#1732 = ORIENTED_EDGE ( 'NONE', *, *, #2596, .T. ) ;
#1733 = CYLINDRICAL_SURFACE ( 'NONE', #843, 4.000000000000000000 ) ;
#1734 = CARTESIAN_POINT ( 'NONE',  ( -11.55000000000000100, 12.75462388992309900, 16.89999999999999900 ) ) ;
#1735 = CYLINDRICAL_SURFACE ( 'NONE', #1529, 1.000000000000000000 ) ;
#1736 = VECTOR ( 'NONE', #2119, 1000.000000000000000 ) ;
#1737 = EDGE_CURVE ( 'NONE', #3508, #3135, #86, .T. ) ;
#1738 = EDGE_CURVE ( 'NONE', #1036, #1415, #1779, .T. ) ;
#1739 = ADVANCED_FACE ( 'NONE', ( #1295 ), #3763, .T. ) ;
#1740 = VECTOR ( 'NONE', #2226, 1000.000000000000000 ) ;
#1741 = EDGE_LOOP ( 'NONE', ( #216, #1662, #1547, #1450 ) ) ;
#1742 = CARTESIAN_POINT ( 'NONE',  ( 0.0000000000000000000, 34.75000000000000000, 17.00000000000000000 ) ) ;
#1743 = EDGE_CURVE ( 'NONE', #2315, #2543, #1017, .T. ) ;
#1744 = VECTOR ( 'NONE', #3408, 1000.000000000000000 ) ;
#1745 = ORIENTED_EDGE ( 'NONE', *, *, #3270, .T. ) ;
#1746 = VECTOR ( 'NONE', #1319, 1000.000000000000000 ) ;
#1747 = DIRECTION ( 'NONE',  ( 1.000000000000000000, 0.0000000000000000000, 0.0000000000000000000 ) ) ;
#1748 = ORIENTED_EDGE ( 'NONE', *, *, #3729, .F. ) ;
#1749 = ORIENTED_EDGE ( 'NONE', *, *, #3564, .T. ) ;
#1750 = ORIENTED_EDGE ( 'NONE', *, *, #3088, .F. ) ;
#1751 = VERTEX_POINT ( 'NONE', #3728 ) ;
#1752 = ADVANCED_FACE ( 'NONE', ( #3528 ), #1412, .F. ) ;
#1753 = CARTESIAN_POINT ( 'NONE',  ( -0.4142135623730943100, 0.4142135623730969800, 14.00000000000000400 ) ) ;
#1754 = DIRECTION ( 'NONE',  ( -1.734723475976807400E-017, -1.000000000000000000, 0.0000000000000000000 ) ) ;
#1755 = DIRECTION ( 'NONE',  ( -0.0000000000000000000, -1.000000000000000000, 0.0000000000000000000 ) ) ;
#1756 = EDGE_LOOP ( 'NONE', ( #1528, #3776, #2478, #2684 ) ) ;
#1757 = AXIS2_PLACEMENT_3D ( 'NONE', #1040, #1969, #778 ) ;
#1758 = EDGE_CURVE ( 'NONE', #1848, #3731, #930, .T. ) ;
#1759 = ORIENTED_EDGE ( 'NONE', *, *, #3325, .T. ) ;
#1760 = EDGE_CURVE ( 'NONE', #1211, #812, #1380, .T. ) ;
#1761 = CLOSED_SHELL ( 'NONE', ( #233, #1906, #824, #535, #1752, #2490, #804, #1200, #1068, #196, #3359, #745, #2345, #1543, #374, #2834, #3376, #1707, #1387, #2042, #21, #2241, #1164, #2194, #298, #3796, #1965, #1353, #3420, #311, #1884, #3147, #627, #256, #3220, #172, #3145, #3527, #2312, #1043, #3419, #1946, #1929, #3441, #2858, #1605, #2569, #2908, #2924, #2551, #783, #1944, #2813, #1774, #2406, #3086, #2624, #3496, #1184, #3749, #214, #2634, #2872, #878, #3401, #1089, #2635, #1111, #498, #3711, #1473, #659, #516, #608, #1682, #3727, #2298, #893, #1650, #2796, #158, #1968, #2326 ) ) ;
#1762 = CARTESIAN_POINT ( 'NONE',  ( 0.0000000000000000000, 34.75000000000000000, 16.99999999999999600 ) ) ;
#1763 = LINE ( 'NONE', #2945, #37 ) ;
#1764 = PLANE ( 'NONE',  #3123 ) ;
#1765 = CARTESIAN_POINT ( 'NONE',  ( -17.79999999999999700, 0.4142135623730943700, 13.00000000000000000 ) ) ;
#1766 = FACE_OUTER_BOUND ( 'NONE', #124, .T. ) ;
#1767 =( GEOMETRIC_REPRESENTATION_CONTEXT ( 3 ) GLOBAL_UNCERTAINTY_ASSIGNED_CONTEXT ( ( #688 ) ) GLOBAL_UNIT_ASSIGNED_CONTEXT ( ( #217, #3417, #1679 ) ) REPRESENTATION_CONTEXT ( 'NONE', 'WORKASPACE' ) );
#1768 = CARTESIAN_POINT ( 'NONE',  ( -1.000000000000000200, 2.032354970520432700E-015, 13.58578643762691000 ) ) ;
#1769 = PLANE ( 'NONE',  #1107 ) ;
#1770 = CARTESIAN_POINT ( 'NONE',  ( -17.49999999999999300, 99.99999999999994300, 11.79999999999999900 ) ) ;
#1771 = ORIENTED_EDGE ( 'NONE', *, *, #3333, .T. ) ;
#1772 = ORIENTED_EDGE ( 'NONE', *, *, #1895, .T. ) ;
#1773 = VECTOR ( 'NONE', #2040, 1000.000000000000000 ) ;
#1774 = ADVANCED_FACE ( 'NONE', ( #190 ), #2301, .F. ) ;
#1775 = VERTEX_POINT ( 'NONE', #3462 ) ;
#1776 = PLANE ( 'NONE',  #2233 ) ;
#1777 = VECTOR ( 'NONE', #2487, 1000.000000000000000 ) ;
#1778 = CARTESIAN_POINT ( 'NONE',  ( -4.849999999999997900, 29.99999999999999600, -86.87902598758884700 ) ) ;
#1779 = CIRCLE ( 'NONE', #210, 1.800000000000000500 ) ;
#1780 = LINE ( 'NONE', #2668, #1250 ) ;
#1781 = CARTESIAN_POINT ( 'NONE',  ( -0.4142135623730949800, 17.75000000000001100, 18.00000000000000400 ) ) ;
#1782 = EDGE_CURVE ( 'NONE', #1711, #710, #2734, .T. ) ;
#1783 = DIRECTION ( 'NONE',  ( 0.0000000000000000000, 0.0000000000000000000, 1.000000000000000000 ) ) ;
#1784 = CARTESIAN_POINT ( 'NONE',  ( -17.80000000000000100, 17.87500000000000400, 0.0000000000000000000 ) ) ;
#1785 = LINE ( 'NONE', #737, #3533 ) ;
#1786 = ORIENTED_EDGE ( 'NONE', *, *, #701, .T. ) ;
#1787 = EDGE_CURVE ( 'NONE', #116, #401, #1555, .T. ) ;
#1788 = EDGE_CURVE ( 'NONE', #116, #199, #796, .T. ) ;
#1789 = ORIENTED_EDGE ( 'NONE', *, *, #1472, .F. ) ;
#1790 = DIRECTION ( 'NONE',  ( 1.000000000000000000, 0.0000000000000000000, 0.0000000000000000000 ) ) ;
#1791 = VERTEX_POINT ( 'NONE', #555 ) ;
#1792 = LINE ( 'NONE', #87, #1217 ) ;
#1793 = VERTEX_POINT ( 'NONE', #1102 ) ;
#1794 = ORIENTED_EDGE ( 'NONE', *, *, #662, .F. ) ;
#1795 = PLANE ( 'NONE',  #2267 ) ;
#1796 = DIRECTION ( 'NONE',  ( 0.0000000000000000000, -1.000000000000000000, -0.0000000000000000000 ) ) ;
#1797 = ORIENTED_EDGE ( 'NONE', *, *, #435, .T. ) ;
#1798 = ORIENTED_EDGE ( 'NONE', *, *, #3032, .F. ) ;
#1799 = CARTESIAN_POINT ( 'NONE',  ( -9.650000569866991300, 35.75000000000000700, 7.072757702718760700 ) ) ;
#1800 = PLANE ( 'NONE',  #1985 ) ;
#1801 = CARTESIAN_POINT ( 'NONE',  ( -8.150000569866991300, 35.55000000000000400, 14.84993980027949200 ) ) ;
#1802 = AXIS2_PLACEMENT_3D ( 'NONE', #3085, #3371, #2756 ) ;
#1803 = CARTESIAN_POINT ( 'NONE',  ( -17.38578643762690100, 1.734723475976806900E-015, 13.00000000000000000 ) ) ;
#1804 = ORIENTED_EDGE ( 'NONE', *, *, #2192, .F. ) ;
#1805 = EDGE_CURVE ( 'NONE', #2090, #2458, #1118, .T. ) ;
#1806 = CARTESIAN_POINT ( 'NONE',  ( -8.900000000000000400, 34.75000000000000000, 17.00000000000000000 ) ) ;
#1807 = DIRECTION ( 'NONE',  ( 1.000000000000000000, 0.0000000000000000000, -0.0000000000000000000 ) ) ;
#1808 = LINE ( 'NONE', #1401, #1625 ) ;
#1809 = ORIENTED_EDGE ( 'NONE', *, *, #1147, .T. ) ;
#1810 = PLANE ( 'NONE',  #3309 ) ;
#1811 =( BOUNDED_SURFACE ( )  B_SPLINE_SURFACE ( 3, 3, ( 
 ( #3502, #1742, #901, #1762 ),
 ( #1208, #1474, #2655, #2031 ),
 ( #2057, #924, #598, #1223 ),
 ( #3254, #619, #3489, #1731 ) ),
 .UNSPECIFIED., .F., .F., .F. ) 
 B_SPLINE_SURFACE_WITH_KNOTS ( ( 4, 4 ),
 ( 4, 4 ),
 ( 0.0000000000000000000, 1.000000000000000000 ),
 ( 0.0000000000000000000, 1.000000000000000000 ),
 .UNSPECIFIED. ) 
 GEOMETRIC_REPRESENTATION_ITEM ( )  RATIONAL_B_SPLINE_SURFACE ( (
 ( 1.000000000000000000, 0.8047378541243649400, 0.8047378541243649400, 1.000000000000000000),
 ( 0.8047378541243649400, 0.6476030138606876400, 0.6476030138606876400, 0.8047378541243649400),
 ( 0.8047378541243649400, 0.6476030138606876400, 0.6476030138606876400, 0.8047378541243649400),
 ( 1.000000000000000000, 0.8047378541243649400, 0.8047378541243649400, 1.000000000000000000) ) ) 
 REPRESENTATION_ITEM ( '' )  SURFACE ( )  );
#1812 = CYLINDRICAL_SURFACE ( 'NONE', #3152, 4.000000000000000000 ) ;
#1813 = CARTESIAN_POINT ( 'NONE',  ( -7.072631815039209800, 35.75000000000000700, 8.150126457546541300 ) ) ;
#1814 = CARTESIAN_POINT ( 'NONE',  ( 8.499999999999998200, -82.20000000000008800, 2.500000000000000000 ) ) ;
#1815 = VERTEX_POINT ( 'NONE', #3767 ) ;
#1816 = ORIENTED_EDGE ( 'NONE', *, *, #1220, .F. ) ;
#1817 = LINE ( 'NONE', #809, #1949 ) ;
#1818 = DIRECTION ( 'NONE',  ( -0.0000000000000000000, 1.000000000000000000, -0.0000000000000000000 ) ) ;
#1819 = CARTESIAN_POINT ( 'NONE',  ( 0.0000000000000000000, 0.0000000000000000000, -8.400000000000000400 ) ) ;
#1820 = ORIENTED_EDGE ( 'NONE', *, *, #2105, .T. ) ;
#1821 = LINE ( 'NONE', #135, #3330 ) ;
#1822 = DIRECTION ( 'NONE',  ( -0.0000000000000000000, -0.0000000000000000000, -1.000000000000000000 ) ) ;
#1823 = PLANE ( 'NONE',  #907 ) ;
#1824 = FACE_OUTER_BOUND ( 'NONE', #125, .T. ) ;
#1825 = DIRECTION ( 'NONE',  ( 4.988948705044639600E-017, 1.000000000000000000, -2.605617018427420200E-033 ) ) ;
#1826 = VECTOR ( 'NONE', #2844, 1000.000000000000000 ) ;
#1827 = LINE ( 'NONE', #447, #1064 ) ;
#1828 = CARTESIAN_POINT ( 'NONE',  ( -11.55000000000000100, 15.75000000000000000, 16.00000000000000000 ) ) ;
#1829 = LINE ( 'NONE', #1379, #478 ) ;
#1830 = ORIENTED_EDGE ( 'NONE', *, *, #33, .T. ) ;
#1831 = CIRCLE ( 'NONE', #1702, 6.999999999999999100 ) ;
#1832 = CARTESIAN_POINT ( 'NONE',  ( 4.850000000000001400, 30.00000000000000400, 2.299999999999998900 ) ) ;
#1833 = VECTOR ( 'NONE', #2676, 1000.000000000000000 ) ;
#1834 = AXIS2_PLACEMENT_3D ( 'NONE', #1784, #42, #346 ) ;
#1835 = EDGE_LOOP ( 'NONE', ( #2361, #1306, #1750, #1705 ) ) ;
#1836 = EDGE_CURVE ( 'NONE', #767, #1083, #3252, .T. ) ;
#1837 = DIRECTION ( 'NONE',  ( 1.000000000000000000, 0.0000000000000000000, 0.0000000000000000000 ) ) ;
#1838 = VECTOR ( 'NONE', #2154, 1000.000000000000000 ) ;
#1839 = EDGE_CURVE ( 'NONE', #1271, #1885, #1206, .T. ) ;
#1840 = DIRECTION ( 'NONE',  ( -0.0000000000000000000, 1.000000000000000000, 0.0000000000000000000 ) ) ;
#1841 = EDGE_LOOP ( 'NONE', ( #721, #2799, #2437, #574, #1609, #424, #1279, #1504 ) ) ;
#1842 = ORIENTED_EDGE ( 'NONE', *, *, #64, .F. ) ;
#1843 = AXIS2_PLACEMENT_3D ( 'NONE', #1579, #2454, #722 ) ;
#1844 = DIRECTION ( 'NONE',  ( 0.0000000000000000000, 0.0000000000000000000, -1.000000000000000000 ) ) ;
#1845 = AXIS2_PLACEMENT_3D ( 'NONE', #1045, #794, #771 ) ;
#1846 = ORIENTED_EDGE ( 'NONE', *, *, #3762, .T. ) ;
#1847 = CARTESIAN_POINT ( 'NONE',  ( 15.00000000000001200, -97.50000000000004300, -0.0000000000000000000 ) ) ;
#1848 = VERTEX_POINT ( 'NONE', #3481 ) ;
#1849 = DIRECTION ( 'NONE',  ( 0.0000000000000000000, -0.0000000000000000000, 1.000000000000000000 ) ) ;
#1850 = ORIENTED_EDGE ( 'NONE', *, *, #3715, .F. ) ;
#1851 = EDGE_CURVE ( 'NONE', #63, #3777, #2287, .T. ) ;
#1852 = DIRECTION ( 'NONE',  ( 0.0000000000000000000, -1.000000000000000000, -0.0000000000000000000 ) ) ;
#1853 = FACE_OUTER_BOUND ( 'NONE', #671, .T. ) ;
#1854 = EDGE_CURVE ( 'NONE', #2977, #1300, #3205, .T. ) ;
#1855 = VECTOR ( 'NONE', #1237, 1000.000000000000000 ) ;
#1856 = ORIENTED_EDGE ( 'NONE', *, *, #97, .T. ) ;
#1857 = EDGE_LOOP ( 'NONE', ( #2672, #254, #2600 ) ) ;
#1858 = CYLINDRICAL_SURFACE ( 'NONE', #1368, 1.000000000000000000 ) ;
#1859 = ORIENTED_EDGE ( 'NONE', *, *, #122, .F. ) ;
#1860 = CARTESIAN_POINT ( 'NONE',  ( -14.85254620685483900, 35.75000000000000700, 9.650126457546543100 ) ) ;
#1861 = LINE ( 'NONE', #2528, #1911 ) ;
#1862 = CARTESIAN_POINT ( 'NONE',  ( -16.80000000000000100, 34.75000000000000000, 0.0000000000000000000 ) ) ;
#1863 = DIRECTION ( 'NONE',  ( 0.0000000000000000000, -1.000000000000000000, 0.0000000000000000000 ) ) ;
#1864 = FACE_BOUND ( 'NONE', #2313, .T. ) ;
#1865 = DIRECTION ( 'NONE',  ( 1.242207580000179900E-016, -1.000000000000000000, -5.108572532885540300E-031 ) ) ;
#1866 = CYLINDRICAL_SURFACE ( 'NONE', #3732, 4.000000000000000000 ) ;
#1867 = VERTEX_POINT ( 'NONE', #2340 ) ;
#1868 = CARTESIAN_POINT ( 'NONE',  ( -1.500000000000030000, 5.000000000000000000, 13.99999999999999500 ) ) ;
#1869 = PRODUCT_RELATED_PRODUCT_CATEGORY ( 'part', '', ( #2039 ) ) ;
#1870 = EDGE_LOOP ( 'NONE', ( #1123, #3259, #108, #1599 ) ) ;
#1871 = CARTESIAN_POINT ( 'NONE',  ( -17.80000000000000100, 1.000000000000000400, 0.0000000000000000000 ) ) ;
#1872 = LINE ( 'NONE', #2662, #247 ) ;
#1873 = AXIS2_PLACEMENT_3D ( 'NONE', #260, #1166, #2593 ) ;
#1874 = VERTEX_POINT ( 'NONE', #3434 ) ;
#1875 = EDGE_LOOP ( 'NONE', ( #2723, #2400, #779, #3500 ) ) ;
#1876 = DIRECTION ( 'NONE',  ( 0.0000000000000000000, 0.0000000000000000000, 1.000000000000000000 ) ) ;
#1877 = ORIENTED_EDGE ( 'NONE', *, *, #995, .F. ) ;
#1878 = VERTEX_POINT ( 'NONE', #569 ) ;
#1879 = DIRECTION ( 'NONE',  ( 0.0000000000000000000, -1.000000000000000000, -0.0000000000000000000 ) ) ;
#1880 = EDGE_CURVE ( 'NONE', #1434, #1899, #2468, .T. ) ;
#1881 = AXIS2_PLACEMENT_3D ( 'NONE', #545, #220, #3133 ) ;
#1882 = DIRECTION ( 'NONE',  ( 8.783734034594579100E-017, -0.7071067811865474600, -0.7071067811865474600 ) ) ;
#1883 = CARTESIAN_POINT ( 'NONE',  ( -12.82965461086599900, 35.75000000000000700, 8.150126457546541300 ) ) ;
#1884 = ADVANCED_FACE ( 'NONE', ( #3660 ), #2970, .F. ) ;
#1885 = VERTEX_POINT ( 'NONE', #1458 ) ;
#1886 = CARTESIAN_POINT ( 'NONE',  ( -16.80000000000000100, 17.87500000000000400, 13.99999999999999800 ) ) ;
#1887 = CARTESIAN_POINT ( 'NONE',  ( 17.50000000000000700, 99.99999999999994300, -1.500000000000000000 ) ) ;
#1888 = DIRECTION ( 'NONE',  ( 0.0000000000000000000, 0.0000000000000000000, -1.000000000000000000 ) ) ;
#1889 = ORIENTED_EDGE ( 'NONE', *, *, #993, .F. ) ;
#1890 = DIRECTION ( 'NONE',  ( 1.000000000000000000, 0.0000000000000000000, 0.0000000000000000000 ) ) ;
#1891 = LINE ( 'NONE', #2378, #2719 ) ;
#1892 = CARTESIAN_POINT ( 'NONE',  ( -14.99999999999999500, -97.50000000000004300, -30.00000000000000000 ) ) ;
#1893 = DIRECTION ( 'NONE',  ( -0.0000000000000000000, 1.000000000000000000, 0.0000000000000000000 ) ) ;
#1894 = FACE_OUTER_BOUND ( 'NONE', #1141, .T. ) ;
#1895 = EDGE_CURVE ( 'NONE', #681, #3291, #2837, .T. ) ;
#1896 = PLANE ( 'NONE',  #915 ) ;
#1897 = DIRECTION ( 'NONE',  ( -0.0000000000000000000, 1.000000000000000000, -0.0000000000000000000 ) ) ;
#1898 = ORIENTED_EDGE ( 'NONE', *, *, #2082, .F. ) ;
#1899 = VERTEX_POINT ( 'NONE', #2038 ) ;
#1900 = CYLINDRICAL_SURFACE ( 'NONE', #866, 4.000000000000000000 ) ;
#1901 = EDGE_CURVE ( 'NONE', #1211, #2794, #2243, .T. ) ;
#1902 = VERTEX_POINT ( 'NONE', #3223 ) ;
#1903 = VECTOR ( 'NONE', #2721, 1000.000000000000000 ) ;
#1904 = AXIS2_PLACEMENT_3D ( 'NONE', #3538, #2645, #2044 ) ;
#1905 = DIRECTION ( 'NONE',  ( 0.0000000000000000000, 0.0000000000000000000, 1.000000000000000000 ) ) ;
#1906 = ADVANCED_FACE ( 'NONE', ( #1962 ), #3110, .F. ) ;
#1907 = VECTOR ( 'NONE', #138, 1000.000000000000000 ) ;
#1908 = CARTESIAN_POINT ( 'NONE',  ( 4.850000000000001400, 30.00000000000000400, 9.299999999999998900 ) ) ;
#1909 = PLANE ( 'NONE',  #956 ) ;
#1910 = DIRECTION ( 'NONE',  ( -1.000000000000000000, 0.0000000000000000000, 0.0000000000000000000 ) ) ;
#1911 = VECTOR ( 'NONE', #457, 1000.000000000000000 ) ;
#1912 = VECTOR ( 'NONE', #3597, 1000.000000000000000 ) ;
#1913 = LINE ( 'NONE', #3415, #2008 ) ;
#1914 = EDGE_LOOP ( 'NONE', ( #2303, #1009, #1564, #2859 ) ) ;
#1915 = CYLINDRICAL_SURFACE ( 'NONE', #3285, 1.000000000000000000 ) ;
#1916 = CARTESIAN_POINT ( 'NONE',  ( -11.55000000000000100, 13.74999999999999800, 13.99999999999999800 ) ) ;
#1917 = LINE ( 'NONE', #1386, #57 ) ;
#1918 = ORIENTED_EDGE ( 'NONE', *, *, #1285, .T. ) ;
#1919 = CARTESIAN_POINT ( 'NONE',  ( -4.849999999999997900, -30.00000000000000000, -8.400000000000003900 ) ) ;
#1920 = DIRECTION ( 'NONE',  ( -0.0000000000000000000, -0.0000000000000000000, 1.000000000000000000 ) ) ;
#1921 = ORIENTED_EDGE ( 'NONE', *, *, #3708, .F. ) ;
#1922 = CIRCLE ( 'NONE', #2983, 6.999999999999999100 ) ;
#1923 = DIRECTION ( 'NONE',  ( -1.278665952808457400E-016, 1.000000000000000000, -0.0000000000000000000 ) ) ;
#1924 = CARTESIAN_POINT ( 'NONE',  ( -8.500000000000000000, 40.69999999999998200, 0.0000000000000000000 ) ) ;
#1925 = ORIENTED_EDGE ( 'NONE', *, *, #386, .T. ) ;
#1926 = EDGE_LOOP ( 'NONE', ( #2888, #446 ) ) ;
#1927 = EDGE_CURVE ( 'NONE', #2231, #1138, #1701, .T. ) ;
#1928 = DIRECTION ( 'NONE',  ( -0.0000000000000000000, 1.000000000000000000, -0.0000000000000000000 ) ) ;
#1929 = ADVANCED_FACE ( 'NONE', ( #2182 ), #177, .T. ) ;
#1930 = PLANE ( 'NONE',  #677 ) ;
#1931 = ORIENTED_EDGE ( 'NONE', *, *, #1267, .F. ) ;
#1932 = FILL_AREA_STYLE_COLOUR ( '', #2413 ) ;
#1933 = CARTESIAN_POINT ( 'NONE',  ( -10.72736932469479900, 35.75000000000000700, 8.150126457546541300 ) ) ;
#1934 = EDGE_CURVE ( 'NONE', #687, #3282, #1693, .T. ) ;
#1935 = CARTESIAN_POINT ( 'NONE',  ( 8.500000000000007100, -40.70000000000002400, 0.0000000000000000000 ) ) ;
#1936 = DIRECTION ( 'NONE',  ( 1.000000000000000000, 7.153498870007453100E-016, -0.0000000000000000000 ) ) ;
#1937 = CARTESIAN_POINT ( 'NONE',  ( 8.499999999999998200, -82.20000000000008800, 0.0000000000000000000 ) ) ;
#1938 = AXIS2_PLACEMENT_3D ( 'NONE', #2177, #2486, #2770 ) ;
#1939 = DIRECTION ( 'NONE',  ( 1.242207580000179900E-016, -1.000000000000000000, -0.0000000000000000000 ) ) ;
#1940 = CARTESIAN_POINT ( 'NONE',  ( 17.50000000000001100, -100.0000000000000400, -32.50000000000000000 ) ) ;
#1941 = EDGE_LOOP ( 'NONE', ( #2253, #2319, #2071, #3792 ) ) ;
#1942 = DIRECTION ( 'NONE',  ( 0.0000000000000000000, 0.0000000000000000000, -1.000000000000000000 ) ) ;
#1943 = VECTOR ( 'NONE', #1234, 1000.000000000000000 ) ;
#1944 = ADVANCED_FACE ( 'NONE', ( #2327 ), #2902, .F. ) ;
#1945 = DIRECTION ( 'NONE',  ( 0.0000000000000000000, -1.000000000000000000, 0.0000000000000000000 ) ) ;
#1946 = ADVANCED_FACE ( 'NONE', ( #334, #1595, #2138, #2925, #2565, #3443, #1864, #3342, #1426 ), #2352, .T. ) ;
#1947 = CARTESIAN_POINT ( 'NONE',  ( -4.849999999999997900, -30.00000000000000000, -86.87902598758884700 ) ) ;
#1948 =( GEOMETRIC_REPRESENTATION_CONTEXT ( 3 ) GLOBAL_UNCERTAINTY_ASSIGNED_CONTEXT ( ( #3629 ) ) GLOBAL_UNIT_ASSIGNED_CONTEXT ( ( #2540, #2256, #3183 ) ) REPRESENTATION_CONTEXT ( 'NONE', 'WORKASPACE' ) );
#1949 = VECTOR ( 'NONE', #512, 1000.000000000000000 ) ;
#1950 = PRODUCT_DEFINITION_CONTEXT ( 'detailed design', #1209, 'design' ) ;
#1951 = ORIENTED_EDGE ( 'NONE', *, *, #631, .F. ) ;
#1952 = EDGE_LOOP ( 'NONE', ( #1287, #2197, #3369, #672 ) ) ;
#1953 = LINE ( 'NONE', #3589, #3707 ) ;
#1954 = AXIS2_PLACEMENT_3D ( 'NONE', #2567, #847, #2887 ) ;
#1955 = CARTESIAN_POINT ( 'NONE',  ( -17.80000000000000100, 35.33578643762690100, 17.34314575050762000 ) ) ;
#1956 = EDGE_CURVE ( 'NONE', #2547, #920, #52, .T. ) ;
#1957 = CARTESIAN_POINT ( 'NONE',  ( -8.900000569866989500, 35.55000000000000400, 8.900126457546539500 ) ) ;
#1958 = EDGE_CURVE ( 'NONE', #2139, #1490, #2884, .T. ) ;
#1959 = EDGE_LOOP ( 'NONE', ( #3635, #2266, #1093, #1292, #3418, #15, #3753, #800, #1877, #2892, #963, #2538 ) ) ;
#1960 = CYLINDRICAL_SURFACE ( 'NONE', #35, 1.000000000000000000 ) ;
#1961 = CARTESIAN_POINT ( 'NONE',  ( -8.900000569866989500, 35.75000000000000700, 1.896999350387460300 ) ) ;
#1962 = FACE_OUTER_BOUND ( 'NONE', #1046, .T. ) ;
#1963 = LINE ( 'NONE', #2250, #2607 ) ;
#1964 = MECHANICAL_DESIGN_GEOMETRIC_PRESENTATION_REPRESENTATION (  '', ( #2289 ), #1767 ) ;
#1965 = ADVANCED_FACE ( 'NONE', ( #136 ), #2754, .T. ) ;
#1966 = CIRCLE ( 'NONE', #120, 4.000000000000000000 ) ;
#1967 = ORIENTED_EDGE ( 'NONE', *, *, #3313, .F. ) ;
#1968 = ADVANCED_FACE ( 'NONE', ( #1510 ), #1294, .T. ) ;
#1969 = DIRECTION ( 'NONE',  ( 0.0000000000000000000, -1.000000000000000000, 0.0000000000000000000 ) ) ;
#1970 = ORIENTED_EDGE ( 'NONE', *, *, #1839, .T. ) ;
#1971 = VECTOR ( 'NONE', #3343, 1000.000000000000000 ) ;
#1972 = CARTESIAN_POINT ( 'NONE',  ( -0.9999999999999991100, 4.988948705044648800E-017, 0.0000000000000000000 ) ) ;
#1973 = ORIENTED_EDGE ( 'NONE', *, *, #1980, .T. ) ;
#1974 = ORIENTED_EDGE ( 'NONE', *, *, #7, .F. ) ;
#1975 = DIRECTION ( 'NONE',  ( 1.000000000000000000, 0.0000000000000000000, 0.0000000000000000000 ) ) ;
#1976 = SHAPE_REPRESENTATION_RELATIONSHIP ( 'NONE' , 'NONE' ,  #1192, #3793 ) ;
#1977 = UNCERTAINTY_MEASURE_WITH_UNIT (LENGTH_MEASURE( 1.000000000000000100E-005 ), #785, 'distance_accuracy_value', 'NONE');
#1978 = ORIENTED_EDGE ( 'NONE', *, *, #456, .F. ) ;
#1979 = DIRECTION ( 'NONE',  ( 0.0000000000000000000, 0.0000000000000000000, -1.000000000000000000 ) ) ;
#1980 = EDGE_CURVE ( 'NONE', #1058, #2941, #655, .T. ) ;
#1981 = EDGE_CURVE ( 'NONE', #2794, #3759, #705, .T. ) ;
#1982 = FILL_AREA_STYLE ('',( #1691 ) ) ;
#1983 = DIRECTION ( 'NONE',  ( 7.153498870007453100E-016, -1.000000000000000000, 0.0000000000000000000 ) ) ;
#1984 = EDGE_CURVE ( 'NONE', #88, #490, #888, .T. ) ;
#1985 = AXIS2_PLACEMENT_3D ( 'NONE', #3292, #1840, #2403 ) ;
#1986 = ORIENTED_EDGE ( 'NONE', *, *, #413, .F. ) ;
#1987 = ORIENTED_EDGE ( 'NONE', *, *, #2030, .T. ) ;
#1988 = CARTESIAN_POINT ( 'NONE',  ( -17.49999999999999600, -100.0000000000000400, -32.50000000000000000 ) ) ;
#1989 = DIRECTION ( 'NONE',  ( -1.000000000000000000, -0.0000000000000000000, 2.043846688811130000E-031 ) ) ;
#1990 = ORIENTED_EDGE ( 'NONE', *, *, #2101, .T. ) ;
#1991 = DIRECTION ( 'NONE',  ( 1.000000000000000000, 7.153498870007453100E-016, 0.0000000000000000000 ) ) ;
#1992 = LINE ( 'NONE', #3742, #316 ) ;
#1993 = PLANE ( 'NONE',  #3264 ) ;
#1994 = VECTOR ( 'NONE', #2514, 1000.000000000000000 ) ;
#1995 = EDGE_LOOP ( 'NONE', ( #3697, #3038, #2830, #2581, #2104 ) ) ;
#1996 = ORIENTED_EDGE ( 'NONE', *, *, #3366, .T. ) ;
#1997 = DIRECTION ( 'NONE',  ( 0.0000000000000000000, 1.000000000000000000, 0.0000000000000000000 ) ) ;
#1998 = AXIS2_PLACEMENT_3D ( 'NONE', #820, #3458, #2280 ) ;
#1999 = CARTESIAN_POINT ( 'NONE',  ( -9.650000569866991300, 35.55000000000000400, 8.896999350387458700 ) ) ;
#2000 = VERTEX_POINT ( 'NONE', #2186 ) ;
#2001 = EDGE_CURVE ( 'NONE', #1902, #1793, #3015, .T. ) ;
#2002 = CIRCLE ( 'NONE', #2374, 2.000000000000000000 ) ;
#2003 =( NAMED_UNIT ( * ) SI_UNIT ( $, .STERADIAN. ) SOLID_ANGLE_UNIT ( ) );
#2004 = FACE_BOUND ( 'NONE', #668, .T. ) ;
#2005 = PRESENTATION_STYLE_ASSIGNMENT (( #2523 ) ) ;
#2006 = PLANE ( 'NONE',  #450 ) ;
#2007 = CARTESIAN_POINT ( 'NONE',  ( 8.499999999999998200, -82.20000000000008800, 2.500000000000000000 ) ) ;
#2008 = VECTOR ( 'NONE', #3721, 1000.000000000000000 ) ;
#2009 = PLANE ( 'NONE',  #922 ) ;
#2010 = EDGE_LOOP ( 'NONE', ( #3321, #1119, #1517 ) ) ;
#2011 = CYLINDRICAL_SURFACE ( 'NONE', #1403, 5.999999999996740400 ) ;
#2012 = CARTESIAN_POINT ( 'NONE',  ( -16.30712604522700100, 17.87500000000000400, 0.0000000000000000000 ) ) ;
#2013 = DIRECTION ( 'NONE',  ( 0.0000000000000000000, -0.0000000000000000000, 1.000000000000000000 ) ) ;
#2014 = CIRCLE ( 'NONE', #367, 1.000000000000000900 ) ;
#2015 = ORIENTED_EDGE ( 'NONE', *, *, #3035, .T. ) ;
#2016 = ORIENTED_EDGE ( 'NONE', *, *, #2787, .F. ) ;
#2017 = VECTOR ( 'NONE', #497, 1000.000000000000000 ) ;
#2018 = VECTOR ( 'NONE', #2240, 1000.000000000000000 ) ;
#2019 = EDGE_LOOP ( 'NONE', ( #3407, #2146, #3406, #2485 ) ) ;
#2020 = ORIENTED_EDGE ( 'NONE', *, *, #2255, .T. ) ;
#2021 = CARTESIAN_POINT ( 'NONE',  ( -14.99999999999999500, -100.0000000000000400, -30.00000000000000000 ) ) ;
#2022 = DIRECTION ( 'NONE',  ( 0.0000000000000000000, 0.0000000000000000000, 1.000000000000000000 ) ) ;
#2023 = ADVANCED_FACE ( 'NONE', ( #475 ), #1569, .T. ) ;
#2024 = CARTESIAN_POINT ( 'NONE',  ( -12.90000000000000000, 4.440164347489733300E-016, 5.700000000000000200 ) ) ;
#2025 = EDGE_LOOP ( 'NONE', ( #3550, #1632, #141, #991 ) ) ;
#2026 = CARTESIAN_POINT ( 'NONE',  ( 8.499999999999996400, 40.69999999999998900, 2.500000000000000000 ) ) ;
#2027 = CARTESIAN_POINT ( 'NONE',  ( 0.0000000000000000000, 0.0000000000000000000, 2.299999999999998900 ) ) ;
#2028 = DIRECTION ( 'NONE',  ( -1.000000000000000000, 0.0000000000000000000, 0.0000000000000000000 ) ) ;
#2029 = EDGE_CURVE ( 'NONE', #1365, #1241, #284, .T. ) ;
#2030 = EDGE_CURVE ( 'NONE', #536, #982, #2691, .T. ) ;
#2031 = CARTESIAN_POINT ( 'NONE',  ( 0.0000000000000000000, 34.75000000000000000, 17.58578643762690400 ) ) ;
#2032 = DIRECTION ( 'NONE',  ( 1.091129696209300000E-015, -0.0000000000000000000, 1.000000000000000000 ) ) ;
#2033 = AXIS2_PLACEMENT_3D ( 'NONE', #2536, #208, #3450 ) ;
#2034 = LINE ( 'NONE', #3232, #2995 ) ;
#2035 = ORIENTED_EDGE ( 'NONE', *, *, #308, .F. ) ;
#2036 = ORIENTED_EDGE ( 'NONE', *, *, #1546, .F. ) ;
#2037 = AXIS2_PLACEMENT_3D ( 'NONE', #530, #2558, #840 ) ;
#2038 = CARTESIAN_POINT ( 'NONE',  ( -0.9999999999999991100, 35.75000000000000700, 17.00000000000000000 ) ) ;
#2039 = PRODUCT ( 'SN04-N', 'SN04-N', '', ( #539 ) ) ;
#2040 = DIRECTION ( 'NONE',  ( -0.0000000000000000000, -0.0000000000000000000, -1.000000000000000000 ) ) ;
#2041 = FACE_BOUND ( 'NONE', #1926, .T. ) ;
#2042 = ADVANCED_FACE ( 'NONE', ( #1464 ), #3011, .T. ) ;
#2043 = VECTOR ( 'NONE', #2848, 1000.000000000000000 ) ;
#2044 = DIRECTION ( 'NONE',  ( 0.0000000000000000000, -0.0000000000000000000, 1.000000000000000000 ) ) ;
#2045 = ORIENTED_EDGE ( 'NONE', *, *, #1066, .F. ) ;
#2046 = LINE ( 'NONE', #984, #1199 ) ;
#2047 = ORIENTED_EDGE ( 'NONE', *, *, #565, .F. ) ;
#2048 = DIRECTION ( 'NONE',  ( 0.0000000000000000000, 1.000000000000000000, 0.0000000000000000000 ) ) ;
#2049 = EDGE_CURVE ( 'NONE', #484, #1391, #3298, .T. ) ;
#2050 = CARTESIAN_POINT ( 'NONE',  ( -8.150000569866989500, 35.75000000000000700, 11.80486396720210300 ) ) ;
#2051 = FACE_OUTER_BOUND ( 'NONE', #2964, .T. ) ;
#2052 = CARTESIAN_POINT ( 'NONE',  ( 15.00000000000000900, 99.99999999999994300, -30.00000000000000000 ) ) ;
#2053 = EDGE_CURVE ( 'NONE', #786, #2377, #3338, .T. ) ;
#2054 = CARTESIAN_POINT ( 'NONE',  ( -8.900000569866989500, 35.55000000000000400, 8.896999350387458700 ) ) ;
#2055 = VECTOR ( 'NONE', #3779, 1000.000000000000000 ) ;
#2056 = VERTEX_POINT ( 'NONE', #182 ) ;
#2057 = CARTESIAN_POINT ( 'NONE',  ( -0.4142135623730951500, 35.75000000000000700, 17.00000000000000000 ) ) ;
#2058 = AXIS2_PLACEMENT_3D ( 'NONE', #760, #3673, #2147 ) ;
#2059 = LINE ( 'NONE', #1419, #338 ) ;
#2060 = ORIENTED_EDGE ( 'NONE', *, *, #253, .F. ) ;
#2061 = PLANE ( 'NONE',  #1099 ) ;
#2062 = ADVANCED_FACE ( 'NONE', ( #2135 ), #1909, .F. ) ;
#2063 = ORIENTED_EDGE ( 'NONE', *, *, #830, .T. ) ;
#2064 = DIRECTION ( 'NONE',  ( 0.0000000000000000000, 0.0000000000000000000, -1.000000000000000000 ) ) ;
#2065 = CARTESIAN_POINT ( 'NONE',  ( -1.084202172485504400E-016, 1.000000000000000400, 0.0000000000000000000 ) ) ;
#2066 = DIRECTION ( 'NONE',  ( -0.0000000000000000000, -0.0000000000000000000, -1.000000000000000000 ) ) ;
#2067 = VECTOR ( 'NONE', #1852, 1000.000000000000000 ) ;
#2068 = AXIS2_PLACEMENT_3D ( 'NONE', #2134, #2116, #387 ) ;
#2069 = VERTEX_POINT ( 'NONE', #3677 ) ;
#2070 = EDGE_LOOP ( 'NONE', ( #3633, #2469, #1172 ) ) ;
#2071 = ORIENTED_EDGE ( 'NONE', *, *, #707, .T. ) ;
#2072 = PLANE ( 'NONE',  #1493 ) ;
#2073 = DIRECTION ( 'NONE',  ( 1.000000000000000000, 7.153498870007453100E-016, 0.0000000000000000000 ) ) ;
#2074 = CARTESIAN_POINT ( 'NONE',  ( -17.38578643762690100, 1.000000000000000900, 13.99999999999999800 ) ) ;
#2075 = DIRECTION ( 'NONE',  ( -0.0000000000000000000, -0.0000000000000000000, -1.000000000000000000 ) ) ;
#2076 = PRODUCT_DEFINITION_SHAPE ( 'NONE', 'NONE',  #2395 ) ;
#2077 = CARTESIAN_POINT ( 'NONE',  ( 8.499999999999998200, 82.19999999999997400, 2.500000000000000000 ) ) ;
#2078 = ORIENTED_EDGE ( 'NONE', *, *, #1641, .T. ) ;
#2079 = EDGE_LOOP ( 'NONE', ( #3016, #1661, #2431, #1307 ) ) ;
#2080 = DIRECTION ( 'NONE',  ( 0.0000000000000000000, -1.000000000000000000, 0.0000000000000000000 ) ) ;
#2081 = FACE_OUTER_BOUND ( 'NONE', #480, .T. ) ;
#2082 = EDGE_CURVE ( 'NONE', #2576, #1300, #1012, .T. ) ;
#2083 = DIRECTION ( 'NONE',  ( 0.0000000000000000000, 0.0000000000000000000, 1.000000000000000000 ) ) ;
#2084 = CIRCLE ( 'NONE', #816, 3.000000000000000000 ) ;
#2085 = AXIS2_PLACEMENT_3D ( 'NONE', #1862, #1575, #2143 ) ;
#2086 = SURFACE_STYLE_USAGE ( .BOTH. , #2115 ) ;
#2087 = CARTESIAN_POINT ( 'NONE',  ( -0.9999999999999993300, -8.347547372332719900E-017, 13.00000000000000200 ) ) ;
#2088 = PLANE ( 'NONE',  #1563 ) ;
#2089 = ORIENTED_EDGE ( 'NONE', *, *, #2689, .F. ) ;
#2090 = VERTEX_POINT ( 'NONE', #1340 ) ;
#2091 =( BOUNDED_CURVE ( )  B_SPLINE_CURVE ( 3, ( #2883, #3465, #858, #2294 ),
 .UNSPECIFIED., .F., .F. ) 
 B_SPLINE_CURVE_WITH_KNOTS ( ( 4, 4 ),
 ( 4.712388980384690600, 6.283185307179586200 ),
 .UNSPECIFIED. ) 
 CURVE ( )  GEOMETRIC_REPRESENTATION_ITEM ( )  RATIONAL_B_SPLINE_CURVE ( ( 1.000000000000000000, 0.8047378541243652700, 0.8047378541243652700, 1.000000000000000000 ) ) 
 REPRESENTATION_ITEM ( '' )  );
#2092 = ORIENTED_EDGE ( 'NONE', *, *, #281, .F. ) ;
#2093 = PLANE ( 'NONE',  #2503 ) ;
#2094 = CARTESIAN_POINT ( 'NONE',  ( -4.971540367642438300, 35.75000000000000700, 9.650126457546541300 ) ) ;
#2095 = VECTOR ( 'NONE', #3579, 1000.000000000000000 ) ;
#2096 = CARTESIAN_POINT ( 'NONE',  ( -16.80000000000000100, 35.75000000000000700, 0.0000000000000000000 ) ) ;
#2097 = CARTESIAN_POINT ( 'NONE',  ( -17.79999999999999700, 1.000000000000000200, 13.58578643762690800 ) ) ;
#2098 = VECTOR ( 'NONE', #2724, 1000.000000000000000 ) ;
#2099 = ORIENTED_EDGE ( 'NONE', *, *, #707, .F. ) ;
#2100 = DIRECTION ( 'NONE',  ( 0.0000000000000000000, -1.000000000000000000, 0.0000000000000000000 ) ) ;
#2101 = EDGE_CURVE ( 'NONE', #81, #536, #2647, .T. ) ;
#2102 = CARTESIAN_POINT ( 'NONE',  ( 8.499999999999996400, 40.69999999999998900, 2.500000000000000000 ) ) ;
#2103 = LINE ( 'NONE', #1571, #1253 ) ;
#2104 = ORIENTED_EDGE ( 'NONE', *, *, #3114, .F. ) ;
#2105 = EDGE_CURVE ( 'NONE', #2377, #2231, #3389, .T. ) ;
#2106 = FACE_OUTER_BOUND ( 'NONE', #1941, .T. ) ;
#2107 = VECTOR ( 'NONE', #1183, 1000.000000000000000 ) ;
#2108 = DIRECTION ( 'NONE',  ( -1.000000000000000000, 0.0000000000000000000, -0.0000000000000000000 ) ) ;
#2109 = VERTEX_POINT ( 'NONE', #3394 ) ;
#2110 = CARTESIAN_POINT ( 'NONE',  ( 13.50000000000000900, 99.99999999999994300, -1.500000000000000000 ) ) ;
#2111 = VERTEX_POINT ( 'NONE', #471 ) ;
#2112 = VECTOR ( 'NONE', #3663, 1000.000000000000000 ) ;
#2113 = VERTEX_POINT ( 'NONE', #1640 ) ;
#2114 = ORIENTED_EDGE ( 'NONE', *, *, #150, .T. ) ;
#2115 = SURFACE_SIDE_STYLE ('',( #376 ) ) ;
#2116 = DIRECTION ( 'NONE',  ( -0.0000000000000000000, 1.000000000000000000, 0.0000000000000000000 ) ) ;
#2117 = DIRECTION ( 'NONE',  ( -0.0000000000000000000, 0.0000000000000000000, -1.000000000000000000 ) ) ;
#2118 = CARTESIAN_POINT ( 'NONE',  ( -8.150000569866989500, 35.55000000000000400, 4.967940939012031300 ) ) ;
#2119 = DIRECTION ( 'NONE',  ( -1.000000000000000000, -0.0000000000000000000, -0.0000000000000000000 ) ) ;
#2120 = DIRECTION ( 'NONE',  ( 1.000000000000000000, 7.153498870007453100E-016, -0.0000000000000000000 ) ) ;
#2121 = DIRECTION ( 'NONE',  ( 0.0000000000000000000, 0.0000000000000000000, -1.000000000000000000 ) ) ;
#2122 = EDGE_CURVE ( 'NONE', #1878, #3051, #973, .T. ) ;
#2123 = DIRECTION ( 'NONE',  ( 1.000000000000000000, 0.0000000000000000000, -0.0000000000000000000 ) ) ;
#2124 = CARTESIAN_POINT ( 'NONE',  ( -17.80000000000000100, 34.75000000000000000, 17.00000000000000000 ) ) ;
#2125 = CIRCLE ( 'NONE', #3643, 3.000000000000000000 ) ;
#2126 = ORIENTED_EDGE ( 'NONE', *, *, #170, .F. ) ;
#2127 = FACE_OUTER_BOUND ( 'NONE', #3078, .T. ) ;
#2128 = EDGE_CURVE ( 'NONE', #1793, #836, #184, .T. ) ;
#2129 = CARTESIAN_POINT ( 'NONE',  ( -2.220446049250309900E-015, 17.87500000000000400, 0.0000000000000000000 ) ) ;
#2130 = CARTESIAN_POINT ( 'NONE',  ( -11.80473807952260000, 35.75000000000000700, 8.150126457546541300 ) ) ;
#2131 = ORIENTED_EDGE ( 'NONE', *, *, #1956, .F. ) ;
#2132 = LINE ( 'NONE', #358, #1903 ) ;
#2133 = DIRECTION ( 'NONE',  ( 0.0000000000000000000, 0.0000000000000000000, 1.000000000000000000 ) ) ;
#2134 = CARTESIAN_POINT ( 'NONE',  ( -8.900000000000000400, 35.75000000000000700, 0.0000000000000000000 ) ) ;
#2135 = FACE_OUTER_BOUND ( 'NONE', #1741, .T. ) ;
#2136 = VECTOR ( 'NONE', #1146, 1000.000000000000000 ) ;
#2137 = CARTESIAN_POINT ( 'NONE',  ( -16.80000000000000100, 34.75000000000000000, 0.0000000000000000000 ) ) ;
#2138 = FACE_BOUND ( 'NONE', #1857, .T. ) ;
#2139 = VERTEX_POINT ( 'NONE', #485 ) ;
#2140 = CARTESIAN_POINT ( 'NONE',  ( -2.946666975829090000, 35.75000000000000700, 8.150126457546543100 ) ) ;
#2141 = LINE ( 'NONE', #1239, #243 ) ;
#2142 = EDGE_LOOP ( 'NONE', ( #2963, #2937, #1487, #784 ) ) ;
#2143 = DIRECTION ( 'NONE',  ( 1.000000000000000000, 0.0000000000000000000, 0.0000000000000000000 ) ) ;
#2144 = EDGE_CURVE ( 'NONE', #1578, #1007, #1115, .T. ) ;
#2145 = EDGE_CURVE ( 'NONE', #2296, #2244, #3713, .T. ) ;
#2146 = ORIENTED_EDGE ( 'NONE', *, *, #3762, .F. ) ;
#2147 = DIRECTION ( 'NONE',  ( 0.0000000000000000000, 0.0000000000000000000, -1.000000000000000000 ) ) ;
#2148 = LINE ( 'NONE', #423, #941 ) ;
#2149 = EDGE_LOOP ( 'NONE', ( #3650, #940, #894, #1809 ) ) ;
#2150 = VERTEX_POINT ( 'NONE', #2493 ) ;
#2151 = CYLINDRICAL_SURFACE ( 'NONE', #1998, 4.000000000000000000 ) ;
#2152 = AXIS2_PLACEMENT_3D ( 'NONE', #2806, #3118, #3421 ) ;
#2153 = VERTEX_POINT ( 'NONE', #496 ) ;
#2154 = DIRECTION ( 'NONE',  ( -5.178279032766587900E-017, -1.000000000000000000, 0.0000000000000000000 ) ) ;
#2155 = CARTESIAN_POINT ( 'NONE',  ( -8.900000000000030600, -1.250000000000000000, 5.949999999999999300 ) ) ;
#2156 = DIRECTION ( 'NONE',  ( 0.0000000000000000000, 0.0000000000000000000, -1.000000000000000000 ) ) ;
#2157 = CARTESIAN_POINT ( 'NONE',  ( 8.499999999999998200, 82.19999999999997400, 2.500000000000000000 ) ) ;
#2158 = CARTESIAN_POINT ( 'NONE',  ( -11.55000000000000100, 17.87500000000000400, 13.99999999999999800 ) ) ;
#2159 = DIRECTION ( 'NONE',  ( -0.0000000000000000000, 1.000000000000000000, -0.0000000000000000000 ) ) ;
#2160 = ORIENTED_EDGE ( 'NONE', *, *, #2191, .F. ) ;
#2161 = DIRECTION ( 'NONE',  ( 0.0000000000000000000, 0.0000000000000000000, -1.000000000000000000 ) ) ;
#2162 = ORIENTED_EDGE ( 'NONE', *, *, #2625, .T. ) ;
#2163 = EDGE_CURVE ( 'NONE', #2231, #3301, #93, .T. ) ;
#2164 = CARTESIAN_POINT ( 'NONE',  ( -5.500000000000031100, 11.00000000000000200, 13.99999999999999500 ) ) ;
#2165 = LINE ( 'NONE', #2096, #2999 ) ;
#2166 = CARTESIAN_POINT ( 'NONE',  ( -17.49999999999999600, -100.0000000000000400, 2.500000000000000000 ) ) ;
#2167 = EDGE_CURVE ( 'NONE', #3265, #2743, #1861, .T. ) ;
#2168 = DIRECTION ( 'NONE',  ( 0.0000000000000000000, -1.000000000000000000, 0.0000000000000000000 ) ) ;
#2169 = CARTESIAN_POINT ( 'NONE',  ( -8.900000569866989500, 35.75000000000000700, 8.896999350387458700 ) ) ;
#2170 = EDGE_CURVE ( 'NONE', #3101, #938, #2420, .T. ) ;
#2171 = ADVANCED_FACE ( 'NONE', ( #2516, #2004, #328, #1376 ), #1356, .T. ) ;
#2172 = ORIENTED_EDGE ( 'NONE', *, *, #486, .F. ) ;
#2173 = ORIENTED_EDGE ( 'NONE', *, *, #3764, .F. ) ;
#2174 = CARTESIAN_POINT ( 'NONE',  ( -8.900000000000000400, -1.250000000000000000, 5.699999999999999300 ) ) ;
#2175 = VECTOR ( 'NONE', #176, 1000.000000000000000 ) ;
#2176 = ORIENTED_EDGE ( 'NONE', *, *, #2482, .T. ) ;
#2177 = CARTESIAN_POINT ( 'NONE',  ( -1.000000000000000000, 34.75000000000000000, 17.00000000000000000 ) ) ;
#2178 = DIRECTION ( 'NONE',  ( 1.000000000000000000, 0.0000000000000000000, -1.091129696209300000E-015 ) ) ;
#2179 = VECTOR ( 'NONE', #2667, 1000.000000000000000 ) ;
#2180 = AXIS2_PLACEMENT_3D ( 'NONE', #3249, #304, #2329 ) ;
#2181 = DIRECTION ( 'NONE',  ( -1.734723475976807100E-015, 0.0000000000000000000, -1.000000000000000000 ) ) ;
#2182 = FACE_OUTER_BOUND ( 'NONE', #1479, .T. ) ;
#2183 = LINE ( 'NONE', #282, #1736 ) ;
#2184 = CARTESIAN_POINT ( 'NONE',  ( -14.30712604522700100, 11.00000000000000200, 13.99999999999999500 ) ) ;
#2185 = VECTOR ( 'NONE', #730, 1000.000000000000000 ) ;
#2186 = CARTESIAN_POINT ( 'NONE',  ( -1.500000000000010000, 11.00000000000000200, 0.0000000000000000000 ) ) ;
#2187 = ORIENTED_EDGE ( 'NONE', *, *, #2224, .T. ) ;
#2188 = AXIS2_PLACEMENT_3D ( 'NONE', #2857, #1720, #3168 ) ;
#2189 = VECTOR ( 'NONE', #1508, 1000.000000000000000 ) ;
#2190 = EDGE_LOOP ( 'NONE', ( #1197, #2854, #147, #194 ) ) ;
#2191 = EDGE_CURVE ( 'NONE', #3301, #2808, #1293, .T. ) ;
#2192 = EDGE_CURVE ( 'NONE', #163, #1142, #3621, .T. ) ;
#2193 = DIRECTION ( 'NONE',  ( 0.0000000000000000000, -0.0000000000000000000, -1.000000000000000000 ) ) ;
#2194 = ADVANCED_FACE ( 'NONE', ( #2606 ), #1735, .T. ) ;
#2195 = CONTEXT_DEPENDENT_SHAPE_REPRESENTATION ( #3515, #3745 ) ;
#2196 = CARTESIAN_POINT ( 'NONE',  ( -8.150000569866991300, 35.75000000000000700, 12.82605776176288800 ) ) ;
#2197 = ORIENTED_EDGE ( 'NONE', *, *, #2711, .F. ) ;
#2198 = LINE ( 'NONE', #2584, #106 ) ;
#2199 = DIRECTION ( 'NONE',  ( 0.0000000000000000000, 0.0000000000000000000, -1.000000000000000000 ) ) ;
#2200 = SHAPE_REPRESENTATION_RELATIONSHIP ( 'NONE' , 'NONE' ,  #3678, #2206 ) ;
#2201 = ORIENTED_EDGE ( 'NONE', *, *, #3781, .F. ) ;
#2202 = ORIENTED_EDGE ( 'NONE', *, *, #954, .T. ) ;
#2203 = CARTESIAN_POINT ( 'NONE',  ( -8.900000569866989500, 35.75000000000000700, 8.896999350387458700 ) ) ;
#2204 = DIRECTION ( 'NONE',  ( -0.0000000000000000000, 1.000000000000000000, 0.0000000000000000000 ) ) ;
#2205 = CARTESIAN_POINT ( 'NONE',  ( -9.650000569866991300, 35.55000000000000400, 8.896999350387458700 ) ) ;
#2206 = ADVANCED_BREP_SHAPE_REPRESENTATION ( '', ( #1272, #1201, #1359, #1117 ), #1948 ) ;
#2207 = AXIS2_PLACEMENT_3D ( 'NONE', #928, #75, #3555 ) ;
#2208 = CARTESIAN_POINT ( 'NONE',  ( -8.900000569866989500, 35.55000000000000400, 8.150126457546541300 ) ) ;
#2209 = DIRECTION ( 'NONE',  ( 0.0000000000000000000, 0.0000000000000000000, -1.000000000000000000 ) ) ;
#2210 = EDGE_LOOP ( 'NONE', ( #906, #3040, #2797, #3177 ) ) ;
#2211 = CARTESIAN_POINT ( 'NONE',  ( -14.30712604522700100, 5.000000000000000000, 0.0000000000000000000 ) ) ;
#2212 = DIRECTION ( 'NONE',  ( 0.0000000000000000000, -1.000000000000000000, 0.0000000000000000000 ) ) ;
#2213 = ORIENTED_EDGE ( 'NONE', *, *, #1612, .T. ) ;
#2214 = DIRECTION ( 'NONE',  ( 1.000000000000000000, -0.0000000000000000000, -6.287314005789049900E-031 ) ) ;
#2215 = ADVANCED_FACE ( 'NONE', ( #1690 ), #2589, .T. ) ;
#2216 = FACE_BOUND ( 'NONE', #143, .T. ) ;
#2217 = CARTESIAN_POINT ( 'NONE',  ( -12.82846077209154400, 35.55000000000000400, 9.650126457546544900 ) ) ;
#2218 = ORIENTED_EDGE ( 'NONE', *, *, #3148, .T. ) ;
#2219 = DIRECTION ( 'NONE',  ( -0.0000000000000000000, -0.0000000000000000000, -1.000000000000000000 ) ) ;
#2220 = VERTEX_POINT ( 'NONE', #269 ) ;
#2221 = DIRECTION ( 'NONE',  ( -1.000000000000000000, -4.081702296416017000E-016, -0.0000000000000000000 ) ) ;
#2222 = LINE ( 'NONE', #2401, #218 ) ;
#2223 = AXIS2_PLACEMENT_3D ( 'NONE', #1957, #2803, #3097 ) ;
#2224 = EDGE_CURVE ( 'NONE', #3529, #3731, #2832, .T. ) ;
#2225 = DIRECTION ( 'NONE',  ( -0.0000000000000000000, -0.0000000000000000000, -1.000000000000000000 ) ) ;
#2226 = DIRECTION ( 'NONE',  ( -0.0000000000000000000, -0.0000000000000000000, -1.000000000000000000 ) ) ;
#2227 = VERTEX_POINT ( 'NONE', #549 ) ;
#2228 = CYLINDRICAL_SURFACE ( 'NONE', #1457, 2.000000000000000000 ) ;
#2229 = EDGE_CURVE ( 'NONE', #2928, #375, #3203, .T. ) ;
#2230 = CARTESIAN_POINT ( 'NONE',  ( -5.995263060211428300, 35.75000000000000700, 9.650126457546539500 ) ) ;
#2231 = VERTEX_POINT ( 'NONE', #2599 ) ;
#2232 = LINE ( 'NONE', #3374, #1372 ) ;
#2233 = AXIS2_PLACEMENT_3D ( 'NONE', #3202, #2951, #2905 ) ;
#2234 = CARTESIAN_POINT ( 'NONE',  ( -17.49999999999999300, 99.99999999999994300, 2.500000000000000000 ) ) ;
#2235 = DIRECTION ( 'NONE',  ( 1.000000000000000000, -0.0000000000000000000, 0.0000000000000000000 ) ) ;
#2236 = AXIS2_PLACEMENT_3D ( 'NONE', #3033, #741, #1032 ) ;
#2237 = DIRECTION ( 'NONE',  ( 1.734723475976807400E-017, -1.000000000000000000, -0.0000000000000000000 ) ) ;
#2238 = VECTOR ( 'NONE', #3709, 1000.000000000000000 ) ;
#2239 = VECTOR ( 'NONE', #3535, 1000.000000000000000 ) ;
#2240 = DIRECTION ( 'NONE',  ( -1.000000000000000000, -0.0000000000000000000, 1.100194036819509900E-015 ) ) ;
#2241 = ADVANCED_FACE ( 'NONE', ( #3525 ), #1960, .T. ) ;
#2242 = CARTESIAN_POINT ( 'NONE',  ( -16.30712604522700100, 11.00000000000000200, 13.99999999999999500 ) ) ;
#2243 = LINE ( 'NONE', #601, #427 ) ;
#2244 = VERTEX_POINT ( 'NONE', #2334 ) ;
#2245 = CARTESIAN_POINT ( 'NONE',  ( -17.49999999999999300, 99.99999999999994300, -32.50000000000000000 ) ) ;
#2246 = VECTOR ( 'NONE', #3275, 1000.000000000000000 ) ;
#2247 = ORIENTED_EDGE ( 'NONE', *, *, #3239, .T. ) ;
#2248 = DIRECTION ( 'NONE',  ( 1.095136487537750100E-015, 0.0000000000000000000, -1.000000000000000000 ) ) ;
#2249 = ORIENTED_EDGE ( 'NONE', *, *, #170, .T. ) ;
#2250 = CARTESIAN_POINT ( 'NONE',  ( -8.900000000000011000, 11.75462388992309900, 16.89999999999999900 ) ) ;
#2251 = EDGE_CURVE ( 'NONE', #1681, #2351, #1249, .T. ) ;
#2252 = LINE ( 'NONE', #2683, #3723 ) ;
#2253 = ORIENTED_EDGE ( 'NONE', *, *, #2105, .F. ) ;
#2254 = ORIENTED_EDGE ( 'NONE', *, *, #607, .T. ) ;
#2255 = EDGE_CURVE ( 'NONE', #2808, #857, #132, .T. ) ;
#2256 =( NAMED_UNIT ( * ) PLANE_ANGLE_UNIT ( ) SI_UNIT ( $, .RADIAN. ) );
#2257 = DIRECTION ( 'NONE',  ( 1.000000000000000000, 7.153498870007453100E-016, 0.0000000000000000000 ) ) ;
#2258 = ORIENTED_EDGE ( 'NONE', *, *, #204, .T. ) ;
#2259 = CARTESIAN_POINT ( 'NONE',  ( -8.900000569866989500, 35.75000000000000700, 8.896999350387458700 ) ) ;
#2260 = DIRECTION ( 'NONE',  ( -1.000000000000000000, -0.0000000000000000000, -0.0000000000000000000 ) ) ;
#2261 = CARTESIAN_POINT ( 'NONE',  ( -8.500000000000001800, -82.20000000000008800, 0.0000000000000000000 ) ) ;
#2262 = ADVANCED_FACE ( 'NONE', ( #2465 ), #2915, .T. ) ;
#2263 = DIRECTION ( 'NONE',  ( -0.0000000000000000000, 1.000000000000000000, 0.0000000000000000000 ) ) ;
#2264 =( BOUNDED_SURFACE ( )  B_SPLINE_SURFACE ( 3, 3, ( 
 ( #2602, #326, #1080, #3225 ),
 ( #3365, #1002, #3331, #290 ),
 ( #551, #1955, #2942, #1270 ),
 ( #1525, #2396, #1503, #651 ) ),
 .UNSPECIFIED., .F., .F., .F. ) 
 B_SPLINE_SURFACE_WITH_KNOTS ( ( 4, 4 ),
 ( 4, 4 ),
 ( 0.0000000000000000000, 1.000000000000000000 ),
 ( 0.0000000000000000000, 1.000000000000000000 ),
 .UNSPECIFIED. ) 
 GEOMETRIC_REPRESENTATION_ITEM ( )  RATIONAL_B_SPLINE_SURFACE ( (
 ( 1.000000000000000000, 0.8047378541243649400, 0.8047378541243649400, 1.000000000000000000),
 ( 0.8047378541243649400, 0.6476030138606876400, 0.6476030138606876400, 0.8047378541243649400),
 ( 0.8047378541243649400, 0.6476030138606876400, 0.6476030138606876400, 0.8047378541243649400),
 ( 1.000000000000000000, 0.8047378541243649400, 0.8047378541243649400, 1.000000000000000000) ) ) 
 REPRESENTATION_ITEM ( '' )  SURFACE ( )  );
#2265 = CARTESIAN_POINT ( 'NONE',  ( -8.900000000000000400, 35.75000000000000700, 0.0000000000000000000 ) ) ;
#2266 = ORIENTED_EDGE ( 'NONE', *, *, #975, .F. ) ;
#2267 = AXIS2_PLACEMENT_3D ( 'NONE', #1778, #38, #2073 ) ;
#2268 = DIRECTION ( 'NONE',  ( 0.0000000000000000000, -1.000000000000000000, 0.0000000000000000000 ) ) ;
#2269 = ORIENTED_EDGE ( 'NONE', *, *, #2397, .T. ) ;
#2270 = PLANE ( 'NONE',  #2809 ) ;
#2271 = VECTOR ( 'NONE', #377, 1000.000000000000000 ) ;
#2272 = CARTESIAN_POINT ( 'NONE',  ( 4.850000000000001400, 30.00000000000000400, -8.400000000000003900 ) ) ;
#2273 = CARTESIAN_POINT ( 'NONE',  ( -8.900000569866989500, 35.55000000000000400, 9.650126457546550200 ) ) ;
#2274 = CARTESIAN_POINT ( 'NONE',  ( -8.500000000000000000, 40.69999999999998200, 0.0000000000000000000 ) ) ;
#2275 = ORIENTED_EDGE ( 'NONE', *, *, #3530, .T. ) ;
#2276 = ORIENTED_EDGE ( 'NONE', *, *, #386, .F. ) ;
#2277 = LINE ( 'NONE', #2686, #740 ) ;
#2278 = AXIS2_PLACEMENT_3D ( 'NONE', #36, #1790, #911 ) ;
#2279 = DIRECTION ( 'NONE',  ( 0.0000000000000000000, -0.7071067811865468000, 0.7071067811865484600 ) ) ;
#2280 = DIRECTION ( 'NONE',  ( 0.0000000000000000000, 0.0000000000000000000, -1.000000000000000000 ) ) ;
#2281 = CARTESIAN_POINT ( 'NONE',  ( -0.9999999999999995600, 35.75000000000000700, 0.0000000000000000000 ) ) ;
#2282 = ORIENTED_EDGE ( 'NONE', *, *, #336, .T. ) ;
#2283 = VECTOR ( 'NONE', #2389, 1000.000000000000000 ) ;
#2284 = CARTESIAN_POINT ( 'NONE',  ( -8.150000569866989500, 35.75000000000000700, 4.967940939012031300 ) ) ;
#2285 = EDGE_CURVE ( 'NONE', #9, #3578, #519, .T. ) ;
#2286 = CARTESIAN_POINT ( 'NONE',  ( -0.9999999999999985600, 21.31250000000000000, 18.00000000000000400 ) ) ;
#2287 = LINE ( 'NONE', #2273, #3161 ) ;
#2288 = LINE ( 'NONE', #84, #94 ) ;
#2289 = STYLED_ITEM ( 'NONE', ( #3381 ), #1272 ) ;
#2290 = CARTESIAN_POINT ( 'NONE',  ( 4.850000000000001400, -30.00000000000000000, 2.299999999999998900 ) ) ;
#2291 = CIRCLE ( 'NONE', #409, 1.800000000000000500 ) ;
#2292 = ORIENTED_EDGE ( 'NONE', *, *, #1501, .T. ) ;
#2293 = DIRECTION ( 'NONE',  ( 0.0000000000000000000, 0.0000000000000000000, 1.000000000000000000 ) ) ;
#2294 = CARTESIAN_POINT ( 'NONE',  ( -0.9999999999999995600, 13.75000000000000500, 14.00000000000000000 ) ) ;
#2295 = LINE ( 'NONE', #1228, #2246 ) ;
#2296 = VERTEX_POINT ( 'NONE', #2940 ) ;
#2297 = ORIENTED_EDGE ( 'NONE', *, *, #953, .F. ) ;
#2298 = ADVANCED_FACE ( 'NONE', ( #2051 ), #1776, .T. ) ;
#2299 = DIRECTION ( 'NONE',  ( -1.000000000000000000, -1.734723475976807400E-017, 0.0000000000000000000 ) ) ;
#2300 = ORIENTED_EDGE ( 'NONE', *, *, #3537, .T. ) ;
#2301 = PLANE ( 'NONE',  #1438 ) ;
#2302 = ORIENTED_EDGE ( 'NONE', *, *, #1956, .T. ) ;
#2303 = ORIENTED_EDGE ( 'NONE', *, *, #3740, .F. ) ;
#2304 = EDGE_CURVE ( 'NONE', #2481, #2808, #792, .T. ) ;
#2305 = EDGE_CURVE ( 'NONE', #490, #3051, #1551, .T. ) ;
#2306 = DIRECTION ( 'NONE',  ( 1.000000000000000000, 0.0000000000000000000, 0.0000000000000000000 ) ) ;
#2307 = CARTESIAN_POINT ( 'NONE',  ( 4.850000000000001400, 30.00000000000000400, 2.299999999999998900 ) ) ;
#2308 = CARTESIAN_POINT ( 'NONE',  ( -8.900000569866989500, 35.55000000000000400, 8.150126457546541300 ) ) ;
#2309 = CARTESIAN_POINT ( 'NONE',  ( -12.90000000000000000, 4.290495886338391600E-016, 2.891205793294678300E-016 ) ) ;
#2310 = ORIENTED_EDGE ( 'NONE', *, *, #279, .T. ) ;
#2311 = CIRCLE ( 'NONE', #1676, 1.000000000000000900 ) ;
#2312 = ADVANCED_FACE ( 'NONE', ( #2729 ), #1811, .T. ) ;
#2313 = EDGE_LOOP ( 'NONE', ( #2996, #448, #491, #268 ) ) ;
#2314 = LINE ( 'NONE', #77, #3151 ) ;
#2315 = VERTEX_POINT ( 'NONE', #3214 ) ;
#2316 = DIRECTION ( 'NONE',  ( 1.734723475976807400E-017, 1.000000000000000000, 0.0000000000000000000 ) ) ;
#2317 = CARTESIAN_POINT ( 'NONE',  ( -8.900000000000000400, 35.75000000000000700, 17.00000000000000000 ) ) ;
#2318 = DIRECTION ( 'NONE',  ( -1.000000000000000000, 0.0000000000000000000, -1.095136487537750100E-015 ) ) ;
#2319 = ORIENTED_EDGE ( 'NONE', *, *, #2552, .T. ) ;
#2320 = LINE ( 'NONE', #639, #1160 ) ;
#2321 = EDGE_CURVE ( 'NONE', #2847, #2220, #926, .T. ) ;
#2322 = DIRECTION ( 'NONE',  ( -0.0000000000000000000, -0.0000000000000000000, 1.000000000000000000 ) ) ;
#2323 = VECTOR ( 'NONE', #11, 1000.000000000000000 ) ;
#2324 = CYLINDRICAL_SURFACE ( 'NONE', #698, 2.000000000000000000 ) ;
#2325 = EDGE_CURVE ( 'NONE', #2153, #2056, #49, .T. ) ;
#2326 = ADVANCED_FACE ( 'NONE', ( #1247 ), #1800, .T. ) ;
#2327 = FACE_OUTER_BOUND ( 'NONE', #404, .T. ) ;
#2328 = ORIENTED_EDGE ( 'NONE', *, *, #2499, .T. ) ;
#2329 = DIRECTION ( 'NONE',  ( 0.0000000000000000000, 0.0000000000000000000, 1.000000000000000000 ) ) ;
#2330 = CARTESIAN_POINT ( 'NONE',  ( -17.49999999999999600, -100.0000000000000400, 11.79999999999999900 ) ) ;
#2331 = VECTOR ( 'NONE', #3532, 1000.000000000000000 ) ;
#2332 = ORIENTED_EDGE ( 'NONE', *, *, #2579, .T. ) ;
#2333 = VECTOR ( 'NONE', #2457, 1000.000000000000000 ) ;
#2334 = CARTESIAN_POINT ( 'NONE',  ( -4.849999999999997900, -30.00000000000000000, 9.299999999999998900 ) ) ;
#2335 = VERTEX_POINT ( 'NONE', #58 ) ;
#2336 = FACE_OUTER_BOUND ( 'NONE', #3210, .T. ) ;
#2337 = ORIENTED_EDGE ( 'NONE', *, *, #3636, .F. ) ;
#2338 = VERTEX_POINT ( 'NONE', #1537 ) ;
#2339 = ORIENTED_EDGE ( 'NONE', *, *, #630, .T. ) ;
#2340 = CARTESIAN_POINT ( 'NONE',  ( -12.90000000000000000, -1.250000000000000200, 5.782411586589356700E-016 ) ) ;
#2341 = DIRECTION ( 'NONE',  ( -1.000000000000000000, -7.153498870007453100E-016, 0.0000000000000000000 ) ) ;
#2342 = CARTESIAN_POINT ( 'NONE',  ( 4.799907072427490100E-016, 1.000000000000000900, 13.00000000000000200 ) ) ;
#2343 = VERTEX_POINT ( 'NONE', #2677 ) ;
#2344 = EDGE_CURVE ( 'NONE', #1560, #2069, #1507, .T. ) ;
#2345 = ADVANCED_FACE ( 'NONE', ( #1824 ), #2093, .T. ) ;
#2346 = EDGE_CURVE ( 'NONE', #836, #1058, #746, .T. ) ;
#2347 = DIRECTION ( 'NONE',  ( 1.000000000000000000, 2.168404344971008900E-016, -1.734723475976807100E-015 ) ) ;
#2348 = ORIENTED_EDGE ( 'NONE', *, *, #145, .F. ) ;
#2349 = VERTEX_POINT ( 'NONE', #3551 ) ;
#2350 = CARTESIAN_POINT ( 'NONE',  ( -2.946666975829090900, 35.55000000000000400, 8.150126457546543100 ) ) ;
#2351 = VERTEX_POINT ( 'NONE', #3594 ) ;
#2352 = PLANE ( 'NONE',  #441 ) ;
#2353 = DIRECTION ( 'NONE',  ( -1.000000000000000000, 0.0000000000000000000, 0.0000000000000000000 ) ) ;
#2354 = LINE ( 'NONE', #649, #1943 ) ;
#2355 = CARTESIAN_POINT ( 'NONE',  ( -6.250000000000009800, 11.75462388992309900, 16.89999999999999900 ) ) ;
#2356 = CARTESIAN_POINT ( 'NONE',  ( -1.000000000000000000, 1.000000000000000000, 13.00000000000000200 ) ) ;
#2357 = VECTOR ( 'NONE', #933, 1000.000000000000000 ) ;
#2358 = CARTESIAN_POINT ( 'NONE',  ( -16.80000000000000100, 21.31250000000000000, 18.00000000000000400 ) ) ;
#2359 = CARTESIAN_POINT ( 'NONE',  ( -17.49999999999999300, 99.99999999999994300, 2.500000000000000000 ) ) ;
#2360 = ORIENTED_EDGE ( 'NONE', *, *, #2573, .F. ) ;
#2361 = ORIENTED_EDGE ( 'NONE', *, *, #456, .T. ) ;
#2362 = LINE ( 'NONE', #3499, #1773 ) ;
#2363 = DIRECTION ( 'NONE',  ( 1.734723475976807400E-017, 1.000000000000000000, 0.0000000000000000000 ) ) ;
#2364 = ORIENTED_EDGE ( 'NONE', *, *, #1760, .T. ) ;
#2365 = CARTESIAN_POINT ( 'NONE',  ( -0.4142135623730943100, 3.767078446497239800E-015, 13.58578643762691000 ) ) ;
#2366 = PRESENTATION_LAYER_ASSIGNMENT (  '', '', ( #1215 ) ) ;
#2367 = CARTESIAN_POINT ( 'NONE',  ( -14.85333416390489900, 35.55000000000000400, 8.150126457546543100 ) ) ;
#2368 = VECTOR ( 'NONE', #2966, 1000.000000000000000 ) ;
#2369 = EDGE_CURVE ( 'NONE', #502, #3724, #2968, .T. ) ;
#2370 = VECTOR ( 'NONE', #126, 1000.000000000000000 ) ;
#2371 = VECTOR ( 'NONE', #2404, 1000.000000000000000 ) ;
#2372 = EDGE_CURVE ( 'NONE', #3578, #296, #2782, .T. ) ;
#2373 = CARTESIAN_POINT ( 'NONE',  ( 15.00000000000000900, 97.49999999999992900, 0.0000000000000000000 ) ) ;
#2374 = AXIS2_PLACEMENT_3D ( 'NONE', #976, #1273, #2771 ) ;
#2375 = CARTESIAN_POINT ( 'NONE',  ( -4.971540367642439200, 35.55000000000000400, 9.650126457546544900 ) ) ;
#2376 = VECTOR ( 'NONE', #713, 1000.000000000000000 ) ;
#2377 = VERTEX_POINT ( 'NONE', #1526 ) ;
#2378 = CARTESIAN_POINT ( 'NONE',  ( -14.99999999999999100, 97.49999999999992900, -30.00000000000000000 ) ) ;
#2379 = CARTESIAN_POINT ( 'NONE',  ( -17.80000000000000100, 0.6568542494923799200, 13.58578643762690400 ) ) ;
#2380 = CIRCLE ( 'NONE', #156, 1.000000000000000000 ) ;
#2381 = VERTEX_POINT ( 'NONE', #3279 ) ;
#2382 = DIRECTION ( 'NONE',  ( 1.000000000000000000, 0.0000000000000000000, 0.0000000000000000000 ) ) ;
#2383 = PLANE ( 'NONE',  #1065 ) ;
#2384 = ORIENTED_EDGE ( 'NONE', *, *, #2549, .T. ) ;
#2385 = VECTOR ( 'NONE', #430, 1000.000000000000000 ) ;
#2386 = AXIS2_PLACEMENT_3D ( 'NONE', #594, #3788, #1459 ) ;
#2387 = ORIENTED_EDGE ( 'NONE', *, *, #3333, .F. ) ;
#2388 = SURFACE_STYLE_FILL_AREA ( #3156 ) ;
#2389 = DIRECTION ( 'NONE',  ( -0.0000000000000000000, 1.000000000000000000, 0.0000000000000000000 ) ) ;
#2390 = VERTEX_POINT ( 'NONE', #2373 ) ;
#2391 = ORIENTED_EDGE ( 'NONE', *, *, #1408, .F. ) ;
#2392 = CARTESIAN_POINT ( 'NONE',  ( -8.499999999999989300, -40.70000000000002400, 0.0000000000000000000 ) ) ;
#2393 = ORIENTED_EDGE ( 'NONE', *, *, #279, .F. ) ;
#2394 = DIRECTION ( 'NONE',  ( 0.0000000000000000000, -0.0000000000000000000, 1.000000000000000000 ) ) ;
#2395 = PRODUCT_DEFINITION ( 'UNKNOWN', '', #3257, #1950 ) ;
#2396 = CARTESIAN_POINT ( 'NONE',  ( -17.80000000000000100, 34.75000000000000000, 17.00000000000000000 ) ) ;
#2397 = EDGE_CURVE ( 'NONE', #989, #2481, #3479, .T. ) ;
#2398 = EDGE_CURVE ( 'NONE', #2335, #2926, #3055, .T. ) ;
#2399 = CARTESIAN_POINT ( 'NONE',  ( 17.50000000000000700, 99.99999999999994300, 11.79999999999999900 ) ) ;
#2400 = ORIENTED_EDGE ( 'NONE', *, *, #3270, .F. ) ;
#2401 = CARTESIAN_POINT ( 'NONE',  ( 4.850000000000001400, -30.00000000000000000, -86.87902598758884700 ) ) ;
#2402 = VERTEX_POINT ( 'NONE', #2118 ) ;
#2403 = DIRECTION ( 'NONE',  ( 0.0000000000000000000, -0.0000000000000000000, 1.000000000000000000 ) ) ;
#2404 = DIRECTION ( 'NONE',  ( 1.000000000000000000, 0.0000000000000000000, 0.0000000000000000000 ) ) ;
#2405 = LINE ( 'NONE', #3463, #504 ) ;
#2406 = ADVANCED_FACE ( 'NONE', ( #3761 ), #393, .F. ) ;
#2407 = EDGE_LOOP ( 'NONE', ( #3680, #604, #898 ) ) ;
#2408 = CARTESIAN_POINT ( 'NONE',  ( -14.99999999999999500, -100.0000000000000400, 0.0000000000000000000 ) ) ;
#2409 = DIRECTION ( 'NONE',  ( -1.000000000000000000, 4.988948705044640200E-017, 0.0000000000000000000 ) ) ;
#2410 = FACE_OUTER_BOUND ( 'NONE', #1615, .T. ) ;
#2411 = CARTESIAN_POINT ( 'NONE',  ( -8.150000569866989500, 35.75000000000000700, 10.72749521237430100 ) ) ;
#2412 = VERTEX_POINT ( 'NONE', #379 ) ;
#2413 = COLOUR_RGB ( '',0.7921568627450980000, 0.8196078431372548800, 0.9333333333333333500 ) ;
#2414 = CARTESIAN_POINT ( 'NONE',  ( -14.99999999999999500, -97.50000000000004300, -30.00000000000000000 ) ) ;
#2415 = ORIENTED_EDGE ( 'NONE', *, *, #153, .T. ) ;
#2416 = CARTESIAN_POINT ( 'NONE',  ( -0.9999999999999991100, 0.9999999999999995600, 13.00000000000000200 ) ) ;
#2417 = LINE ( 'NONE', #692, #277 ) ;
#2418 = DIRECTION ( 'NONE',  ( 0.0000000000000000000, -1.000000000000000000, 0.0000000000000000000 ) ) ;
#2419 = DIRECTION ( 'NONE',  ( 1.000000000000000000, 0.0000000000000000000, 0.0000000000000000000 ) ) ;
#2420 = LINE ( 'NONE', #2801, #3107 ) ;
#2421 = AXIS2_PLACEMENT_3D ( 'NONE', #28, #3234, #2652 ) ;
#2422 = CARTESIAN_POINT ( 'NONE',  ( -9.650000569866991300, 35.55000000000000400, 8.150126457546541300 ) ) ;
#2423 = EDGE_CURVE ( 'NONE', #982, #3131, #2880, .T. ) ;
#2424 = PLANE ( 'NONE',  #2068 ) ;
#2425 = VECTOR ( 'NONE', #1132, 1000.000000000000000 ) ;
#2426 = ORIENTED_EDGE ( 'NONE', *, *, #2843, .F. ) ;
#2427 = EDGE_CURVE ( 'NONE', #250, #2614, #381, .T. ) ;
#2428 = DIRECTION ( 'NONE',  ( 0.0000000000000000000, 0.0000000000000000000, -1.000000000000000000 ) ) ;
#2429 = LINE ( 'NONE', #112, #3304 ) ;
#2430 = CARTESIAN_POINT ( 'NONE',  ( -8.900000569866989500, 35.75000000000000700, 8.900126457546539500 ) ) ;
#2431 = ORIENTED_EDGE ( 'NONE', *, *, #365, .F. ) ;
#2432 = LINE ( 'NONE', #3002, #580 ) ;
#2433 = ORIENTED_EDGE ( 'NONE', *, *, #753, .T. ) ;
#2434 = CARTESIAN_POINT ( 'NONE',  ( -17.80000000000000100, 17.87500000000000400, 0.0000000000000000000 ) ) ;
#2435 = LINE ( 'NONE', #3326, #3676 ) ;
#2436 = ORIENTED_EDGE ( 'NONE', *, *, #3637, .F. ) ;
#2437 = ORIENTED_EDGE ( 'NONE', *, *, #2499, .F. ) ;
#2438 = CARTESIAN_POINT ( 'NONE',  ( -8.500000000000001800, 82.19999999999997400, 2.500000000000000000 ) ) ;
#2439 = ORIENTED_EDGE ( 'NONE', *, *, #413, .T. ) ;
#2440 = ORIENTED_EDGE ( 'NONE', *, *, #467, .T. ) ;
#2441 = CARTESIAN_POINT ( 'NONE',  ( -14.34838235854660100, 35.75000000000000700, 8.150126457546541300 ) ) ;
#2442 = EDGE_CURVE ( 'NONE', #113, #2111, #2002, .T. ) ;
#2443 = DIRECTION ( 'NONE',  ( -0.0000000000000000000, -1.000000000000000000, -0.0000000000000000000 ) ) ;
#2444 = PRODUCT_DEFINITION_SHAPE ( 'NONE', 'NONE',  #650 ) ;
#2445 = DIRECTION ( 'NONE',  ( 0.0000000000000000000, 0.0000000000000000000, 1.000000000000000000 ) ) ;
#2446 = VERTEX_POINT ( 'NONE', #3604 ) ;
#2447 = ORIENTED_EDGE ( 'NONE', *, *, #734, .F. ) ;
#2448 = DIRECTION ( 'NONE',  ( 0.0000000000000000000, 0.0000000000000000000, 1.000000000000000000 ) ) ;
#2449 = EDGE_CURVE ( 'NONE', #710, #1711, #473, .T. ) ;
#2450 = DIRECTION ( 'NONE',  ( 0.0000000000000000000, 0.0000000000000000000, -1.000000000000000000 ) ) ;
#2451 = CARTESIAN_POINT ( 'NONE',  ( -4.849999999999997900, -30.00000000000000000, 2.299999999999998900 ) ) ;
#2452 = VERTEX_POINT ( 'NONE', #157 ) ;
#2453 = AXIS2_PLACEMENT_3D ( 'NONE', #503, #2248, #2318 ) ;
#2454 = DIRECTION ( 'NONE',  ( -1.000000000000000000, 0.0000000000000000000, 6.287314005789049900E-031 ) ) ;
#2455 = CIRCLE ( 'NONE', #1553, 1.000000000000000900 ) ;
#2456 = FACE_OUTER_BOUND ( 'NONE', #684, .T. ) ;
#2457 = DIRECTION ( 'NONE',  ( 1.000000000000000000, 0.0000000000000000000, 0.0000000000000000000 ) ) ;
#2458 = VERTEX_POINT ( 'NONE', #3037 ) ;
#2459 = ORIENTED_EDGE ( 'NONE', *, *, #2397, .F. ) ;
#2460 = AXIS2_PLACEMENT_3D ( 'NONE', #2027, #3207, #1204 ) ;
#2461 = LINE ( 'NONE', #3653, #788 ) ;
#2462 = DIRECTION ( 'NONE',  ( 0.0000000000000000000, -1.000000000000000000, -0.0000000000000000000 ) ) ;
#2463 = VERTEX_POINT ( 'NONE', #3645 ) ;
#2464 = DIRECTION ( 'NONE',  ( -1.000000000000000000, 0.0000000000000000000, -0.0000000000000000000 ) ) ;
#2465 = FACE_OUTER_BOUND ( 'NONE', #1053, .T. ) ;
#2466 = DIRECTION ( 'NONE',  ( 1.000000000000000000, 1.278665952808457400E-016, -0.0000000000000000000 ) ) ;
#2467 = DIRECTION ( 'NONE',  ( -0.0000000000000000000, 0.0000000000000000000, 1.000000000000000000 ) ) ;
#2468 = LINE ( 'NONE', #2317, #3624 ) ;
#2469 = ORIENTED_EDGE ( 'NONE', *, *, #753, .F. ) ;
#2470 = FACE_OUTER_BOUND ( 'NONE', #2142, .T. ) ;
#2471 = VERTEX_POINT ( 'NONE', #454 ) ;
#2472 = DIRECTION ( 'NONE',  ( 0.0000000000000000000, 0.0000000000000000000, 1.000000000000000000 ) ) ;
#2473 = DIRECTION ( 'NONE',  ( 0.0000000000000000000, 0.0000000000000000000, -1.000000000000000000 ) ) ;
#2474 = CARTESIAN_POINT ( 'NONE',  ( -8.500000000000003600, -48.70000000000007400, 2.500000000000000000 ) ) ;
#2475 = CYLINDRICAL_SURFACE ( 'NONE', #2421, 3.000000000000000000 ) ;
#2476 = EDGE_LOOP ( 'NONE', ( #3193, #2131, #1397, #385 ) ) ;
#2477 = CARTESIAN_POINT ( 'NONE',  ( -16.80000000000000100, 1.000000000000000000, 0.0000000000000000000 ) ) ;
#2478 = ORIENTED_EDGE ( 'NONE', *, *, #1195, .T. ) ;
#2479 = CARTESIAN_POINT ( 'NONE',  ( -14.30712604522700100, 5.000000000000000000, 13.99999999999999500 ) ) ;
#2480 = ORIENTED_EDGE ( 'NONE', *, *, #3008, .F. ) ;
#2481 = VERTEX_POINT ( 'NONE', #1323 ) ;
#2482 = EDGE_CURVE ( 'NONE', #1391, #63, #2688, .T. ) ;
#2483 = AXIS2_PLACEMENT_3D ( 'NONE', #3058, #3373, #3363 ) ;
#2484 = ORIENTED_EDGE ( 'NONE', *, *, #3659, .T. ) ;
#2485 = ORIENTED_EDGE ( 'NONE', *, *, #1787, .F. ) ;
#2486 = DIRECTION ( 'NONE',  ( -0.0000000000000000000, -0.0000000000000000000, -1.000000000000000000 ) ) ;
#2487 = DIRECTION ( 'NONE',  ( 0.0000000000000000000, 1.000000000000000000, 0.0000000000000000000 ) ) ;
#2488 = CARTESIAN_POINT ( 'NONE',  ( -14.34838235854660100, 35.75000000000000700, 8.150126457546541300 ) ) ;
#2489 = CARTESIAN_POINT ( 'NONE',  ( -17.49999999999999600, -100.0000000000000400, 2.500000000000000000 ) ) ;
#2490 = ADVANCED_FACE ( 'NONE', ( #1161 ), #3657, .F. ) ;
#2491 = CARTESIAN_POINT ( 'NONE',  ( -8.900000000000030600, -1.250000000000000000, 5.949999999999999300 ) ) ;
#2492 = UNCERTAINTY_MEASURE_WITH_UNIT (LENGTH_MEASURE( 1.000000000000000100E-005 ), #562, 'distance_accuracy_value', 'NONE');
#2493 = CARTESIAN_POINT ( 'NONE',  ( -4.970346528868033100, 35.75000000000000700, 8.150126457546539500 ) ) ;
#2494 = AXIS2_PLACEMENT_3D ( 'NONE', #1549, #2678, #645 ) ;
#2495 = CARTESIAN_POINT ( 'NONE',  ( -14.85254620685483900, 35.55000000000000400, 9.650126457546543100 ) ) ;
#2496 = FACE_BOUND ( 'NONE', #1027, .T. ) ;
#2497 = CARTESIAN_POINT ( 'NONE',  ( -8.499999999999989300, -40.70000000000002400, 2.500000000000000000 ) ) ;
#2498 = ORIENTED_EDGE ( 'NONE', *, *, #2224, .F. ) ;
#2499 = EDGE_CURVE ( 'NONE', #3319, #9, #2603, .T. ) ;
#2500 = DIRECTION ( 'NONE',  ( 0.0000000000000000000, -1.000000000000000000, 0.0000000000000000000 ) ) ;
#2501 =( NAMED_UNIT ( * ) PLANE_ANGLE_UNIT ( ) SI_UNIT ( $, .RADIAN. ) );
#2502 = VECTOR ( 'NONE', #1016, 1000.000000000000000 ) ;
#2503 = AXIS2_PLACEMENT_3D ( 'NONE', #2129, #657, #955 ) ;
#2504 = DIRECTION ( 'NONE',  ( -0.0000000000000000000, -0.0000000000000000000, -1.000000000000000000 ) ) ;
#2505 = EDGE_LOOP ( 'NONE', ( #1188, #1467, #178, #1619 ) ) ;
#2506 = VERTEX_POINT ( 'NONE', #442 ) ;
#2507 = DIRECTION ( 'NONE',  ( 1.000000000000000000, -1.734723475976807400E-017, 0.0000000000000000000 ) ) ;
#2508 = VECTOR ( 'NONE', #2531, 1000.000000000000000 ) ;
#2509 = ORIENTED_EDGE ( 'NONE', *, *, #1048, .F. ) ;
#2510 = LINE ( 'NONE', #3623, #1548 ) ;
#2511 = PLANE ( 'NONE',  #1802 ) ;
#2512 = ADVANCED_FACE ( 'NONE', ( #280 ), #1593, .T. ) ;
#2513 = DIRECTION ( 'NONE',  ( 0.0000000000000000000, 1.000000000000000000, 0.0000000000000000000 ) ) ;
#2514 = DIRECTION ( 'NONE',  ( -0.0000000000000000000, -1.000000000000000000, -0.0000000000000000000 ) ) ;
#2515 = PLANE ( 'NONE',  #1476 ) ;
#2516 = FACE_OUTER_BOUND ( 'NONE', #3557, .T. ) ;
#2517 = COLOUR_RGB ( '',0.7921568627450980000, 0.8196078431372548800, 0.9333333333333333500 ) ;
#2518 = CARTESIAN_POINT ( 'NONE',  ( -4.849999999999997900, 29.99999999999999600, 2.299999999999998900 ) ) ;
#2519 = CARTESIAN_POINT ( 'NONE',  ( -8.900000000000000400, 35.75000000000000700, 0.0000000000000000000 ) ) ;
#2520 = CIRCLE ( 'NONE', #1122, 5.999999999996740400 ) ;
#2521 = EDGE_LOOP ( 'NONE', ( #2644, #2187, #1130, #1129 ) ) ;
#2522 = VECTOR ( 'NONE', #2237, 1000.000000000000000 ) ;
#2523 = SURFACE_STYLE_USAGE ( .BOTH. , #1621 ) ;
#2524 = AXIS2_PLACEMENT_3D ( 'NONE', #1280, #3010, #3592 ) ;
#2525 = FACE_OUTER_BOUND ( 'NONE', #1265, .T. ) ;
#2526 = ORIENTED_EDGE ( 'NONE', *, *, #2398, .F. ) ;
#2527 = EDGE_CURVE ( 'NONE', #3131, #81, #1422, .T. ) ;
#2528 = CARTESIAN_POINT ( 'NONE',  ( 4.850000000000001400, 30.00000000000000400, -86.87902598758884700 ) ) ;
#2529 = CARTESIAN_POINT ( 'NONE',  ( -8.500000000000003600, -48.70000000000007400, 2.500000000000000000 ) ) ;
#2530 = LINE ( 'NONE', #1883, #3591 ) ;
#2531 = DIRECTION ( 'NONE',  ( -0.0000000000000000000, -0.0000000000000000000, -1.000000000000000000 ) ) ;
#2532 = EDGE_CURVE ( 'NONE', #1848, #2090, #1331, .T. ) ;
#2533 = VECTOR ( 'NONE', #1532, 1000.000000000000000 ) ;
#2534 = VERTEX_POINT ( 'NONE', #1604 ) ;
#2535 = ORIENTED_EDGE ( 'NONE', *, *, #153, .F. ) ;
#2536 = CARTESIAN_POINT ( 'NONE',  ( -9.650000569866991300, 35.75000000000000700, 14.34674812057370000 ) ) ;
#2537 = ADVANCED_FACE ( 'NONE', ( #1060, #3295, #3388, #3159 ), #425, .F. ) ;
#2538 = ORIENTED_EDGE ( 'NONE', *, *, #1448, .F. ) ;
#2539 = DIRECTION ( 'NONE',  ( 0.0000000000000000000, 0.0000000000000000000, 1.000000000000000000 ) ) ;
#2540 =( LENGTH_UNIT ( ) NAMED_UNIT ( * ) SI_UNIT ( .MILLI., .METRE. ) );
#2541 =( LENGTH_UNIT ( ) NAMED_UNIT ( * ) SI_UNIT ( .MILLI., .METRE. ) );
#2542 = DIRECTION ( 'NONE',  ( -1.000000000000000000, 0.0000000000000000000, 0.0000000000000000000 ) ) ;
#2543 = VERTEX_POINT ( 'NONE', #3656 ) ;
#2544 = DIRECTION ( 'NONE',  ( 0.0000000000000000000, -1.000000000000000000, 0.0000000000000000000 ) ) ;
#2545 = CARTESIAN_POINT ( 'NONE',  ( -8.900000569866989500, 35.55000000000000400, 8.896999350387458700 ) ) ;
#2546 = PRESENTATION_LAYER_ASSIGNMENT (  '', '', ( #1688 ) ) ;
#2547 = VERTEX_POINT ( 'NONE', #732 ) ;
#2548 = VECTOR ( 'NONE', #73, 1000.000000000000000 ) ;
#2549 = EDGE_CURVE ( 'NONE', #3684, #2534, #1594, .T. ) ;
#2550 = FILL_AREA_STYLE_COLOUR ( '', #1176 ) ;
#2551 = ADVANCED_FACE ( 'NONE', ( #1516 ), #981, .T. ) ;
#2552 = EDGE_CURVE ( 'NONE', #2377, #296, #2380, .T. ) ;
#2553 = DIRECTION ( 'NONE',  ( -1.000000000000000000, -0.0000000000000000000, 0.0000000000000000000 ) ) ;
#2554 = ORIENTED_EDGE ( 'NONE', *, *, #2145, .T. ) ;
#2555 = ORIENTED_EDGE ( 'NONE', *, *, #128, .T. ) ;
#2556 = VECTOR ( 'NONE', #720, 1000.000000000000000 ) ;
#2557 = DIRECTION ( 'NONE',  ( 0.0000000000000000000, 0.0000000000000000000, -1.000000000000000000 ) ) ;
#2558 = DIRECTION ( 'NONE',  ( 0.0000000000000000000, -1.000000000000000000, 0.0000000000000000000 ) ) ;
#2559 = DIRECTION ( 'NONE',  ( 1.000000000000000000, 0.0000000000000000000, -2.043846688811130000E-031 ) ) ;
#2560 = ORIENTED_EDGE ( 'NONE', *, *, #3235, .F. ) ;
#2561 = AXIS2_PLACEMENT_3D ( 'NONE', #582, #1699, #3160 ) ;
#2562 = FILL_AREA_STYLE ('',( #798 ) ) ;
#2563 = VECTOR ( 'NONE', #3400, 1000.000000000000000 ) ;
#2564 = CARTESIAN_POINT ( 'NONE',  ( 17.50000000000001100, -100.0000000000000400, 9.299999999999998900 ) ) ;
#2565 = FACE_BOUND ( 'NONE', #325, .T. ) ;
#2566 = CIRCLE ( 'NONE', #331, 1.000000000000000900 ) ;
#2567 = CARTESIAN_POINT ( 'NONE',  ( -8.900000569866989500, 35.75000000000000700, 8.896999350387458700 ) ) ;
#2568 = EDGE_LOOP ( 'NONE', ( #819, #3571, #2218, #3353 ) ) ;
#2569 = ADVANCED_FACE ( 'NONE', ( #757 ), #3208, .T. ) ;
#2570 = DIRECTION ( 'NONE',  ( -0.0000000000000000000, 1.000000000000000000, 0.0000000000000000000 ) ) ;
#2571 = DIRECTION ( 'NONE',  ( -1.000000000000000000, -0.0000000000000000000, 0.0000000000000000000 ) ) ;
#2572 = ORIENTED_EDGE ( 'NONE', *, *, #1880, .T. ) ;
#2573 = EDGE_CURVE ( 'NONE', #1482, #2412, #2429, .T. ) ;
#2574 = EDGE_LOOP ( 'NONE', ( #2763, #2015 ) ) ;
#2575 = LINE ( 'NONE', #724, #2896 ) ;
#2576 = VERTEX_POINT ( 'NONE', #1935 ) ;
#2577 = ORIENTED_EDGE ( 'NONE', *, *, #410, .F. ) ;
#2578 = EDGE_CURVE ( 'NONE', #47, #3759, #2697, .T. ) ;
#2579 = EDGE_CURVE ( 'NONE', #3230, #2296, #1917, .T. ) ;
#2580 = VERTEX_POINT ( 'NONE', #2234 ) ;
#2581 = ORIENTED_EDGE ( 'NONE', *, *, #609, .T. ) ;
#2582 = CARTESIAN_POINT ( 'NONE',  ( -16.80000000000000100, 12.98835678118660100, 11.82414321881350000 ) ) ;
#2583 = AXIS2_PLACEMENT_3D ( 'NONE', #476, #3391, #3337 ) ;
#2584 = CARTESIAN_POINT ( 'NONE',  ( -1.500000000000050000, 5.000000000000000000, -29.80527936219560200 ) ) ;
#2585 = CARTESIAN_POINT ( 'NONE',  ( -9.650000569866991300, 35.75000000000000700, 14.34674812057370000 ) ) ;
#2586 = CARTESIAN_POINT ( 'NONE',  ( -17.80000000000000100, 1.000000000000000900, 0.0000000000000000000 ) ) ;
#2587 = ORIENTED_EDGE ( 'NONE', *, *, #1788, .F. ) ;
#2588 = AXIS2_PLACEMENT_3D ( 'NONE', #3245, #397, #1502 ) ;
#2589 = PLANE ( 'NONE',  #685 ) ;
#2590 = DIRECTION ( 'NONE',  ( 1.000000000000000000, 0.0000000000000000000, 0.0000000000000000000 ) ) ;
#2591 = DIRECTION ( 'NONE',  ( -0.0000000000000000000, -0.0000000000000000000, 1.000000000000000000 ) ) ;
#2592 = ORIENTED_EDGE ( 'NONE', *, *, #2623, .F. ) ;
#2593 = DIRECTION ( 'NONE',  ( 0.0000000000000000000, -0.0000000000000000000, -1.000000000000000000 ) ) ;
#2594 = CARTESIAN_POINT ( 'NONE',  ( -8.500000000000003600, -48.70000000000007400, 0.0000000000000000000 ) ) ;
#2595 = LINE ( 'NONE', #992, #3647 ) ;
#2596 = EDGE_CURVE ( 'NONE', #81, #400, #799, .T. ) ;
#2597 = VERTEX_POINT ( 'NONE', #3726 ) ;
#2598 = ORIENTED_EDGE ( 'NONE', *, *, #2049, .F. ) ;
#2599 = CARTESIAN_POINT ( 'NONE',  ( -2.212388361081595300E-015, 18.16421356237310600, 17.00000000000000000 ) ) ;
#2600 = ORIENTED_EDGE ( 'NONE', *, *, #1472, .T. ) ;
#2601 = VECTOR ( 'NONE', #1754, 1000.000000000000000 ) ;
#2602 = CARTESIAN_POINT ( 'NONE',  ( -16.80000000000000100, 35.75000000000000700, 17.00000000000000000 ) ) ;
#2603 = LINE ( 'NONE', #3349, #1907 ) ;
#2604 = CARTESIAN_POINT ( 'NONE',  ( -17.49999999999999600, -100.0000000000000400, 9.299999999999998900 ) ) ;
#2605 = CARTESIAN_POINT ( 'NONE',  ( -8.900000569866989500, 35.55000000000000400, 8.900126457546539500 ) ) ;
#2606 = FACE_OUTER_BOUND ( 'NONE', #1591, .T. ) ;
#2607 = VECTOR ( 'NONE', #183, 1000.000000000000000 ) ;
#2608 = AXIS2_PLACEMENT_3D ( 'NONE', #65, #2418, #2954 ) ;
#2609 = CYLINDRICAL_SURFACE ( 'NONE', #1757, 3.000000000000000000 ) ;
#2610 = VERTEX_POINT ( 'NONE', #2518 ) ;
#2611 = FACE_OUTER_BOUND ( 'NONE', #1870, .T. ) ;
#2612 = APPLICATION_PROTOCOL_DEFINITION ( 'draft international standard', 'automotive_design', 1998, #2882 ) ;
#2613 = LINE ( 'NONE', #3146, #1257 ) ;
#2614 = VERTEX_POINT ( 'NONE', #3433 ) ;
#2615 = DIRECTION ( 'NONE',  ( 1.000000000000000000, -0.0000000000000000000, -6.287314005789049900E-031 ) ) ;
#2616 = LINE ( 'NONE', #3054, #2112 ) ;
#2617 = CARTESIAN_POINT ( 'NONE',  ( 1.040565744906462400E-015, 0.4142135623730943100, 13.00000000000000500 ) ) ;
#2618 = CARTESIAN_POINT ( 'NONE',  ( -7.072631815039209800, 35.75000000000000700, 9.650126457546539500 ) ) ;
#2619 = AXIS2_PLACEMENT_3D ( 'NONE', #71, #2542, #1298 ) ;
#2620 = ORIENTED_EDGE ( 'NONE', *, *, #3067, .T. ) ;
#2621 = ORIENTED_EDGE ( 'NONE', *, *, #2325, .T. ) ;
#2622 = CARTESIAN_POINT ( 'NONE',  ( -8.900000569866989500, 35.75000000000000700, 8.896999350387458700 ) ) ;
#2623 = EDGE_CURVE ( 'NONE', #1240, #3228, #295, .T. ) ;
#2624 = ADVANCED_FACE ( 'NONE', ( #708 ), #890, .T. ) ;
#2625 = EDGE_CURVE ( 'NONE', #1899, #3179, #2978, .T. ) ;
#2626 = VERTEX_POINT ( 'NONE', #294 ) ;
#2627 = AXIS2_PLACEMENT_3D ( 'NONE', #2174, #3617, #3318 ) ;
#2628 = AXIS2_PLACEMENT_3D ( 'NONE', #678, #3558, #666 ) ;
#2629 = CARTESIAN_POINT ( 'NONE',  ( -0.9999999999999991100, 17.87500000000000400, 13.99999999999999800 ) ) ;
#2630 = ORIENTED_EDGE ( 'NONE', *, *, #2874, .F. ) ;
#2631 = DIRECTION ( 'NONE',  ( 0.0000000000000000000, -1.000000000000000000, 0.0000000000000000000 ) ) ;
#2632 = APPLICATION_CONTEXT ( 'automotive_design' ) ;
#2633 = CIRCLE ( 'NONE', #1938, 1.000000000000000000 ) ;
#2634 = ADVANCED_FACE ( 'NONE', ( #2525 ), #195, .F. ) ;
#2635 = ADVANCED_FACE ( 'NONE', ( #98 ), #782, .F. ) ;
#2636 = EDGE_CURVE ( 'NONE', #3582, #1878, #142, .T. ) ;
#2637 = PLANE ( 'NONE',  #2180 ) ;
#2638 = DIRECTION ( 'NONE',  ( -0.0000000000000000000, 1.000000000000000000, 0.0000000000000000000 ) ) ;
#2639 = ORIENTED_EDGE ( 'NONE', *, *, #1901, .F. ) ;
#2640 = ORIENTED_EDGE ( 'NONE', *, *, #1541, .T. ) ;
#2641 = FACE_OUTER_BOUND ( 'NONE', #979, .T. ) ;
#2642 = EDGE_CURVE ( 'NONE', #1142, #695, #3671, .T. ) ;
#2643 = CARTESIAN_POINT ( 'NONE',  ( -4.899999999999999500, 4.440164347489730400E-016, 5.699999999999999300 ) ) ;
#2644 = ORIENTED_EDGE ( 'NONE', *, *, #362, .T. ) ;
#2645 = DIRECTION ( 'NONE',  ( 0.0000000000000000000, 1.000000000000000000, 0.0000000000000000000 ) ) ;
#2646 = AXIS2_PLACEMENT_3D ( 'NONE', #3790, #2544, #813 ) ;
#2647 = LINE ( 'NONE', #3694, #699 ) ;
#2648 = DIRECTION ( 'NONE',  ( 0.0000000000000000000, 0.0000000000000000000, 1.000000000000000000 ) ) ;
#2649 = DIRECTION ( 'NONE',  ( 0.0000000000000000000, 0.0000000000000000000, 1.000000000000000000 ) ) ;
#2650 = VECTOR ( 'NONE', #2075, 1000.000000000000000 ) ;
#2651 = DIRECTION ( 'NONE',  ( 1.000000000000000000, 0.0000000000000000000, -0.0000000000000000000 ) ) ;
#2652 = DIRECTION ( 'NONE',  ( 0.0000000000000000000, 0.0000000000000000000, -1.000000000000000000 ) ) ;
#2653 = LINE ( 'NONE', #3747, #2693 ) ;
#2654 = EDGE_LOOP ( 'NONE', ( #3172, #3738, #421 ) ) ;
#2655 = CARTESIAN_POINT ( 'NONE',  ( 0.0000000000000000000, 35.09314575050761700, 17.58578643762690100 ) ) ;
#2656 = VERTEX_POINT ( 'NONE', #3507 ) ;
#2657 = ITEM_DEFINED_TRANSFORMATION ( 'NONE', 'NONE', #1488,  #1117 ) ;
#2658 = CARTESIAN_POINT ( 'NONE',  ( -3.500000000000010200, 11.00000000000000200, 13.99999999999999500 ) ) ;
#2659 = LINE ( 'NONE', #2359, #2934 ) ;
#2660 = ORIENTED_EDGE ( 'NONE', *, *, #1092, .T. ) ;
#2661 = ORIENTED_EDGE ( 'NONE', *, *, #880, .F. ) ;
#2662 = CARTESIAN_POINT ( 'NONE',  ( 0.0000000000000000000, 17.87500000000000400, 0.0000000000000000000 ) ) ;
#2663 = PLANE ( 'NONE',  #1639 ) ;
#2664 = VECTOR ( 'NONE', #833, 1000.000000000000000 ) ;
#2665 = EDGE_LOOP ( 'NONE', ( #3730, #987, #1850, #3690 ) ) ;
#2666 = ORIENTED_EDGE ( 'NONE', *, *, #3681, .F. ) ;
#2667 = DIRECTION ( 'NONE',  ( 1.000000000000000000, 0.0000000000000000000, 0.0000000000000000000 ) ) ;
#2668 = CARTESIAN_POINT ( 'NONE',  ( -1.500000000000010000, 11.00000000000000200, -29.80527936219560200 ) ) ;
#2669 = ORIENTED_EDGE ( 'NONE', *, *, #2962, .F. ) ;
#2670 = EDGE_CURVE ( 'NONE', #1775, #2576, #12, .T. ) ;
#2671 = CARTESIAN_POINT ( 'NONE',  ( -9.650000569866991300, 35.55000000000000400, 11.80486396720210300 ) ) ;
#2672 = ORIENTED_EDGE ( 'NONE', *, *, #2578, .T. ) ;
#2673 = CARTESIAN_POINT ( 'NONE',  ( -0.9999999999999995600, 1.247237176261162200E-017, 0.0000000000000000000 ) ) ;
#2674 = CARTESIAN_POINT ( 'NONE',  ( -16.30712604522700100, 5.000000000000000000, -29.80527936219560200 ) ) ;
#2675 = FACE_OUTER_BOUND ( 'NONE', #2985, .T. ) ;
#2676 = DIRECTION ( 'NONE',  ( 0.0000000000000000000, -0.7071067811865480200, -0.7071067811865470200 ) ) ;
#2677 = CARTESIAN_POINT ( 'NONE',  ( -9.650000569866991300, 35.75000000000000700, 8.150126457546541300 ) ) ;
#2678 = DIRECTION ( 'NONE',  ( 0.0000000000000000000, -1.000000000000000000, 0.0000000000000000000 ) ) ;
#2679 = ORIENTED_EDGE ( 'NONE', *, *, #1285, .F. ) ;
#2680 = ORIENTED_EDGE ( 'NONE', *, *, #880, .T. ) ;
#2681 = LINE ( 'NONE', #959, #1500 ) ;
#2682 = DIRECTION ( 'NONE',  ( -1.000000000000000000, 0.0000000000000000000, 0.0000000000000000000 ) ) ;
#2683 = CARTESIAN_POINT ( 'NONE',  ( -8.150000569866989500, 35.75000000000000700, 8.150126457546541300 ) ) ;
#2684 = ORIENTED_EDGE ( 'NONE', *, *, #1523, .T. ) ;
#2685 = LINE ( 'NONE', #70, #3244 ) ;
#2686 = CARTESIAN_POINT ( 'NONE',  ( -8.150000569866989500, 35.55000000000000400, 8.896999350387458700 ) ) ;
#2687 = AXIS2_PLACEMENT_3D ( 'NONE', #2622, #278, #1979 ) ;
#2688 = CIRCLE ( 'NONE', #2058, 4.000000000000000000 ) ;
#2689 = EDGE_CURVE ( 'NONE', #2412, #2825, #2014, .T. ) ;
#2690 = CARTESIAN_POINT ( 'NONE',  ( -17.49999999999999300, 99.99999999999994300, 11.79999999999999900 ) ) ;
#2691 = CIRCLE ( 'NONE', #1409, 2.000000000000000000 ) ;
#2692 = CARTESIAN_POINT ( 'NONE',  ( -8.150000569866989500, 35.75000000000000700, 14.84993980027949200 ) ) ;
#2693 = VECTOR ( 'NONE', #641, 1000.000000000000000 ) ;
#2694 = ORIENTED_EDGE ( 'NONE', *, *, #2897, .T. ) ;
#2695 = CYLINDRICAL_SURFACE ( 'NONE', #2894, 1.000000000000000900 ) ;
#2696 = DIRECTION ( 'NONE',  ( 1.000000000000000000, 0.0000000000000000000, -0.0000000000000000000 ) ) ;
#2697 = LINE ( 'NONE', #1400, #3115 ) ;
#2698 = EDGE_LOOP ( 'NONE', ( #1970, #2393, #2297, #3460 ) ) ;
#2699 = CARTESIAN_POINT ( 'NONE',  ( -2.946666975829091800, 35.75000000000000700, 8.150126457546543100 ) ) ;
#2700 = ORIENTED_EDGE ( 'NONE', *, *, #2482, .F. ) ;
#2701 = LINE ( 'NONE', #3682, #1175 ) ;
#2702 = UNCERTAINTY_MEASURE_WITH_UNIT (LENGTH_MEASURE( 1.000000000000000100E-005 ), #2541, 'distance_accuracy_value', 'NONE');
#2703 = CARTESIAN_POINT ( 'NONE',  ( 17.50000000000000700, 99.99999999999994300, 11.79999999999999900 ) ) ;
#2704 = LINE ( 'NONE', #3414, #2018 ) ;
#2705 = CARTESIAN_POINT ( 'NONE',  ( -16.30712604522700100, 8.000000000000000000, 13.99999999999999500 ) ) ;
#2706 = ORIENTED_EDGE ( 'NONE', *, *, #2304, .T. ) ;
#2707 = ORIENTED_EDGE ( 'NONE', *, *, #3386, .T. ) ;
#2708 = DIRECTION ( 'NONE',  ( 0.0000000000000000000, -1.000000000000000000, -0.0000000000000000000 ) ) ;
#2709 = VERTEX_POINT ( 'NONE', #3117 ) ;
#2710 = DIRECTION ( 'NONE',  ( 0.0000000000000000000, 0.0000000000000000000, 1.000000000000000000 ) ) ;
#2711 = EDGE_CURVE ( 'NONE', #1728, #2109, #2613, .T. ) ;
#2712 = EDGE_CURVE ( 'NONE', #199, #163, #1654, .T. ) ;
#2713 = CARTESIAN_POINT ( 'NONE',  ( -16.30712604522700100, 5.000000000000000000, 13.99999999999999500 ) ) ;
#2714 = CARTESIAN_POINT ( 'NONE',  ( -6.250000000000009800, 11.75462388992309900, 13.99999999999999800 ) ) ;
#2715 = EDGE_CURVE ( 'NONE', #3262, #3513, #1024, .T. ) ;
#2716 = EDGE_LOOP ( 'NONE', ( #2679, #2526, #3630 ) ) ;
#2717 = ORIENTED_EDGE ( 'NONE', *, *, #1194, .T. ) ;
#2718 = DIRECTION ( 'NONE',  ( -0.0000000000000000000, -0.0000000000000000000, -1.000000000000000000 ) ) ;
#2719 = VECTOR ( 'NONE', #355, 1000.000000000000000 ) ;
#2720 = PLANE ( 'NONE',  #1135 ) ;
#2721 = DIRECTION ( 'NONE',  ( -0.0000000000000000000, -0.0000000000000000000, 1.000000000000000000 ) ) ;
#2722 = VERTEX_POINT ( 'NONE', #180 ) ;
#2723 = ORIENTED_EDGE ( 'NONE', *, *, #1092, .F. ) ;
#2724 = DIRECTION ( 'NONE',  ( 1.000000000000000000, -0.0000000000000000000, 0.0000000000000000000 ) ) ;
#2725 = VECTOR ( 'NONE', #1268, 1000.000000000000000 ) ;
#2726 = AXIS2_PLACEMENT_3D ( 'NONE', #1570, #1540, #407 ) ;
#2727 = ORIENTED_EDGE ( 'NONE', *, *, #835, .F. ) ;
#2728 = CARTESIAN_POINT ( 'NONE',  ( -12.89999999999999900, 6.435743829507589900E-016, 8.673617379884035500E-016 ) ) ;
#2729 = FACE_OUTER_BOUND ( 'NONE', #2070, .T. ) ;
#2730 = AXIS2_PLACEMENT_3D ( 'NONE', #626, #2409, #1248 ) ;
#2731 = CARTESIAN_POINT ( 'NONE',  ( -11.55000000000000100, 12.75462388992309900, 17.89999999999999900 ) ) ;
#2732 = EDGE_CURVE ( 'NONE', #3724, #347, #1384, .T. ) ;
#2733 = PLANE ( 'NONE',  #3455 ) ;
#2734 = CIRCLE ( 'NONE', #2561, 6.999999999999999100 ) ;
#2735 = LINE ( 'NONE', #774, #3390 ) ;
#2736 = EDGE_CURVE ( 'NONE', #2220, #2381, #2295, .T. ) ;
#2737 = DIRECTION ( 'NONE',  ( 1.000000000000000000, 7.351303059454992600E-060, -6.287314005789049900E-031 ) ) ;
#2738 = CIRCLE ( 'NONE', #1954, 4.000000000000000000 ) ;
#2739 = DIRECTION ( 'NONE',  ( -3.895519384649670400E-016, 0.0000000000000000000, 1.000000000000000000 ) ) ;
#2740 = ORIENTED_EDGE ( 'NONE', *, *, #3781, .T. ) ;
#2741 = EDGE_CURVE ( 'NONE', #2722, #2928, #3586, .T. ) ;
#2742 = AXIS2_PLACEMENT_3D ( 'NONE', #2861, #1388, #3149 ) ;
#2743 = VERTEX_POINT ( 'NONE', #3575 ) ;
#2744 = PLANE ( 'NONE',  #1610 ) ;
#2745 = PRODUCT_DEFINITION_CONTEXT ( 'detailed design', #270, 'design' ) ;
#2746 = CARTESIAN_POINT ( 'NONE',  ( -8.150000569866989500, 35.75000000000000700, 2.944058900492130300 ) ) ;
#2747 = VECTOR ( 'NONE', #3229, 1000.000000000000000 ) ;
#2748 = ORIENTED_EDGE ( 'NONE', *, *, #2916, .F. ) ;
#2749 = DIRECTION ( 'NONE',  ( -0.0000000000000000000, -0.0000000000000000000, -1.000000000000000000 ) ) ;
#2750 = EDGE_LOOP ( 'NONE', ( #2099, #1568, #2877, #2092 ) ) ;
#2751 = DIRECTION ( 'NONE',  ( 1.242207580000179900E-016, -1.000000000000000000, 0.0000000000000000000 ) ) ;
#2752 = ORIENTED_EDGE ( 'NONE', *, *, #3536, .F. ) ;
#2753 = DIRECTION ( 'NONE',  ( 0.0000000000000000000, -1.000000000000000000, 0.0000000000000000000 ) ) ;
#2754 = PLANE ( 'NONE',  #1338 ) ;
#2755 = EDGE_CURVE ( 'NONE', #2343, #687, #3398, .T. ) ;
#2756 = DIRECTION ( 'NONE',  ( 0.0000000000000000000, -0.0000000000000000000, 1.000000000000000000 ) ) ;
#2757 = DIRECTION ( 'NONE',  ( -0.0000000000000000000, -0.0000000000000000000, -1.000000000000000000 ) ) ;
#2758 = ORIENTED_EDGE ( 'NONE', *, *, #3325, .F. ) ;
#2759 = VERTEX_POINT ( 'NONE', #918 ) ;
#2760 = EDGE_CURVE ( 'NONE', #1113, #1791, #852, .T. ) ;
#2761 = CARTESIAN_POINT ( 'NONE',  ( -8.900000569866989500, 35.55000000000000400, 8.900126457546539500 ) ) ;
#2762 = CARTESIAN_POINT ( 'NONE',  ( -8.900000569866989500, 35.55000000000000400, 8.896999350387458700 ) ) ;
#2763 = ORIENTED_EDGE ( 'NONE', *, *, #1738, .T. ) ;
#2764 = EDGE_CURVE ( 'NONE', #920, #1874, #1076, .T. ) ;
#2765 = AXIS2_PLACEMENT_3D ( 'NONE', #770, #1314, #1905 ) ;
#2766 = CARTESIAN_POINT ( 'NONE',  ( -8.900000569866989500, 35.75000000000000700, 8.900126457546539500 ) ) ;
#2767 = VECTOR ( 'NONE', #1535, 1000.000000000000000 ) ;
#2768 = DIRECTION ( 'NONE',  ( -1.000000000000000000, 0.0000000000000000000, -3.895519384649670400E-016 ) ) ;
#2769 = CIRCLE ( 'NONE', #2878, 4.000000000000000000 ) ;
#2770 = DIRECTION ( 'NONE',  ( 1.000000000000000000, 0.0000000000000000000, 0.0000000000000000000 ) ) ;
#2771 = DIRECTION ( 'NONE',  ( 1.000000000000000000, 0.0000000000000000000, 0.0000000000000000000 ) ) ;
#2772 = CARTESIAN_POINT ( 'NONE',  ( -17.49999999999999300, 97.49999999999992900, -30.00000000000000000 ) ) ;
#2773 = ADVANCED_FACE ( 'NONE', ( #1557 ), #2383, .F. ) ;
#2774 = CARTESIAN_POINT ( 'NONE',  ( 8.499999999999996400, 40.69999999999998900, 2.500000000000000000 ) ) ;
#2775 = ORIENTED_EDGE ( 'NONE', *, *, #3170, .T. ) ;
#2776 = ORIENTED_EDGE ( 'NONE', *, *, #864, .F. ) ;
#2777 = AXIS2_PLACEMENT_3D ( 'NONE', #1321, #3364, #3076 ) ;
#2778 = VECTOR ( 'NONE', #2553, 1000.000000000000000 ) ;
#2779 = CARTESIAN_POINT ( 'NONE',  ( 17.50000000000001100, -100.0000000000000400, 11.79999999999999900 ) ) ;
#2780 = DIRECTION ( 'NONE',  ( 0.0000000000000000000, -1.000000000000000000, 0.0000000000000000000 ) ) ;
#2781 = ORIENTED_EDGE ( 'NONE', *, *, #2122, .T. ) ;
#2782 = LINE ( 'NONE', #405, #654 ) ;
#2783 = CARTESIAN_POINT ( 'NONE',  ( 13.50000000000001200, -100.0000000000000400, -1.500000000000000000 ) ) ;
#2784 = DIRECTION ( 'NONE',  ( -0.0000000000000000000, -1.000000000000000000, -0.0000000000000000000 ) ) ;
#2785 = PRODUCT_RELATED_PRODUCT_CATEGORY ( 'part', '', ( #593 ) ) ;
#2786 = VECTOR ( 'NONE', #3280, 1000.000000000000000 ) ;
#2787 = EDGE_CURVE ( 'NONE', #2338, #2847, #1470, .T. ) ;
#2788 = LINE ( 'NONE', #419, #388 ) ;
#2789 = ORIENTED_EDGE ( 'NONE', *, *, #975, .T. ) ;
#2790 = VECTOR ( 'NONE', #1991, 1000.000000000000000 ) ;
#2791 = DIRECTION ( 'NONE',  ( -4.988948705044639600E-017, -1.000000000000000000, 0.0000000000000000000 ) ) ;
#2792 = DIRECTION ( 'NONE',  ( 0.0000000000000000000, 0.0000000000000000000, -1.000000000000000000 ) ) ;
#2793 = FACE_OUTER_BOUND ( 'NONE', #996, .T. ) ;
#2794 = VERTEX_POINT ( 'NONE', #3561 ) ;
#2795 = CARTESIAN_POINT ( 'NONE',  ( -9.650000569866989500, 35.75000000000000700, 14.84993980027950400 ) ) ;
#2796 = ADVANCED_FACE ( 'NONE', ( #2927 ), #2088, .T. ) ;
#2797 = ORIENTED_EDGE ( 'NONE', *, *, #1958, .T. ) ;
#2798 = AXIS2_PLACEMENT_3D ( 'NONE', #2618, #1190, #3224 ) ;
#2799 = ORIENTED_EDGE ( 'NONE', *, *, #281, .T. ) ;
#2800 = ORIENTED_EDGE ( 'NONE', *, *, #1066, .T. ) ;
#2801 = CARTESIAN_POINT ( 'NONE',  ( -17.80000000000000100, 17.87500000000000400, 17.00000000000000000 ) ) ;
#2802 = CARTESIAN_POINT ( 'NONE',  ( -8.900000569866989500, 35.75000000000000700, 8.896999350387458700 ) ) ;
#2803 = DIRECTION ( 'NONE',  ( 0.0000000000000000000, -1.000000000000000000, 0.0000000000000000000 ) ) ;
#2804 = EDGE_LOOP ( 'NONE', ( #1475, #1729, #1536, #1697 ) ) ;
#2805 = DIRECTION ( 'NONE',  ( 1.000000000000000000, -4.988948705044639600E-017, 0.0000000000000000000 ) ) ;
#2806 = CARTESIAN_POINT ( 'NONE',  ( 4.850000000000001400, -30.00000000000000000, -86.87902598758884700 ) ) ;
#2807 = PLANE ( 'NONE',  #1717 ) ;
#2808 = VERTEX_POINT ( 'NONE', #2342 ) ;
#2809 = AXIS2_PLACEMENT_3D ( 'NONE', #1933, #501, #2819 ) ;
#2810 = CARTESIAN_POINT ( 'NONE',  ( -4.849999999999997900, -30.00000000000000000, 2.299999999999998900 ) ) ;
#2811 = EDGE_CURVE ( 'NONE', #2481, #2852, #193, .T. ) ;
#2812 = CARTESIAN_POINT ( 'NONE',  ( -8.150000569866989500, 35.55000000000000400, 9.650126457546539500 ) ) ;
#2813 = ADVANCED_FACE ( 'NONE', ( #2793 ), #2475, .T. ) ;
#2814 = CIRCLE ( 'NONE', #186, 1.000000000000000900 ) ;
#2815 = ORIENTED_EDGE ( 'NONE', *, *, #410, .T. ) ;
#2816 = EDGE_CURVE ( 'NONE', #2343, #1381, #2141, .T. ) ;
#2817 = ORIENTED_EDGE ( 'NONE', *, *, #1541, .F. ) ;
#2818 = SURFACE_SIDE_STYLE ('',( #466 ) ) ;
#2819 = DIRECTION ( 'NONE',  ( -1.000000000000000000, 0.0000000000000000000, -0.0000000000000000000 ) ) ;
#2820 = LINE ( 'NONE', #2703, #2271 ) ;
#2821 = DIRECTION ( 'NONE',  ( 0.0000000000000000000, 0.0000000000000000000, 1.000000000000000000 ) ) ;
#2822 = CARTESIAN_POINT ( 'NONE',  ( -4.899999999999999500, 2.444584865471874800E-016, 0.0000000000000000000 ) ) ;
#2823 = FACE_OUTER_BOUND ( 'NONE', #395, .T. ) ;
#2824 = AXIS2_PLACEMENT_3D ( 'NONE', #3007, #2133, #3601 ) ;
#2825 = VERTEX_POINT ( 'NONE', #2355 ) ;
#2826 = LINE ( 'NONE', #2411, #1008 ) ;
#2827 = DIRECTION ( 'NONE',  ( -0.0000000000000000000, -0.0000000000000000000, -1.000000000000000000 ) ) ;
#2828 = APPLICATION_PROTOCOL_DEFINITION ( 'draft international standard', 'automotive_design', 1998, #270 ) ;
#2829 = PLANE ( 'NONE',  #1263 ) ;
#2830 = ORIENTED_EDGE ( 'NONE', *, *, #2914, .F. ) ;
#2831 = CARTESIAN_POINT ( 'NONE',  ( -8.150000569866989500, 35.75000000000000700, 2.944058900493778300 ) ) ;
#2832 = LINE ( 'NONE', #576, #1826 ) ;
#2833 = CARTESIAN_POINT ( 'NONE',  ( -8.500000000000003600, -48.70000000000007400, 0.0000000000000000000 ) ) ;
#2834 = ADVANCED_FACE ( 'NONE', ( #1602 ), #329, .T. ) ;
#2835 = PLANE ( 'NONE',  #3474 ) ;
#2836 = DIRECTION ( 'NONE',  ( 0.0000000000000000000, 1.000000000000000000, -0.0000000000000000000 ) ) ;
#2837 = LINE ( 'NONE', #3548, #95 ) ;
#2838 = EDGE_LOOP ( 'NONE', ( #3182, #1748, #1471, #3384 ) ) ;
#2839 = DIRECTION ( 'NONE',  ( -0.0000000000000000000, -1.000000000000000000, 0.0000000000000000000 ) ) ;
#2840 = AXIS2_PLACEMENT_3D ( 'NONE', #1734, #2615, #2022 ) ;
#2841 = LINE ( 'NONE', #3442, #2976 ) ;
#2842 = ORIENTED_EDGE ( 'NONE', *, *, #3612, .T. ) ;
#2843 = EDGE_CURVE ( 'NONE', #2349, #1142, #1703, .T. ) ;
#2844 = DIRECTION ( 'NONE',  ( 0.0000000000000000000, -1.000000000000000000, 0.0000000000000000000 ) ) ;
#2845 = CARTESIAN_POINT ( 'NONE',  ( 0.0000000000000000000, 0.0000000000000000000, 0.0000000000000000000 ) ) ;
#2846 = DIRECTION ( 'NONE',  ( 0.0000000000000000000, -0.0000000000000000000, -1.000000000000000000 ) ) ;
#2847 = VERTEX_POINT ( 'NONE', #2330 ) ;
#2848 = DIRECTION ( 'NONE',  ( 0.0000000000000000000, 1.000000000000000000, -0.0000000000000000000 ) ) ;
#2849 = FACE_OUTER_BOUND ( 'NONE', #3431, .T. ) ;
#2850 = CARTESIAN_POINT ( 'NONE',  ( -4.849999999999997900, 29.99999999999999600, -8.400000000000003900 ) ) ;
#2851 = ORIENTED_EDGE ( 'NONE', *, *, #1644, .F. ) ;
#2852 = VERTEX_POINT ( 'NONE', #305 ) ;
#2853 = DIRECTION ( 'NONE',  ( -0.0000000000000000000, 1.000000000000000000, -0.0000000000000000000 ) ) ;
#2854 = ORIENTED_EDGE ( 'NONE', *, *, #3235, .T. ) ;
#2855 = AXIS2_PLACEMENT_3D ( 'NONE', #1484, #1446, #2651 ) ;
#2856 = ADVANCED_FACE ( 'NONE', ( #483 ), #2515, .T. ) ;
#2857 = CARTESIAN_POINT ( 'NONE',  ( 8.899999999999995000, -72.38622026036618700, -30.00000000000000400 ) ) ;
#2858 = ADVANCED_FACE ( 'NONE', ( #3490 ), #1034, .T. ) ;
#2859 = ORIENTED_EDGE ( 'NONE', *, *, #2128, .F. ) ;
#2860 = CARTESIAN_POINT ( 'NONE',  ( -4.849999999999997900, 29.99999999999999600, 2.299999999999998900 ) ) ;
#2861 = CARTESIAN_POINT ( 'NONE',  ( -1.500000000000010000, 8.000000000000000000, -29.80527936219560200 ) ) ;
#2862 = DIRECTION ( 'NONE',  ( 0.0000000000000000000, 1.000000000000000000, 0.0000000000000000000 ) ) ;
#2863 = LINE ( 'NONE', #2408, #1367 ) ;
#2864 = AXIS2_PLACEMENT_3D ( 'NONE', #3654, #3670, #2805 ) ;
#2865 = ORIENTED_EDGE ( 'NONE', *, *, #3715, .T. ) ;
#2866 = SURFACE_STYLE_USAGE ( .BOTH. , #3139 ) ;
#2867 = DIRECTION ( 'NONE',  ( -1.000000000000000000, 0.0000000000000000000, -0.0000000000000000000 ) ) ;
#2868 = VECTOR ( 'NONE', #1618, 1000.000000000000000 ) ;
#2869 = CARTESIAN_POINT ( 'NONE',  ( -10.72736932469479900, 35.75000000000000700, 9.650126457546539500 ) ) ;
#2870 = EDGE_LOOP ( 'NONE', ( #3206, #772, #3158, #3534 ) ) ;
#2871 = VERTEX_POINT ( 'NONE', #755 ) ;
#2872 = ADVANCED_FACE ( 'NONE', ( #577 ), #1866, .F. ) ;
#2873 = DIRECTION ( 'NONE',  ( 1.445217853364019800E-031, -0.7071067811865470200, 0.7071067811865480200 ) ) ;
#2874 = EDGE_CURVE ( 'NONE', #964, #2614, #2891, .T. ) ;
#2875 = DIRECTION ( 'NONE',  ( -0.0000000000000000000, -0.0000000000000000000, -1.000000000000000000 ) ) ;
#2876 = CARTESIAN_POINT ( 'NONE',  ( -8.500000000000001800, 82.19999999999997400, 0.0000000000000000000 ) ) ;
#2877 = ORIENTED_EDGE ( 'NONE', *, *, #2285, .F. ) ;
#2878 = AXIS2_PLACEMENT_3D ( 'NONE', #2783, #3081, #3377 ) ;
#2879 = CARTESIAN_POINT ( 'NONE',  ( -0.9999999999999995600, 34.75000000000000000, 18.00000000000000400 ) ) ;
#2880 = LINE ( 'NONE', #2705, #2095 ) ;
#2881 = CARTESIAN_POINT ( 'NONE',  ( -8.500000000000001800, -82.20000000000008800, 2.500000000000000000 ) ) ;
#2882 = APPLICATION_CONTEXT ( 'automotive_design' ) ;
#2883 = CARTESIAN_POINT ( 'NONE',  ( -1.747106410584458700E-015, 14.16421356237310100, 13.00000000000000200 ) ) ;
#2884 = CIRCLE ( 'NONE', #2627, 4.000000000000000000 ) ;
#2885 = EDGE_LOOP ( 'NONE', ( #3070, #3778, #1494, #647 ) ) ;
#2886 = CIRCLE ( 'NONE', #3651, 4.000000000000000000 ) ;
#2887 = DIRECTION ( 'NONE',  ( 0.0000000000000000000, 0.0000000000000000000, -1.000000000000000000 ) ) ;
#2888 = ORIENTED_EDGE ( 'NONE', *, *, #3362, .F. ) ;
#2889 = VECTOR ( 'NONE', #557, 1000.000000000000000 ) ;
#2890 = DIRECTION ( 'NONE',  ( -0.0000000000000000000, -1.000000000000000000, -0.0000000000000000000 ) ) ;
#2891 = LINE ( 'NONE', #3077, #937 ) ;
#2892 = ORIENTED_EDGE ( 'NONE', *, *, #2549, .F. ) ;
#2893 = DIRECTION ( 'NONE',  ( -0.0000000000000000000, -0.0000000000000000000, 1.000000000000000000 ) ) ;
#2894 = AXIS2_PLACEMENT_3D ( 'NONE', #588, #2862, #3181 ) ;
#2895 = ORIENTED_EDGE ( 'NONE', *, *, #3290, .F. ) ;
#2896 = VECTOR ( 'NONE', #1550, 1000.000000000000000 ) ;
#2897 = EDGE_CURVE ( 'NONE', #191, #1560, #1428, .T. ) ;
#2898 = EDGE_LOOP ( 'NONE', ( #528, #72, #203, #2310 ) ) ;
#2899 = EDGE_LOOP ( 'NONE', ( #433, #646, #2960, #1097 ) ) ;
#2900 = EDGE_LOOP ( 'NONE', ( #2748, #1224, #3452, #2598 ) ) ;
#2901 = DIRECTION ( 'NONE',  ( 0.0000000000000000000, 0.0000000000000000000, 1.000000000000000000 ) ) ;
#2902 = PLANE ( 'NONE',  #3688 ) ;
#2903 = DIRECTION ( 'NONE',  ( 1.000000000000000000, 0.0000000000000000000, -0.0000000000000000000 ) ) ;
#2904 = DIRECTION ( 'NONE',  ( 1.000000000000000000, 0.0000000000000000000, 0.0000000000000000000 ) ) ;
#2905 = DIRECTION ( 'NONE',  ( 0.0000000000000000000, -0.0000000000000000000, 1.000000000000000000 ) ) ;
#2906 = DIRECTION ( 'NONE',  ( 1.734723475976807400E-017, 1.000000000000000000, 0.0000000000000000000 ) ) ;
#2907 = FACE_OUTER_BOUND ( 'NONE', #1952, .T. ) ;
#2908 = ADVANCED_FACE ( 'NONE', ( #3581 ), #2270, .F. ) ;
#2909 = ORIENTED_EDGE ( 'NONE', *, *, #1451, .T. ) ;
#2910 = DIRECTION ( 'NONE',  ( 0.0000000000000000000, 0.0000000000000000000, 1.000000000000000000 ) ) ;
#2911 = EDGE_CURVE ( 'NONE', #3494, #3217, #660, .T. ) ;
#2912 = CARTESIAN_POINT ( 'NONE',  ( -8.900000569866989500, 35.75000000000000700, 15.89699935038745700 ) ) ;
#2913 = CIRCLE ( 'NONE', #1486, 5.999999999996729700 ) ;
#2914 = EDGE_CURVE ( 'NONE', #3000, #2452, #1695, .T. ) ;
#2915 = PLANE ( 'NONE',  #1904 ) ;
#2916 = EDGE_CURVE ( 'NONE', #96, #484, #2653, .T. ) ;
#2917 = ORIENTED_EDGE ( 'NONE', *, *, #2944, .T. ) ;
#2918 = FACE_OUTER_BOUND ( 'NONE', #1137, .T. ) ;
#2919 = CARTESIAN_POINT ( 'NONE',  ( 0.0000000000000000000, 1.000000000000002700, 13.00000000000000400 ) ) ;
#2920 = VECTOR ( 'NONE', #1882, 1000.000000000000100 ) ;
#2921 = DIRECTION ( 'NONE',  ( -0.0000000000000000000, 1.000000000000000000, 0.0000000000000000000 ) ) ;
#2922 = FACE_OUTER_BOUND ( 'NONE', #276, .T. ) ;
#2923 = AXIS2_PLACEMENT_3D ( 'NONE', #50, #3370, #520 ) ;
#2924 = ADVANCED_FACE ( 'NONE', ( #3255 ), #704, .F. ) ;
#2925 = FACE_BOUND ( 'NONE', #1664, .T. ) ;
#2926 = VERTEX_POINT ( 'NONE', #1626 ) ;
#2927 = FACE_OUTER_BOUND ( 'NONE', #2899, .T. ) ;
#2928 = VERTEX_POINT ( 'NONE', #1013 ) ;
#2929 = CARTESIAN_POINT ( 'NONE',  ( -8.900000569866989500, 35.75000000000000700, 8.900126457546539500 ) ) ;
#2930 = AXIS2_PLACEMENT_3D ( 'NONE', #1139, #2293, #1396 ) ;
#2931 = DIRECTION ( 'NONE',  ( 1.000000000000000000, 0.0000000000000000000, -1.100194036819509900E-015 ) ) ;
#2932 = ORIENTED_EDGE ( 'NONE', *, *, #2732, .T. ) ;
#2933 = CARTESIAN_POINT ( 'NONE',  ( -8.150000569866989500, 35.75000000000000700, 10.72749521237430100 ) ) ;
#2934 = VECTOR ( 'NONE', #2952, 1000.000000000000000 ) ;
#2935 = AXIS2_PLACEMENT_3D ( 'NONE', #434, #2448, #717 ) ;
#2936 = ORIENTED_EDGE ( 'NONE', *, *, #2843, .T. ) ;
#2937 = ORIENTED_EDGE ( 'NONE', *, *, #1427, .T. ) ;
#2938 = EDGE_CURVE ( 'NONE', #946, #1391, #3666, .T. ) ;
#2939 = EDGE_CURVE ( 'NONE', #938, #1434, #2566, .T. ) ;
#2940 = CARTESIAN_POINT ( 'NONE',  ( -4.849999999999997900, -30.00000000000000000, 2.299999999999998900 ) ) ;
#2941 = VERTEX_POINT ( 'NONE', #750 ) ;
#2942 = CARTESIAN_POINT ( 'NONE',  ( -17.80000000000000100, 35.09314575050761700, 17.58578643762690100 ) ) ;
#2943 = ORIENTED_EDGE ( 'NONE', *, *, #1448, .T. ) ;
#2944 = EDGE_CURVE ( 'NONE', #19, #946, #1966, .T. ) ;
#2945 = CARTESIAN_POINT ( 'NONE',  ( 8.499999999999998200, -82.20000000000008800, 2.500000000000000000 ) ) ;
#2946 = CARTESIAN_POINT ( 'NONE',  ( -17.80000000000000100, 0.9999999999999991100, 13.00000000000000200 ) ) ;
#2947 = CARTESIAN_POINT ( 'NONE',  ( -8.900000000000030600, -1.250000000000000000, 5.949999999999999300 ) ) ;
#2948 = CARTESIAN_POINT ( 'NONE',  ( -12.90000000000000000, 4.440164347489730400E-016, 5.700000000000000200 ) ) ;
#2949 = VERTEX_POINT ( 'NONE', #3327 ) ;
#2950 = ORIENTED_EDGE ( 'NONE', *, *, #2163, .F. ) ;
#2951 = DIRECTION ( 'NONE',  ( -0.0000000000000000000, 1.000000000000000000, 0.0000000000000000000 ) ) ;
#2952 = DIRECTION ( 'NONE',  ( -0.0000000000000000000, -0.0000000000000000000, -1.000000000000000000 ) ) ;
#2953 = LINE ( 'NONE', #972, #2767 ) ;
#2954 = DIRECTION ( 'NONE',  ( 0.0000000000000000000, 0.0000000000000000000, -1.000000000000000000 ) ) ;
#2955 = CARTESIAN_POINT ( 'NONE',  ( -16.80000000000000100, 0.4142135623730966400, 13.99999999999999800 ) ) ;
#2956 = VECTOR ( 'NONE', #3652, 1000.000000000000000 ) ;
#2957 = AXIS2_PLACEMENT_3D ( 'NONE', #506, #1910, #2539 ) ;
#2958 = CARTESIAN_POINT ( 'NONE',  ( -1.000000000000000000, 34.75000000000000000, 0.0000000000000000000 ) ) ;
#2959 = DIRECTION ( 'NONE',  ( 0.0000000000000000000, -0.0000000000000000000, -1.000000000000000000 ) ) ;
#2960 = ORIENTED_EDGE ( 'NONE', *, *, #734, .T. ) ;
#2961 = ORIENTED_EDGE ( 'NONE', *, *, #122, .T. ) ;
#2962 = EDGE_CURVE ( 'NONE', #490, #3582, #3064, .T. ) ;
#2963 = ORIENTED_EDGE ( 'NONE', *, *, #3612, .F. ) ;
#2964 = EDGE_LOOP ( 'NONE', ( #229, #823, #1565 ) ) ;
#2965 = EDGE_CURVE ( 'NONE', #3291, #1136, #2886, .T. ) ;
#2966 = DIRECTION ( 'NONE',  ( -0.0000000000000000000, 0.7071067811865480200, 0.7071067811865470200 ) ) ;
#2967 = AXIS2_PLACEMENT_3D ( 'NONE', #2416, #366, #2080 ) ;
#2968 = LINE ( 'NONE', #3565, #2179 ) ;
#2969 = CARTESIAN_POINT ( 'NONE',  ( -4.849999999999997900, -30.00000000000000000, -8.400000000000003900 ) ) ;
#2970 = CYLINDRICAL_SURFACE ( 'NONE', #663, 1.800000000000000500 ) ;
#2971 = FACE_OUTER_BOUND ( 'NONE', #564, .T. ) ;
#2972 = CARTESIAN_POINT ( 'NONE',  ( -8.900000569866989500, 35.75000000000000700, 1.896999350387460300 ) ) ;
#2973 = DIRECTION ( 'NONE',  ( -1.000000000000000000, 0.0000000000000000000, 0.0000000000000000000 ) ) ;
#2974 = DIRECTION ( 'NONE',  ( 0.0000000000000000000, -1.000000000000000000, 0.0000000000000000000 ) ) ;
#2975 = AXIS2_PLACEMENT_3D ( 'NONE', #2259, #500, #1942 ) ;
#2976 = VECTOR ( 'NONE', #1125, 1000.000000000000000 ) ;
#2977 = VERTEX_POINT ( 'NONE', #2774 ) ;
#2978 = LINE ( 'NONE', #3103, #3769 ) ;
#2979 = ORIENTED_EDGE ( 'NONE', *, *, #2911, .F. ) ;
#2980 = CARTESIAN_POINT ( 'NONE',  ( -9.650000569866991300, 35.55000000000000400, 9.650126457546539500 ) ) ;
#2981 = ORIENTED_EDGE ( 'NONE', *, *, #2689, .T. ) ;
#2982 = CIRCLE ( 'NONE', #2726, 1.000000000000000900 ) ;
#2983 = AXIS2_PLACEMENT_3D ( 'NONE', #1623, #1928, #3358 ) ;
#2984 = CARTESIAN_POINT ( 'NONE',  ( -16.80000000000000100, 1.734723475976807100E-015, 13.00000000000000200 ) ) ;
#2985 = EDGE_LOOP ( 'NONE', ( #1455, #988, #3554, #2440 ) ) ;
#2986 = ORIENTED_EDGE ( 'NONE', *, *, #31, .T. ) ;
#2987 = EDGE_CURVE ( 'NONE', #2351, #1083, #2788, .T. ) ;
#2988 = FILL_AREA_STYLE ('',( #402 ) ) ;
#2989 = CARTESIAN_POINT ( 'NONE',  ( 4.850000000000001400, 30.00000000000000400, 2.299999999999998900 ) ) ;
#2990 = EDGE_LOOP ( 'NONE', ( #739, #3553, #848, #3180 ) ) ;
#2991 = DIRECTION ( 'NONE',  ( -1.000000000000000000, 0.0000000000000000000, -0.0000000000000000000 ) ) ;
#2992 = EDGE_LOOP ( 'NONE', ( #3547, #1514, #53, #2275 ) ) ;
#2993 = ORIENTED_EDGE ( 'NONE', *, *, #2170, .T. ) ;
#2994 = CARTESIAN_POINT ( 'NONE',  ( -1.000000000000000000, 12.28125000000005500, 12.53125000000005000 ) ) ;
#2995 = VECTOR ( 'NONE', #616, 1000.000000000000000 ) ;
#2996 = ORIENTED_EDGE ( 'NONE', *, *, #1131, .T. ) ;
#2997 = ORIENTED_EDGE ( 'NONE', *, *, #775, .F. ) ;
#2998 = CARTESIAN_POINT ( 'NONE',  ( -8.150000569866989500, 35.55000000000000400, 8.896999350387458700 ) ) ;
#2999 = VECTOR ( 'NONE', #2394, 1000.000000000000000 ) ;
#3000 = VERTEX_POINT ( 'NONE', #2166 ) ;
#3001 = CARTESIAN_POINT ( 'NONE',  ( -4.899999999999999500, -1.250000000000000400, 7.228014483236696600E-016 ) ) ;
#3002 = CARTESIAN_POINT ( 'NONE',  ( -4.849999999999997900, 29.99999999999999600, 2.299999999999998900 ) ) ;
#3003 = UNCERTAINTY_MEASURE_WITH_UNIT (LENGTH_MEASURE( 1.000000000000000100E-005 ), #1542, 'distance_accuracy_value', 'NONE');
#3004 = ORIENTED_EDGE ( 'NONE', *, *, #3659, .F. ) ;
#3005 = LINE ( 'NONE', #1659, #1462 ) ;
#3006 = AXIS2_PLACEMENT_3D ( 'NONE', #228, #2513, #1358 ) ;
#3007 = CARTESIAN_POINT ( 'NONE',  ( -16.80000000000000100, 1.000000000000000000, 0.0000000000000000000 ) ) ;
#3008 = EDGE_CURVE ( 'NONE', #68, #1240, #1299, .T. ) ;
#3009 = EDGE_CURVE ( 'NONE', #2338, #2949, #2103, .T. ) ;
#3010 = DIRECTION ( 'NONE',  ( 1.000000000000000000, 0.0000000000000000000, 0.0000000000000000000 ) ) ;
#3011 = CYLINDRICAL_SURFACE ( 'NONE', #492, 1.000000000000000900 ) ;
#3012 = LINE ( 'NONE', #2586, #2136 ) ;
#3013 = DIRECTION ( 'NONE',  ( 1.000000000000000000, -4.988948705044640200E-017, -0.0000000000000000000 ) ) ;
#3014 = DIRECTION ( 'NONE',  ( -0.0000000000000000000, -0.0000000000000000000, -1.000000000000000000 ) ) ;
#3015 = CIRCLE ( 'NONE', #1019, 4.000000000000000000 ) ;
#3016 = ORIENTED_EDGE ( 'NONE', *, *, #835, .T. ) ;
#3017 =( GEOMETRIC_REPRESENTATION_CONTEXT ( 3 ) GLOBAL_UNCERTAINTY_ASSIGNED_CONTEXT ( ( #2702 ) ) GLOBAL_UNIT_ASSIGNED_CONTEXT ( ( #2541, #2501, #3130 ) ) REPRESENTATION_CONTEXT ( 'NONE', 'WORKASPACE' ) );
#3018 = DIRECTION ( 'NONE',  ( -0.0000000000000000000, -0.0000000000000000000, -1.000000000000000000 ) ) ;
#3019 = VECTOR ( 'NONE', #2921, 1000.000000000000000 ) ;
#3020 = ORIENTED_EDGE ( 'NONE', *, *, #3413, .T. ) ;
#3021 = CARTESIAN_POINT ( 'NONE',  ( -8.900000000000030600, 0.7500000000000008900, 4.149999999999999500 ) ) ;
#3022 = DIRECTION ( 'NONE',  ( -1.000000000000000000, -0.0000000000000000000, 0.0000000000000000000 ) ) ;
#3023 = LINE ( 'NONE', #2140, #3212 ) ;
#3024 = ORIENTED_EDGE ( 'NONE', *, *, #3764, .T. ) ;
#3025 = LINE ( 'NONE', #383, #62 ) ;
#3026 = CARTESIAN_POINT ( 'NONE',  ( -9.650000569866991300, 35.75000000000000700, 4.462318706618639800 ) ) ;
#3027 = EDGE_LOOP ( 'NONE', ( #1167, #559, #3754, #1179 ) ) ;
#3028 = EDGE_LOOP ( 'NONE', ( #155, #958, #1218, #2700 ) ) ;
#3029 = EDGE_LOOP ( 'NONE', ( #1672, #3098, #13, #1315 ) ) ;
#3030 =( GEOMETRIC_REPRESENTATION_CONTEXT ( 3 ) GLOBAL_UNCERTAINTY_ASSIGNED_CONTEXT ( ( #1977 ) ) GLOBAL_UNIT_ASSIGNED_CONTEXT ( ( #785, #1392, #518 ) ) REPRESENTATION_CONTEXT ( 'NONE', 'WORKASPACE' ) );
#3031 = CARTESIAN_POINT ( 'NONE',  ( -3.500000000000049700, 5.000000000000000000, 0.0000000000000000000 ) ) ;
#3032 = EDGE_CURVE ( 'NONE', #1241, #1036, #1785, .T. ) ;
#3033 = CARTESIAN_POINT ( 'NONE',  ( -17.49999999999999300, 99.99999999999994300, 2.500000000000000000 ) ) ;
#3034 = CARTESIAN_POINT ( 'NONE',  ( 8.499999999999998200, -48.70000000000007400, 0.0000000000000000000 ) ) ;
#3035 = EDGE_CURVE ( 'NONE', #1415, #1036, #2291, .T. ) ;
#3036 = AXIS2_PLACEMENT_3D ( 'NONE', #1022, #2466, #3065 ) ;
#3037 = CARTESIAN_POINT ( 'NONE',  ( -9.650000569866991300, 35.75000000000000700, 12.82605776176289500 ) ) ;
#3038 = ORIENTED_EDGE ( 'NONE', *, *, #1592, .T. ) ;
#3039 = DIRECTION ( 'NONE',  ( 0.0000000000000000000, 1.000000000000000000, 0.0000000000000000000 ) ) ;
#3040 = ORIENTED_EDGE ( 'NONE', *, *, #775, .T. ) ;
#3041 = DIRECTION ( 'NONE',  ( 0.0000000000000000000, 0.0000000000000000000, 1.000000000000000000 ) ) ;
#3042 = CYLINDRICAL_SURFACE ( 'NONE', #2608, 5.999999999996740400 ) ;
#3043 = CARTESIAN_POINT ( 'NONE',  ( -8.900000569866989500, 35.75000000000000700, 8.896999350387458700 ) ) ;
#3044 = AXIS2_PLACEMENT_3D ( 'NONE', #151, #1863, #2473 ) ;
#3045 = ORIENTED_EDGE ( 'NONE', *, *, #2642, .T. ) ;
#3046 = CARTESIAN_POINT ( 'NONE',  ( -11.55000000000000100, 11.75462388992309900, 13.99999999999999800 ) ) ;
#3047 = DIRECTION ( 'NONE',  ( 0.0000000000000000000, -0.0000000000000000000, -1.000000000000000000 ) ) ;
#3048 = LINE ( 'NONE', #3046, #3751 ) ;
#3049 = DIRECTION ( 'NONE',  ( 0.0000000000000000000, 0.0000000000000000000, -1.000000000000000000 ) ) ;
#3050 = EDGE_LOOP ( 'NONE', ( #110, #861, #67, #1830 ) ) ;
#3051 = VERTEX_POINT ( 'NONE', #1345 ) ;
#3052 = AXIS2_PLACEMENT_3D ( 'NONE', #2488, #1642, #3695 ) ;
#3053 = EDGE_LOOP ( 'NONE', ( #2036, #2173, #1213, #1260 ) ) ;
#3054 = CARTESIAN_POINT ( 'NONE',  ( -8.900000000000000400, 4.440164347489730400E-016, 13.00000000000000200 ) ) ;
#3055 = CIRCLE ( 'NONE', #1453, 1.000000000000000000 ) ;
#3056 = DIRECTION ( 'NONE',  ( 0.0000000000000000000, 1.000000000000000000, 0.0000000000000000000 ) ) ;
#3057 = AXIS2_PLACEMENT_3D ( 'NONE', #1128, #3480, #1444 ) ;
#3058 = CARTESIAN_POINT ( 'NONE',  ( -17.49999999999999600, -100.0000000000000400, 11.79999999999999900 ) ) ;
#3059 = VECTOR ( 'NONE', #1483, 1000.000000000000000 ) ;
#3060 = CIRCLE ( 'NONE', #748, 4.000000000000000000 ) ;
#3061 = DIRECTION ( 'NONE',  ( 1.000000000000000000, 0.0000000000000000000, 0.0000000000000000000 ) ) ;
#3062 = ADVANCED_FACE ( 'NONE', ( #3447 ), #3665, .T. ) ;
#3063 = DIRECTION ( 'NONE',  ( 0.0000000000000000000, -1.000000000000000000, 0.0000000000000000000 ) ) ;
#3064 = LINE ( 'NONE', #3631, #432 ) ;
#3065 = DIRECTION ( 'NONE',  ( -1.278665952808457400E-016, 1.000000000000000000, 0.0000000000000000000 ) ) ;
#3066 = EDGE_LOOP ( 'NONE', ( #2661, #1447, #1174, #246 ) ) ;
#3067 = EDGE_CURVE ( 'NONE', #943, #1371, #1913, .T. ) ;
#3068 = MECHANICAL_DESIGN_GEOMETRIC_PRESENTATION_REPRESENTATION (  '', ( #932 ), #3017 ) ;
#3069 = VECTOR ( 'NONE', #905, 1000.000000000000000 ) ;
#3070 = ORIENTED_EDGE ( 'NONE', *, *, #1015, .T. ) ;
#3071 = CARTESIAN_POINT ( 'NONE',  ( -2.220446049250309900E-015, 17.87500000000000400, 17.00000000000000000 ) ) ;
#3072 = CARTESIAN_POINT ( 'NONE',  ( -10.72736932469479900, 35.75000000000000700, 8.150126457546541300 ) ) ;
#3073 = ORIENTED_EDGE ( 'NONE', *, *, #2670, .F. ) ;
#3074 = ORIENTED_EDGE ( 'NONE', *, *, #340, .F. ) ;
#3075 = CARTESIAN_POINT ( 'NONE',  ( -16.80000000000000100, 35.75000000000000700, 17.00000000000000000 ) ) ;
#3076 = DIRECTION ( 'NONE',  ( 1.000000000000000000, 4.081702296416017000E-016, 0.0000000000000000000 ) ) ;
#3077 = CARTESIAN_POINT ( 'NONE',  ( -7.072631815039209800, 35.75000000000000700, 8.150126457546541300 ) ) ;
#3078 = EDGE_LOOP ( 'NONE', ( #3187, #661, #249, #2727 ) ) ;
#3079 = ORIENTED_EDGE ( 'NONE', *, *, #486, .T. ) ;
#3080 = CARTESIAN_POINT ( 'NONE',  ( 0.0000000000000000000, 0.0000000000000000000, 2.500000000000000000 ) ) ;
#3081 = DIRECTION ( 'NONE',  ( -0.0000000000000000000, -1.000000000000000000, -0.0000000000000000000 ) ) ;
#3082 = DIRECTION ( 'NONE',  ( 0.0000000000000000000, -0.0000000000000000000, 1.000000000000000000 ) ) ;
#3083 = DIRECTION ( 'NONE',  ( -8.783734034594549500E-017, 0.7071067811865480200, 0.7071067811865470200 ) ) ;
#3084 = EDGE_CURVE ( 'NONE', #1681, #767, #2841, .T. ) ;
#3085 = CARTESIAN_POINT ( 'NONE',  ( -8.900000000000000400, 35.75000000000000700, 0.0000000000000000000 ) ) ;
#3086 = ADVANCED_FACE ( 'NONE', ( #1598 ), #2609, .T. ) ;
#3087 = CARTESIAN_POINT ( 'NONE',  ( -16.80000000000000100, 34.75000000000000000, 17.00000000000000000 ) ) ;
#3088 = EDGE_CURVE ( 'NONE', #2446, #3282, #1165, .T. ) ;
#3089 = DIRECTION ( 'NONE',  ( -0.0000000000000000000, -0.0000000000000000000, -1.000000000000000000 ) ) ;
#3090 = ORIENTED_EDGE ( 'NONE', *, *, #2578, .F. ) ;
#3091 = FACE_BOUND ( 'NONE', #1875, .T. ) ;
#3092 = DIRECTION ( 'NONE',  ( 1.734723475976807400E-017, -1.000000000000000000, 0.0000000000000000000 ) ) ;
#3093 = EDGE_LOOP ( 'NONE', ( #1898, #3073, #3770, #1544 ) ) ;
#3094 = DIRECTION ( 'NONE',  ( 1.734723475976807400E-017, 1.000000000000000000, 0.0000000000000000000 ) ) ;
#3095 = DIRECTION ( 'NONE',  ( -1.734723475976807400E-017, -1.000000000000000000, 0.0000000000000000000 ) ) ;
#3096 = LINE ( 'NONE', #1892, #3511 ) ;
#3097 = DIRECTION ( 'NONE',  ( 0.0000000000000000000, 0.0000000000000000000, -1.000000000000000000 ) ) ;
#3098 = ORIENTED_EDGE ( 'NONE', *, *, #3188, .F. ) ;
#3099 = CYLINDRICAL_SURFACE ( 'NONE', #2824, 1.000000000000000900 ) ;
#3100 = DIRECTION ( 'NONE',  ( 0.0000000000000000000, -1.000000000000000000, 0.0000000000000000000 ) ) ;
#3101 = VERTEX_POINT ( 'NONE', #1670 ) ;
#3102 = VECTOR ( 'NONE', #3613, 1000.000000000000000 ) ;
#3103 = CARTESIAN_POINT ( 'NONE',  ( -0.9999999999999991100, 35.75000000000000700, 0.0000000000000000000 ) ) ;
#3104 = ADVANCED_FACE ( 'NONE', ( #3393 ), #1069, .T. ) ;
#3105 = DIRECTION ( 'NONE',  ( 0.0000000000000000000, 1.000000000000000000, 0.0000000000000000000 ) ) ;
#3106 = EDGE_CURVE ( 'NONE', #3282, #1381, #1829, .T. ) ;
#3107 = VECTOR ( 'NONE', #3412, 1000.000000000000000 ) ;
#3108 = SURFACE_STYLE_FILL_AREA ( #2562 ) ;
#3109 = EDGE_CURVE ( 'NONE', #23, #1791, #3345, .T. ) ;
#3110 = CYLINDRICAL_SURFACE ( 'NONE', #469, 1.800000000000000500 ) ;
#3111 = ORIENTED_EDGE ( 'NONE', *, *, #2423, .F. ) ;
#3112 = SURFACE_STYLE_USAGE ( .BOTH. , #3446 ) ;
#3113 = CARTESIAN_POINT ( 'NONE',  ( -8.900000569866989500, 35.55000000000000400, 8.150126457546541300 ) ) ;
#3114 = EDGE_CURVE ( 'NONE', #1007, #2709, #289, .T. ) ;
#3115 = VECTOR ( 'NONE', #529, 1000.000000000000000 ) ;
#3116 = ORIENTED_EDGE ( 'NONE', *, *, #3685, .T. ) ;
#3117 = CARTESIAN_POINT ( 'NONE',  ( -17.49999999999999600, -100.0000000000000400, -32.50000000000000000 ) ) ;
#3118 = DIRECTION ( 'NONE',  ( 0.0000000000000000000, 1.000000000000000000, 0.0000000000000000000 ) ) ;
#3119 = LINE ( 'NONE', #749, #1746 ) ;
#3120 = ORIENTED_EDGE ( 'NONE', *, *, #756, .T. ) ;
#3121 = DIRECTION ( 'NONE',  ( 1.000000000000000000, 0.0000000000000000000, 0.0000000000000000000 ) ) ;
#3122 = FACE_BOUND ( 'NONE', #137, .T. ) ;
#3123 = AXIS2_PLACEMENT_3D ( 'NONE', #24, #2648, #914 ) ;
#3124 = ORIENTED_EDGE ( 'NONE', *, *, #510, .T. ) ;
#3125 = ORIENTED_EDGE ( 'NONE', *, *, #679, .F. ) ;
#3126 = CARTESIAN_POINT ( 'NONE',  ( 0.0000000000000000000, 0.0000000000000000000, 0.0000000000000000000 ) ) ;
#3127 = APPLICATION_PROTOCOL_DEFINITION ( 'draft international standard', 'automotive_design', 1998, #1096 ) ;
#3128 = ADVANCED_FACE ( 'NONE', ( #573 ), #1930, .F. ) ;
#3129 = EDGE_LOOP ( 'NONE', ( #3772, #3542, #3316, #1077 ) ) ;
#3130 =( NAMED_UNIT ( * ) SI_UNIT ( $, .STERADIAN. ) SOLID_ANGLE_UNIT ( ) );
#3131 = VERTEX_POINT ( 'NONE', #2242 ) ;
#3132 = CARTESIAN_POINT ( 'NONE',  ( -8.900000569866989500, 35.75000000000000700, 8.896999350387458700 ) ) ;
#3133 = DIRECTION ( 'NONE',  ( -1.000000000000000000, -1.734723475976807400E-017, 0.0000000000000000000 ) ) ;
#3134 = DIRECTION ( 'NONE',  ( 0.0000000000000000000, 0.0000000000000000000, 1.000000000000000000 ) ) ;
#3135 = VERTEX_POINT ( 'NONE', #2564 ) ;
#3136 = ORIENTED_EDGE ( 'NONE', *, *, #3032, .T. ) ;
#3137 = AXIS2_PLACEMENT_3D ( 'NONE', #2155, #3634, #727 ) ;
#3138 = EDGE_CURVE ( 'NONE', #836, #1874, #2520, .T. ) ;
#3139 = SURFACE_SIDE_STYLE ('',( #2388 ) ) ;
#3140 = CARTESIAN_POINT ( 'NONE',  ( -5.500000000000049700, 5.000000000000000000, -29.80527936219560200 ) ) ;
#3141 = ORIENTED_EDGE ( 'NONE', *, *, #2532, .F. ) ;
#3142 = EDGE_CURVE ( 'NONE', #2111, #2153, #1070, .T. ) ;
#3143 = FILL_AREA_STYLE_COLOUR ( '', #560 ) ;
#3144 = VECTOR ( 'NONE', #590, 1000.000000000000000 ) ;
#3145 = ADVANCED_FACE ( 'NONE', ( #1513 ), #511, .T. ) ;
#3146 = CARTESIAN_POINT ( 'NONE',  ( 4.850000000000001400, -30.00000000000000000, 2.299999999999998900 ) ) ;
#3147 = ADVANCED_FACE ( 'NONE', ( #617 ), #1121, .T. ) ;
#3148 = EDGE_CURVE ( 'NONE', #1371, #857, #978, .T. ) ;
#3149 = DIRECTION ( 'NONE',  ( 0.0000000000000000000, 0.0000000000000000000, -1.000000000000000000 ) ) ;
#3150 = CARTESIAN_POINT ( 'NONE',  ( -17.80000000000000100, 13.92157287525381700, 13.58578643762690400 ) ) ;
#3151 = VECTOR ( 'NONE', #970, 1000.000000000000000 ) ;
#3152 = AXIS2_PLACEMENT_3D ( 'NONE', #121, #2168, #2156 ) ;
#3153 = ORIENTED_EDGE ( 'NONE', *, *, #2167, .F. ) ;
#3154 = ORIENTED_EDGE ( 'NONE', *, *, #1588, .F. ) ;
#3155 = LINE ( 'NONE', #2451, #2556 ) ;
#3156 = FILL_AREA_STYLE ('',( #2550 ) ) ;
#3157 = CARTESIAN_POINT ( 'NONE',  ( -1.000000000000000000, 1.000000000000000000, 0.0000000000000000000 ) ) ;
#3158 = ORIENTED_EDGE ( 'NONE', *, *, #33, .F. ) ;
#3159 = FACE_BOUND ( 'NONE', #3166, .T. ) ;
#3160 = DIRECTION ( 'NONE',  ( 0.0000000000000000000, 0.0000000000000000000, -1.000000000000000000 ) ) ;
#3161 = VECTOR ( 'NONE', #615, 1000.000000000000000 ) ;
#3162 = VECTOR ( 'NONE', #2708, 1000.000000000000000 ) ;
#3163 = CARTESIAN_POINT ( 'NONE',  ( -8.900000000000000400, 17.75000000000000400, 18.00000000000000000 ) ) ;
#3164 = ADVANCED_FACE ( 'NONE', ( #3626 ), #2829, .F. ) ;
#3165 = FACE_OUTER_BOUND ( 'NONE', #1841, .T. ) ;
#3166 = EDGE_LOOP ( 'NONE', ( #3004, #1974, #2752, #339 ) ) ;
#3167 = EDGE_CURVE ( 'NONE', #250, #964, #2059, .T. ) ;
#3168 = DIRECTION ( 'NONE',  ( 1.000000000000000000, 0.0000000000000000000, 0.0000000000000000000 ) ) ;
#3169 = DIRECTION ( 'NONE',  ( 0.0000000000000000000, 0.0000000000000000000, -1.000000000000000000 ) ) ;
#3170 = EDGE_CURVE ( 'NONE', #3301, #2852, #2091, .T. ) ;
#3171 = VECTOR ( 'NONE', #1460, 1000.000000000000000 ) ;
#3172 = ORIENTED_EDGE ( 'NONE', *, *, #3588, .T. ) ;
#3173 = AXIS2_PLACEMENT_3D ( 'NONE', #2184, #2504, #3061 ) ;
#3174 = ORIENTED_EDGE ( 'NONE', *, *, #3008, .T. ) ;
#3175 = FACE_OUTER_BOUND ( 'NONE', #1585, .T. ) ;
#3176 = DIRECTION ( 'NONE',  ( -1.000000000000000000, -0.0000000000000000000, -0.0000000000000000000 ) ) ;
#3177 = ORIENTED_EDGE ( 'NONE', *, *, #565, .T. ) ;
#3178 = DIRECTION ( 'NONE',  ( -1.097877974401809900E-015, 0.0000000000000000000, 1.000000000000000000 ) ) ;
#3179 = VERTEX_POINT ( 'NONE', #2281 ) ;
#3180 = ORIENTED_EDGE ( 'NONE', *, *, #2987, .T. ) ;
#3181 = DIRECTION ( 'NONE',  ( 0.0000000000000000000, 0.0000000000000000000, 1.000000000000000000 ) ) ;
#3182 = ORIENTED_EDGE ( 'NONE', *, *, #2816, .F. ) ;
#3183 =( NAMED_UNIT ( * ) SI_UNIT ( $, .STERADIAN. ) SOLID_ANGLE_UNIT ( ) );
#3184 = CARTESIAN_POINT ( 'NONE',  ( 8.499999999999998200, 48.69999999999998200, 2.500000000000000000 ) ) ;
#3185 = DIRECTION ( 'NONE',  ( -0.0000000000000000000, 1.000000000000000000, -0.0000000000000000000 ) ) ;
#3186 = MECHANICAL_DESIGN_GEOMETRIC_PRESENTATION_REPRESENTATION (  '', ( #1688 ), #1038 ) ;
#3187 = ORIENTED_EDGE ( 'NONE', *, *, #306, .F. ) ;
#3188 = EDGE_CURVE ( 'NONE', #3228, #2150, #2738, .T. ) ;
#3189 = FACE_OUTER_BOUND ( 'NONE', #3603, .T. ) ;
#3190 = VERTEX_POINT ( 'NONE', #258 ) ;
#3191 = LINE ( 'NONE', #1908, #1629 ) ;
#3192 = DIRECTION ( 'NONE',  ( -0.0000000000000000000, 0.0000000000000000000, 1.000000000000000000 ) ) ;
#3193 = ORIENTED_EDGE ( 'NONE', *, *, #2764, .F. ) ;
#3194 = PRESENTATION_STYLE_ASSIGNMENT (( #1383 ) ) ;
#3195 = CARTESIAN_POINT ( 'NONE',  ( -17.49999999999999300, 99.99999999999994300, 2.500000000000000000 ) ) ;
#3196 = DIRECTION ( 'NONE',  ( 0.0000000000000000000, 1.000000000000000000, 0.0000000000000000000 ) ) ;
#3197 = DIRECTION ( 'NONE',  ( 1.000000000000000000, 5.178279032766586000E-017, -0.0000000000000000000 ) ) ;
#3198 = EDGE_LOOP ( 'NONE', ( #3269, #2426, #1846, #1527 ) ) ;
#3199 = AXIS2_PLACEMENT_3D ( 'NONE', #2869, #286, #1153 ) ;
#3200 = FACE_OUTER_BOUND ( 'NONE', #2750, .T. ) ;
#3201 = ADVANCED_FACE ( 'NONE', ( #2470 ), #1993, .F. ) ;
#3202 = CARTESIAN_POINT ( 'NONE',  ( -8.900000000000000400, 35.75000000000000700, 0.0000000000000000000 ) ) ;
#3203 = LINE ( 'NONE', #1109, #1063 ) ;
#3204 = FACE_OUTER_BOUND ( 'NONE', #3743, .T. ) ;
#3205 = LINE ( 'NONE', #2026, #2650 ) ;
#3206 = ORIENTED_EDGE ( 'NONE', *, *, #3445, .F. ) ;
#3207 = DIRECTION ( 'NONE',  ( 0.0000000000000000000, 0.0000000000000000000, -1.000000000000000000 ) ) ;
#3208 = CYLINDRICAL_SURFACE ( 'NONE', #1843, 1.000000000000000900 ) ;
#3209 = AXIS2_PLACEMENT_3D ( 'NONE', #2658, #3540, #925 ) ;
#3210 = EDGE_LOOP ( 'NONE', ( #2694, #1159, #2640, #1925, #542, #1275, #764, #1031 ) ) ;
#3211 = EDGE_CURVE ( 'NONE', #2709, #635, #1210, .T. ) ;
#3212 = VECTOR ( 'NONE', #2443, 1000.000000000000000 ) ;
#3213 = EDGE_CURVE ( 'NONE', #2296, #2113, #239, .T. ) ;
#3214 = CARTESIAN_POINT ( 'NONE',  ( -16.30712604522700100, 5.000000000000000900, 0.0000000000000000000 ) ) ;
#3215 = ORIENTED_EDGE ( 'NONE', *, *, #333, .T. ) ;
#3216 = LINE ( 'NONE', #670, #1127 ) ;
#3217 = VERTEX_POINT ( 'NONE', #1399 ) ;
#3218 = ORIENTED_EDGE ( 'NONE', *, *, #1787, .T. ) ;
#3219 = PLANE ( 'NONE',  #2588 ) ;
#3220 = ADVANCED_FACE ( 'NONE', ( #3165 ), #2009, .T. ) ;
#3221 = STYLED_ITEM ( 'NONE', ( #3289 ), #1359 ) ;
#3222 = ORIENTED_EDGE ( 'NONE', *, *, #1316, .T. ) ;
#3223 = CARTESIAN_POINT ( 'NONE',  ( -9.650000569866991300, 35.55000000000000400, 4.967940939012032200 ) ) ;
#3224 = DIRECTION ( 'NONE',  ( 1.000000000000000000, 0.0000000000000000000, -0.0000000000000000000 ) ) ;
#3225 = CARTESIAN_POINT ( 'NONE',  ( -16.80000000000000100, 34.75000000000000000, 18.00000000000000000 ) ) ;
#3226 = UNCERTAINTY_MEASURE_WITH_UNIT (LENGTH_MEASURE( 1.000000000000000100E-005 ), #1406, 'distance_accuracy_value', 'NONE');
#3227 = CARTESIAN_POINT ( 'NONE',  ( -1.242207580000063600E-016, 1.000000000000000900, 0.0000000000000000000 ) ) ;
#3228 = VERTEX_POINT ( 'NONE', #2284 ) ;
#3229 = DIRECTION ( 'NONE',  ( -1.000000000000000000, -0.0000000000000000000, 0.0000000000000000000 ) ) ;
#3230 = VERTEX_POINT ( 'NONE', #3448 ) ;
#3231 = EDGE_CURVE ( 'NONE', #1371, #989, #1205, .T. ) ;
#3232 = CARTESIAN_POINT ( 'NONE',  ( -9.650000569866991300, 35.75000000000000700, 12.82605776176289900 ) ) ;
#3233 = LINE ( 'NONE', #3271, #1191 ) ;
#3234 = DIRECTION ( 'NONE',  ( 0.0000000000000000000, -1.000000000000000000, 0.0000000000000000000 ) ) ;
#3235 = EDGE_CURVE ( 'NONE', #711, #22, #567, .T. ) ;
#3236 = CARTESIAN_POINT ( 'NONE',  ( 0.0000000000000000000, 0.0000000000000000000, -32.50000000000000000 ) ) ;
#3237 = ADVANCED_FACE ( 'NONE', ( #846 ), #543, .T. ) ;
#3238 = FACE_OUTER_BOUND ( 'NONE', #3027, .T. ) ;
#3239 = EDGE_CURVE ( 'NONE', #2244, #2227, #747, .T. ) ;
#3240 = CARTESIAN_POINT ( 'NONE',  ( -8.500000000000000000, 40.69999999999998200, 2.500000000000000000 ) ) ;
#3241 = APPLICATION_PROTOCOL_DEFINITION ( 'draft international standard', 'automotive_design', 1998, #1209 ) ;
#3242 = VERTEX_POINT ( 'NONE', #1436 ) ;
#3243 = ORIENTED_EDGE ( 'NONE', *, *, #544, .T. ) ;
#3244 = VECTOR ( 'NONE', #411, 1000.000000000000000 ) ;
#3245 = CARTESIAN_POINT ( 'NONE',  ( -14.99999999999999500, -100.0000000000000400, -30.00000000000000000 ) ) ;
#3246 = CARTESIAN_POINT ( 'NONE',  ( -12.30712604522699900, 17.87500000000000400, 0.0000000000000000000 ) ) ;
#3247 = ORIENTED_EDGE ( 'NONE', *, *, #261, .T. ) ;
#3248 = CARTESIAN_POINT ( 'NONE',  ( 1.040565744906462400E-015, 1.000000000000001600, 13.58578643762691000 ) ) ;
#3249 = CARTESIAN_POINT ( 'NONE',  ( -5.500000000000050600, 8.000000000000000000, -29.80527936219560200 ) ) ;
#3250 = VECTOR ( 'NONE', #1714, 1000.000000000000000 ) ;
#3251 = AXIS2_PLACEMENT_3D ( 'NONE', #2102, #3315, #1252 ) ;
#3252 = LINE ( 'NONE', #1725, #613 ) ;
#3253 = LINE ( 'NONE', #415, #1336 ) ;
#3254 = CARTESIAN_POINT ( 'NONE',  ( -1.000000000000000200, 35.75000000000000700, 17.00000000000000000 ) ) ;
#3255 = FACE_OUTER_BOUND ( 'NONE', #1680, .T. ) ;
#3256 = ORIENTED_EDGE ( 'NONE', *, *, #2636, .F. ) ;
#3257 = PRODUCT_DEFINITION_FORMATION_WITH_SPECIFIED_SOURCE ( 'ANY', '', #1288, .NOT_KNOWN. ) ;
#3258 = VECTOR ( 'NONE', #568, 1000.000000000000000 ) ;
#3259 = ORIENTED_EDGE ( 'NONE', *, *, #864, .T. ) ;
#3260 = DIRECTION ( 'NONE',  ( 8.783734034594549500E-017, -0.7071067811865480200, -0.7071067811865470200 ) ) ;
#3261 = DIRECTION ( 'NONE',  ( 1.734723475976807400E-017, -1.000000000000000000, -0.0000000000000000000 ) ) ;
#3262 = VERTEX_POINT ( 'NONE', #2850 ) ;
#3263 = VECTOR ( 'NONE', #131, 1000.000000000000000 ) ;
#3264 = AXIS2_PLACEMENT_3D ( 'NONE', #3469, #2299, #1684 ) ;
#3265 = VERTEX_POINT ( 'NONE', #2272 ) ;
#3266 = ORIENTED_EDGE ( 'NONE', *, *, #3366, .F. ) ;
#3267 = CARTESIAN_POINT ( 'NONE',  ( -14.85333416390489900, 35.75000000000000700, 8.150126457546544900 ) ) ;
#3268 = ORIENTED_EDGE ( 'NONE', *, *, #538, .T. ) ;
#3269 = ORIENTED_EDGE ( 'NONE', *, *, #2642, .F. ) ;
#3270 = EDGE_CURVE ( 'NONE', #2056, #2000, #1021, .T. ) ;
#3271 = CARTESIAN_POINT ( 'NONE',  ( 4.850000000000001400, 30.00000000000000400, 2.299999999999998900 ) ) ;
#3272 = CARTESIAN_POINT ( 'NONE',  ( -17.79999999999999700, 0.9999999999999992200, 13.00000000000000200 ) ) ;
#3273 = AXIS2_PLACEMENT_3D ( 'NONE', #175, #2791, #780 ) ;
#3274 = CARTESIAN_POINT ( 'NONE',  ( -4.899999999999999500, 1.629723243647918300E-016, 8.037552105359217700E-016 ) ) ;
#3275 = DIRECTION ( 'NONE',  ( -1.734723475976807400E-017, 1.000000000000000000, 0.0000000000000000000 ) ) ;
#3276 = ORIENTED_EDGE ( 'NONE', *, *, #1451, .F. ) ;
#3277 = CARTESIAN_POINT ( 'NONE',  ( -8.900000569866989500, 35.75000000000000700, 8.896999350387458700 ) ) ;
#3278 = ORIENTED_EDGE ( 'NONE', *, *, #3445, .T. ) ;
#3279 = CARTESIAN_POINT ( 'NONE',  ( 17.50000000000000700, 99.99999999999994300, 11.79999999999999900 ) ) ;
#3280 = DIRECTION ( 'NONE',  ( 1.000000000000000000, 0.0000000000000000000, 0.0000000000000000000 ) ) ;
#3281 = VECTOR ( 'NONE', #327, 1000.000000000000000 ) ;
#3282 = VERTEX_POINT ( 'NONE', #3461 ) ;
#3283 = CARTESIAN_POINT ( 'NONE',  ( -17.38578643762690500, 1.734723475976807100E-015, 13.58578643762690400 ) ) ;
#3284 = CARTESIAN_POINT ( 'NONE',  ( -4.463458557706859500, 35.75000000000000700, 8.150126457546541300 ) ) ;
#3285 = AXIS2_PLACEMENT_3D ( 'NONE', #854, #3771, #2904 ) ;
#3286 = PLANE ( 'NONE',  #3251 ) ;
#3287 = VERTEX_POINT ( 'NONE', #839 ) ;
#3288 = ORIENTED_EDGE ( 'NONE', *, *, #1267, .T. ) ;
#3289 = PRESENTATION_STYLE_ASSIGNMENT (( #2086 ) ) ;
#3290 = EDGE_CURVE ( 'NONE', #2759, #3312, #1335, .T. ) ;
#3291 = VERTEX_POINT ( 'NONE', #2024 ) ;
#3292 = CARTESIAN_POINT ( 'NONE',  ( -8.900000000000000400, 35.75000000000000700, 0.0000000000000000000 ) ) ;
#3293 = CIRCLE ( 'NONE', #642, 5.999999999996740400 ) ;
#3294 = AXIS2_PLACEMENT_3D ( 'NONE', #1813, #3305, #2108 ) ;
#3295 = FACE_OUTER_BOUND ( 'NONE', #361, .T. ) ;
#3296 = CARTESIAN_POINT ( 'NONE',  ( -16.80000000000000100, 34.75000000000000000, 17.00000000000000000 ) ) ;
#3297 = PLANE ( 'NONE',  #850 ) ;
#3298 = LINE ( 'NONE', #1633, #1162 ) ;
#3299 = CYLINDRICAL_SURFACE ( 'NONE', #2494, 6.999999999999999100 ) ;
#3300 = VECTOR ( 'NONE', #3428, 1000.000000000000000 ) ;
#3301 = VERTEX_POINT ( 'NONE', #1116 ) ;
#3302 = DIRECTION ( 'NONE',  ( 0.0000000000000000000, -1.000000000000000000, 0.0000000000000000000 ) ) ;
#3303 = VECTOR ( 'NONE', #3791, 1000.000000000000000 ) ;
#3304 = VECTOR ( 'NONE', #2737, 1000.000000000000000 ) ;
#3305 = DIRECTION ( 'NONE',  ( 0.0000000000000000000, 0.0000000000000000000, -1.000000000000000000 ) ) ;
#3306 = ORIENTED_EDGE ( 'NONE', *, *, #2229, .F. ) ;
#3307 = VECTOR ( 'NONE', #2225, 1000.000000000000000 ) ;
#3308 = CARTESIAN_POINT ( 'NONE',  ( -12.82846077209154400, 35.75000000000000700, 9.650126457546544900 ) ) ;
#3309 = AXIS2_PLACEMENT_3D ( 'NONE', #2690, #92, #1255 ) ;
#3310 = CARTESIAN_POINT ( 'NONE',  ( -9.650000569866991300, 35.75000000000000700, 11.80486396720210300 ) ) ;
#3311 = ORIENTED_EDGE ( 'NONE', *, *, #1895, .F. ) ;
#3312 = VERTEX_POINT ( 'NONE', #1696 ) ;
#3313 = EDGE_CURVE ( 'NONE', #3759, #2471, #1305, .T. ) ;
#3314 = DIRECTION ( 'NONE',  ( 5.178279032766587900E-017, 1.000000000000000000, 0.0000000000000000000 ) ) ;
#3315 = DIRECTION ( 'NONE',  ( -1.000000000000000000, -1.278665952808457400E-016, 0.0000000000000000000 ) ) ;
#3316 = ORIENTED_EDGE ( 'NONE', *, *, #3740, .T. ) ;
#3317 = EDGE_CURVE ( 'NONE', #3242, #113, #2198, .T. ) ;
#3318 = DIRECTION ( 'NONE',  ( 0.0000000000000000000, 0.0000000000000000000, -1.000000000000000000 ) ) ;
#3319 = VERTEX_POINT ( 'NONE', #872 ) ;
#3320 = AXIS2_PLACEMENT_3D ( 'NONE', #851, #2263, #2013 ) ;
#3321 = ORIENTED_EDGE ( 'NONE', *, *, #3167, .T. ) ;
#3322 = VECTOR ( 'NONE', #1421, 1000.000000000000000 ) ;
#3323 = PRESENTATION_LAYER_ASSIGNMENT (  '', '', ( #3383 ) ) ;
#3324 = LINE ( 'NONE', #2822, #962 ) ;
#3325 = EDGE_CURVE ( 'NONE', #1751, #3265, #1608, .T. ) ;
#3326 = CARTESIAN_POINT ( 'NONE',  ( 17.50000000000000700, 99.99999999999994300, 2.500000000000000000 ) ) ;
#3327 = CARTESIAN_POINT ( 'NONE',  ( -17.49999999999999300, 99.99999999999994300, 9.299999999999998900 ) ) ;
#3328 = ORIENTED_EDGE ( 'NONE', *, *, #3615, .T. ) ;
#3329 = ORIENTED_EDGE ( 'NONE', *, *, #1788, .T. ) ;
#3330 = VECTOR ( 'NONE', #1004, 1000.000000000000000 ) ;
#3331 = CARTESIAN_POINT ( 'NONE',  ( -17.38578643762690100, 35.33578643762690100, 17.99999999999999600 ) ) ;
#3332 = DIRECTION ( 'NONE',  ( 1.734723475976807400E-017, -1.000000000000000000, -0.0000000000000000000 ) ) ;
#3333 = EDGE_CURVE ( 'NONE', #1815, #2580, #534, .T. ) ;
#3334 = CARTESIAN_POINT ( 'NONE',  ( -14.85333416390489900, 35.75000000000000700, 8.150126457546543100 ) ) ;
#3335 = EDGE_CURVE ( 'NONE', #2580, #635, #2659, .T. ) ;
#3336 = ORIENTED_EDGE ( 'NONE', *, *, #2053, .F. ) ;
#3337 = DIRECTION ( 'NONE',  ( 1.000000000000000000, 0.0000000000000000000, 0.0000000000000000000 ) ) ;
#3338 = LINE ( 'NONE', #479, #3438 ) ;
#3339 = DIRECTION ( 'NONE',  ( 1.000000000000000000, 0.0000000000000000000, 0.0000000000000000000 ) ) ;
#3340 = EDGE_CURVE ( 'NONE', #3523, #20, #856, .T. ) ;
#3341 = UNCERTAINTY_MEASURE_WITH_UNIT (LENGTH_MEASURE( 1.000000000000000100E-005 ), #241, 'distance_accuracy_value', 'NONE');
#3342 = FACE_BOUND ( 'NONE', #3679, .T. ) ;
#3343 = DIRECTION ( 'NONE',  ( 1.000000000000000000, 0.0000000000000000000, 0.0000000000000000000 ) ) ;
#3344 = DIRECTION ( 'NONE',  ( -0.0000000000000000000, -0.0000000000000000000, -1.000000000000000000 ) ) ;
#3345 = LINE ( 'NONE', #189, #1339 ) ;
#3346 = EDGE_LOOP ( 'NONE', ( #2865, #3457, #952, #3174 ) ) ;
#3347 = CARTESIAN_POINT ( 'NONE',  ( -16.30712604522700100, 8.000000000000000000, -29.80527936219560200 ) ) ;
#3348 = EDGE_LOOP ( 'NONE', ( #2126, #1816, #2932, #2078 ) ) ;
#3349 = CARTESIAN_POINT ( 'NONE',  ( -16.80000000000000100, 12.28125000000005500, 12.53125000000005000 ) ) ;
#3350 = ORIENTED_EDGE ( 'NONE', *, *, #1173, .F. ) ;
#3351 = VECTOR ( 'NONE', #3497, 1000.000000000000000 ) ;
#3352 = ORIENTED_EDGE ( 'NONE', *, *, #2122, .F. ) ;
#3353 = ORIENTED_EDGE ( 'NONE', *, *, #2255, .F. ) ;
#3354 = COLOUR_RGB ( '',0.7921568627450980000, 0.8196078431372548800, 0.9333333333333333500 ) ;
#3355 = ORIENTED_EDGE ( 'NONE', *, *, #1851, .T. ) ;
#3356 = ORIENTED_EDGE ( 'NONE', *, *, #1015, .F. ) ;
#3357 = AXIS2_PLACEMENT_3D ( 'NONE', #3277, #3302, #2428 ) ;
#3358 = DIRECTION ( 'NONE',  ( 0.0000000000000000000, 0.0000000000000000000, -1.000000000000000000 ) ) ;
#3359 = ADVANCED_FACE ( 'NONE', ( #896 ), #2072, .F. ) ;
#3360 = CARTESIAN_POINT ( 'NONE',  ( -8.900000000000000400, 2.444584865471880200E-016, 5.699999999999999300 ) ) ;
#3361 = EDGE_LOOP ( 'NONE', ( #967, #942, #891, #1229 ) ) ;
#3362 = EDGE_CURVE ( 'NONE', #1241, #1365, #348, .T. ) ;
#3363 = DIRECTION ( 'NONE',  ( 0.0000000000000000000, -0.0000000000000000000, 1.000000000000000000 ) ) ;
#3364 = DIRECTION ( 'NONE',  ( 4.081702296416017000E-016, -1.000000000000000000, 0.0000000000000000000 ) ) ;
#3365 = CARTESIAN_POINT ( 'NONE',  ( -17.38578643762690500, 35.75000000000000700, 17.00000000000000000 ) ) ;
#3366 = EDGE_CURVE ( 'NONE', #938, #618, #2148, .T. ) ;
#3367 = DIRECTION ( 'NONE',  ( 0.0000000000000000000, 0.0000000000000000000, -1.000000000000000000 ) ) ;
#3368 = DIRECTION ( 'NONE',  ( -0.0000000000000000000, 1.000000000000000000, -0.0000000000000000000 ) ) ;
#3369 = ORIENTED_EDGE ( 'NONE', *, *, #1010, .F. ) ;
#3370 = DIRECTION ( 'NONE',  ( -1.000000000000000000, 0.0000000000000000000, -0.0000000000000000000 ) ) ;
#3371 = DIRECTION ( 'NONE',  ( -0.0000000000000000000, 1.000000000000000000, 0.0000000000000000000 ) ) ;
#3372 = VECTOR ( 'NONE', #1716, 1000.000000000000000 ) ;
#3373 = DIRECTION ( 'NONE',  ( 0.0000000000000000000, 1.000000000000000000, 0.0000000000000000000 ) ) ;
#3374 = CARTESIAN_POINT ( 'NONE',  ( 4.850000000000001400, 30.00000000000000400, 2.299999999999998900 ) ) ;
#3375 = FACE_OUTER_BOUND ( 'NONE', #1995, .T. ) ;
#3376 = ADVANCED_FACE ( 'NONE', ( #3122, #1393, #2336 ), #1574, .T. ) ;
#3377 = DIRECTION ( 'NONE',  ( 0.0000000000000000000, 0.0000000000000000000, 1.000000000000000000 ) ) ;
#3378 = ORIENTED_EDGE ( 'NONE', *, *, #123, .F. ) ;
#3379 = ORIENTED_EDGE ( 'NONE', *, *, #3035, .F. ) ;
#3380 = DIRECTION ( 'NONE',  ( -0.0000000000000000000, 0.0000000000000000000, -1.000000000000000000 ) ) ;
#3381 = PRESENTATION_STYLE_ASSIGNMENT (( #3112 ) ) ;
#3382 = CARTESIAN_POINT ( 'NONE',  ( -2.947454932879152200, 35.75000000000000700, 9.650126457546537800 ) ) ;
#3383 = STYLED_ITEM ( 'NONE', ( #399 ), #3793 ) ;
#3384 = ORIENTED_EDGE ( 'NONE', *, *, #3704, .F. ) ;
#3385 = VECTOR ( 'NONE', #2973, 1000.000000000000000 ) ;
#3386 = EDGE_CURVE ( 'NONE', #2452, #1815, #148, .T. ) ;
#3387 = DIRECTION ( 'NONE',  ( 1.000000000000000000, -0.0000000000000000000, 0.0000000000000000000 ) ) ;
#3388 = FACE_BOUND ( 'NONE', #2019, .T. ) ;
#3389 = LINE ( 'NONE', #3071, #384 ) ;
#3390 = VECTOR ( 'NONE', #818, 1000.000000000000000 ) ;
#3391 = DIRECTION ( 'NONE',  ( 0.0000000000000000000, 0.0000000000000000000, 1.000000000000000000 ) ) ;
#3392 = CARTESIAN_POINT ( 'NONE',  ( -8.500000000000000000, 40.69999999999998200, 2.500000000000000000 ) ) ;
#3393 = FACE_OUTER_BOUND ( 'NONE', #3066, .T. ) ;
#3394 = CARTESIAN_POINT ( 'NONE',  ( -4.849999999999997900, -30.00000000000000000, 2.299999999999998900 ) ) ;
#3395 = ORIENTED_EDGE ( 'NONE', *, *, #3536, .T. ) ;
#3396 = FACE_OUTER_BOUND ( 'NONE', #1756, .T. ) ;
#3397 = CARTESIAN_POINT ( 'NONE',  ( -8.150000569866989500, 35.75000000000000700, 11.80486396720210100 ) ) ;
#3398 = LINE ( 'NONE', #1799, #2189 ) ;
#3399 = ORIENTED_EDGE ( 'NONE', *, *, #1269, .T. ) ;
#3400 = DIRECTION ( 'NONE',  ( 0.0000000000000000000, -1.000000000000000000, -0.0000000000000000000 ) ) ;
#3401 = ADVANCED_FACE ( 'NONE', ( #810 ), #644, .F. ) ;
#3402 = ORIENTED_EDGE ( 'NONE', *, *, #1567, .F. ) ;
#3403 = LINE ( 'NONE', #2434, #396 ) ;
#3404 = CARTESIAN_POINT ( 'NONE',  ( -17.80000000000000100, 14.16421356237310100, 13.00000000000000200 ) ) ;
#3405 = DIRECTION ( 'NONE',  ( 0.0000000000000000000, -1.000000000000000000, 0.0000000000000000000 ) ) ;
#3406 = ORIENTED_EDGE ( 'NONE', *, *, #97, .F. ) ;
#3407 = ORIENTED_EDGE ( 'NONE', *, *, #3487, .F. ) ;
#3408 = DIRECTION ( 'NONE',  ( -0.0000000000000000000, -0.0000000000000000000, -1.000000000000000000 ) ) ;
#3409 = AXIS2_PLACEMENT_3D ( 'NONE', #3031, #3018, #990 ) ;
#3410 = ORIENTED_EDGE ( 'NONE', *, *, #2304, .F. ) ;
#3411 = PLANE ( 'NONE',  #2957 ) ;
#3412 = DIRECTION ( 'NONE',  ( 0.0000000000000000000, 1.000000000000000000, -0.0000000000000000000 ) ) ;
#3413 = EDGE_CURVE ( 'NONE', #857, #786, #1872, .T. ) ;
#3414 = CARTESIAN_POINT ( 'NONE',  ( -3.452012759712419900, 35.75000000000000700, 9.650126457546539500 ) ) ;
#3415 = CARTESIAN_POINT ( 'NONE',  ( -8.900000000000000400, 0.0000000000000000000, 0.0000000000000000000 ) ) ;
#3416 = EDGE_CURVE ( 'NONE', #1775, #2977, #3216, .T. ) ;
#3417 =( NAMED_UNIT ( * ) PLANE_ANGLE_UNIT ( ) SI_UNIT ( $, .RADIAN. ) );
#3418 = ORIENTED_EDGE ( 'NONE', *, *, #3067, .F. ) ;
#3419 = ADVANCED_FACE ( 'NONE', ( #3175 ), #2264, .T. ) ;
#3420 = ADVANCED_FACE ( 'NONE', ( #3632 ), #1660, .T. ) ;
#3421 = DIRECTION ( 'NONE',  ( 0.0000000000000000000, -0.0000000000000000000, 1.000000000000000000 ) ) ;
#3422 = ORIENTED_EDGE ( 'NONE', *, *, #2916, .T. ) ;
#3423 = PRESENTATION_LAYER_ASSIGNMENT (  '', '', ( #3221 ) ) ;
#3424 = CARTESIAN_POINT ( 'NONE',  ( -8.500000000000001800, -82.20000000000008800, 0.0000000000000000000 ) ) ;
#3425 = LINE ( 'NONE', #3784, #3560 ) ;
#3426 = CARTESIAN_POINT ( 'NONE',  ( -2.256372377192182100E-015, 18.16421356237310300, 17.00000000000000000 ) ) ;
#3427 = DIRECTION ( 'NONE',  ( 1.000000000000000000, 0.0000000000000000000, 0.0000000000000000000 ) ) ;
#3428 = DIRECTION ( 'NONE',  ( -1.000000000000000000, 0.0000000000000000000, 0.0000000000000000000 ) ) ;
#3429 = CIRCLE ( 'NONE', #2085, 1.000000000000000900 ) ;
#3430 = ORIENTED_EDGE ( 'NONE', *, *, #3470, .T. ) ;
#3431 = EDGE_LOOP ( 'NONE', ( #3766, #2758, #3350, #1030 ) ) ;
#3432 = VECTOR ( 'NONE', #703, 1000.000000000000000 ) ;
#3433 = CARTESIAN_POINT ( 'NONE',  ( -5.995263060211428300, 35.75000000000000700, 8.150126457546541300 ) ) ;
#3434 = CARTESIAN_POINT ( 'NONE',  ( -9.650000569866788800, 35.55000000000000400, 2.944058900495390300 ) ) ;
#3435 = PLANE ( 'NONE',  #3320 ) ;
#3436 = ORIENTED_EDGE ( 'NONE', *, *, #1337, .F. ) ;
#3437 = AXIS2_PLACEMENT_3D ( 'NONE', #2929, #1480, #625 ) ;
#3438 = VECTOR ( 'NONE', #773, 1000.000000000000000 ) ;
#3439 = EDGE_CURVE ( 'NONE', #695, #199, #3025, .T. ) ;
#3440 = DIRECTION ( 'NONE',  ( 0.0000000000000000000, 0.0000000000000000000, 1.000000000000000000 ) ) ;
#3441 = ADVANCED_FACE ( 'NONE', ( #1522 ), #523, .T. ) ;
#3442 = CARTESIAN_POINT ( 'NONE',  ( -8.500000000000000000, 40.69999999999998200, 2.500000000000000000 ) ) ;
#3443 = FACE_BOUND ( 'NONE', #628, .T. ) ;
#3444 = VECTOR ( 'NONE', #3014, 1000.000000000000000 ) ;
#3445 = EDGE_CURVE ( 'NONE', #964, #3312, #2252, .T. ) ;
#3446 = SURFACE_SIDE_STYLE ('',( #1242 ) ) ;
#3447 = FACE_OUTER_BOUND ( 'NONE', #107, .T. ) ;
#3448 = CARTESIAN_POINT ( 'NONE',  ( 4.850000000000001400, -30.00000000000000000, 2.299999999999998900 ) ) ;
#3449 = VERTEX_POINT ( 'NONE', #3570 ) ;
#3450 = DIRECTION ( 'NONE',  ( 0.0000000000000000000, 0.0000000000000000000, 1.000000000000000000 ) ) ;
#3451 = CARTESIAN_POINT ( 'NONE',  ( -2.947454932879151700, 35.75000000000000700, 9.650126457546539500 ) ) ;
#3452 = ORIENTED_EDGE ( 'NONE', *, *, #2938, .T. ) ;
#3453 = ORIENTED_EDGE ( 'NONE', *, *, #1501, .F. ) ;
#3454 = VECTOR ( 'NONE', #1997, 1000.000000000000000 ) ;
#3455 = AXIS2_PLACEMENT_3D ( 'NONE', #453, #742, #1590 ) ;
#3456 = ORIENTED_EDGE ( 'NONE', *, *, #206, .T. ) ;
#3457 = ORIENTED_EDGE ( 'NONE', *, *, #3637, .T. ) ;
#3458 = DIRECTION ( 'NONE',  ( 0.0000000000000000000, -1.000000000000000000, 0.0000000000000000000 ) ) ;
#3459 = CARTESIAN_POINT ( 'NONE',  ( -8.900000000000011000, 11.75462388992309900, 13.99999999999999800 ) ) ;
#3460 = ORIENTED_EDGE ( 'NONE', *, *, #1150, .T. ) ;
#3461 = CARTESIAN_POINT ( 'NONE',  ( -9.650000569866991300, 35.55000000000000400, 5.995388947890980100 ) ) ;
#3462 = CARTESIAN_POINT ( 'NONE',  ( 8.500000000000007100, -40.70000000000002400, 2.500000000000000000 ) ) ;
#3463 = CARTESIAN_POINT ( 'NONE',  ( 4.850000000000001400, -30.00000000000000000, 9.299999999999998900 ) ) ;
#3464 = VERTEX_POINT ( 'NONE', #370 ) ;
#3465 = CARTESIAN_POINT ( 'NONE',  ( -3.825346395040690600E-016, 13.92157287525381900, 13.58578643762690600 ) ) ;
#3466 = EDGE_LOOP ( 'NONE', ( #2800, #3693, #525, #1341 ) ) ;
#3467 = DIRECTION ( 'NONE',  ( 0.0000000000000000000, -0.7071067811865480200, -0.7071067811865470200 ) ) ;
#3468 = LINE ( 'NONE', #3493, #1281 ) ;
#3469 = CARTESIAN_POINT ( 'NONE',  ( 17.50000000000000700, 99.99999999999994300, 2.500000000000000000 ) ) ;
#3470 = EDGE_CURVE ( 'NONE', #1867, #2139, #669, .T. ) ;
#3471 = CARTESIAN_POINT ( 'NONE',  ( -8.500000000000001800, -82.20000000000008800, 2.500000000000000000 ) ) ;
#3472 = CARTESIAN_POINT ( 'NONE',  ( 17.50000000000000700, 99.99999999999994300, 9.299999999999998900 ) ) ;
#3473 = FACE_OUTER_BOUND ( 'NONE', #3783, .T. ) ;
#3474 = AXIS2_PLACEMENT_3D ( 'NONE', #1090, #493, #3092 ) ;
#3475 = ADVANCED_FACE ( 'NONE', ( #2849 ), #2061, .F. ) ;
#3476 = PRODUCT_CONTEXT ( 'NONE', #1430, 'mechanical' ) ;
#3477 = ORIENTED_EDGE ( 'NONE', *, *, #507, .T. ) ;
#3478 = LINE ( 'NONE', #2989, #3102 ) ;
#3479 = CIRCLE ( 'NONE', #2967, 1.000000000000000000 ) ;
#3480 = DIRECTION ( 'NONE',  ( -0.0000000000000000000, -0.0000000000000000000, -1.000000000000000000 ) ) ;
#3481 = CARTESIAN_POINT ( 'NONE',  ( -9.650000569866989500, 35.55000000000000400, 14.84993980027950400 ) ) ;
#3482 = DIRECTION ( 'NONE',  ( -1.000000000000000000, 0.0000000000000000000, 0.0000000000000000000 ) ) ;
#3483 = VECTOR ( 'NONE', #320, 1000.000000000000000 ) ;
#3484 = AXIS2_PLACEMENT_3D ( 'NONE', #2356, #606, #900 ) ;
#3485 = VECTOR ( 'NONE', #1637, 1000.000000000000000 ) ;
#3486 = ORIENTED_EDGE ( 'NONE', *, *, #253, .T. ) ;
#3487 = EDGE_CURVE ( 'NONE', #1317, #116, #1562, .T. ) ;
#3488 = LINE ( 'NONE', #3397, #391 ) ;
#3489 = CARTESIAN_POINT ( 'NONE',  ( -1.000000000000000200, 35.33578643762690800, 18.00000000000000000 ) ) ;
#3490 = FACE_OUTER_BOUND ( 'NONE', #2574, .T. ) ;
#3491 = EDGE_LOOP ( 'NONE', ( #1931, #30, #2817, #3125 ) ) ;
#3492 = DIRECTION ( 'NONE',  ( -1.000000000000000000, 0.0000000000000000000, -0.0000000000000000000 ) ) ;
#3493 = CARTESIAN_POINT ( 'NONE',  ( -16.80000000000000100, 8.381433824474994600E-016, 0.0000000000000000000 ) ) ;
#3494 = VERTEX_POINT ( 'NONE', #2350 ) ;
#3495 = CIRCLE ( 'NONE', #1187, 5.999999999996729700 ) ;
#3496 = ADVANCED_FACE ( 'NONE', ( #200 ), #2663, .F. ) ;
#3497 = DIRECTION ( 'NONE',  ( 1.000000000000000000, 0.0000000000000000000, 0.0000000000000000000 ) ) ;
#3498 = CARTESIAN_POINT ( 'NONE',  ( -0.9999999999999991100, 17.75000000000000700, 18.00000000000000400 ) ) ;
#3499 = CARTESIAN_POINT ( 'NONE',  ( -8.500000000000003600, 48.69999999999998200, 2.500000000000000000 ) ) ;
#3500 = ORIENTED_EDGE ( 'NONE', *, *, #3530, .F. ) ;
#3501 = ORIENTED_EDGE ( 'NONE', *, *, #802, .F. ) ;
#3502 = CARTESIAN_POINT ( 'NONE',  ( 0.0000000000000000000, 34.75000000000000000, 17.00000000000000000 ) ) ;
#3503 = ORIENTED_EDGE ( 'NONE', *, *, #3170, .F. ) ;
#3504 = CARTESIAN_POINT ( 'NONE',  ( -0.4142135623730943100, 1.000000000000001800, 14.00000000000000000 ) ) ;
#3505 = AXIS2_PLACEMENT_3D ( 'NONE', #288, #600, #3545 ) ;
#3506 = PLANE ( 'NONE',  #2460 ) ;
#3507 = CARTESIAN_POINT ( 'NONE',  ( -17.80000000000000100, 14.16421356237310300, 13.00000000000000200 ) ) ;
#3508 = VERTEX_POINT ( 'NONE', #676 ) ;
#3509 = EDGE_CURVE ( 'NONE', #1560, #3319, #3541, .T. ) ;
#3510 = DIRECTION ( 'NONE',  ( 0.0000000000000000000, 0.0000000000000000000, -1.000000000000000000 ) ) ;
#3511 = VECTOR ( 'NONE', #1920, 1000.000000000000000 ) ;
#3512 = ADVANCED_FACE ( 'NONE', ( #714 ), #3546, .F. ) ;
#3513 = VERTEX_POINT ( 'NONE', #2969 ) ;
#3514 = CARTESIAN_POINT ( 'NONE',  ( -17.49999999999999600, -100.0000000000000400, 11.79999999999999900 ) ) ;
#3515 =( REPRESENTATION_RELATIONSHIP ('NONE','NONE', #1134, #3678 ) REPRESENTATION_RELATIONSHIP_WITH_TRANSFORMATION ( #2657 )SHAPE_REPRESENTATION_RELATIONSHIP( ) );
#3516 = LINE ( 'NONE', #1442, #3322 ) ;
#3517 = EDGE_CURVE ( 'NONE', #400, #1145, #3773, .T. ) ;
#3518 = CARTESIAN_POINT ( 'NONE',  ( 1.040565744906462200E-015, 0.4142135623730963100, 13.34314575050762600 ) ) ;
#3519 = CARTESIAN_POINT ( 'NONE',  ( 0.0000000000000000000, 0.0000000000000000000, 2.299999999999998900 ) ) ;
#3520 = ORIENTED_EDGE ( 'NONE', *, *, #2787, .T. ) ;
#3521 = EDGE_LOOP ( 'NONE', ( #585, #3595, #3520, #3705 ) ) ;
#3522 = LINE ( 'NONE', #462, #3432 ) ;
#3523 = VERTEX_POINT ( 'NONE', #2164 ) ;
#3524 = CARTESIAN_POINT ( 'NONE',  ( -8.900000569866989500, 35.55000000000000400, 8.900126457546539500 ) ) ;
#3525 = FACE_OUTER_BOUND ( 'NONE', #2568, .T. ) ;
#3526 = CARTESIAN_POINT ( 'NONE',  ( -17.80000000000000100, 0.9999999999999991100, 13.00000000000000200 ) ) ;
#3527 = ADVANCED_FACE ( 'NONE', ( #1477 ), #3297, .T. ) ;
#3528 = FACE_OUTER_BOUND ( 'NONE', #3568, .T. ) ;
#3529 = VERTEX_POINT ( 'NONE', #1860 ) ;
#3530 = EDGE_CURVE ( 'NONE', #3242, #2153, #762, .T. ) ;
#3531 = DIRECTION ( 'NONE',  ( 1.000000000000000000, 0.0000000000000000000, 0.0000000000000000000 ) ) ;
#3532 = DIRECTION ( 'NONE',  ( 0.0000000000000000000, -1.000000000000000000, 0.0000000000000000000 ) ) ;
#3533 = VECTOR ( 'NONE', #3056, 1000.000000000000000 ) ;
#3534 = ORIENTED_EDGE ( 'NONE', *, *, #336, .F. ) ;
#3535 = DIRECTION ( 'NONE',  ( -1.734723475976807400E-017, 1.000000000000000000, 0.0000000000000000000 ) ) ;
#3536 = EDGE_CURVE ( 'NONE', #586, #1113, #1792, .T. ) ;
#3537 = EDGE_CURVE ( 'NONE', #541, #943, #2575, .T. ) ;
#3538 = CARTESIAN_POINT ( 'NONE',  ( -8.500000000000003600, 48.69999999999998200, 2.500000000000000000 ) ) ;
#3539 = EDGE_LOOP ( 'NONE', ( #1918, #2060, #2384, #2577 ) ) ;
#3540 = DIRECTION ( 'NONE',  ( -0.0000000000000000000, -0.0000000000000000000, -1.000000000000000000 ) ) ;
#3541 = LINE ( 'NONE', #3556, #2747 ) ;
#3542 = ORIENTED_EDGE ( 'NONE', *, *, #1177, .F. ) ;
#3543 = ORIENTED_EDGE ( 'NONE', *, *, #1408, .T. ) ;
#3544 = EDGE_CURVE ( 'NONE', #2446, #3190, #1028, .T. ) ;
#3545 = DIRECTION ( 'NONE',  ( 1.000000000000000000, 0.0000000000000000000, 0.0000000000000000000 ) ) ;
#3546 = PLANE ( 'NONE',  #787 ) ;
#3547 = ORIENTED_EDGE ( 'NONE', *, *, #3142, .F. ) ;
#3548 = CARTESIAN_POINT ( 'NONE',  ( -12.90000000000000000, 6.435743829507586000E-016, 0.0000000000000000000 ) ) ;
#3549 = CARTESIAN_POINT ( 'NONE',  ( 17.50000000000000700, 99.99999999999994300, 9.299999999999998900 ) ) ;
#3550 = ORIENTED_EDGE ( 'NONE', *, *, #587, .F. ) ;
#3551 = CARTESIAN_POINT ( 'NONE',  ( 8.499999999999998200, -48.70000000000007400, 2.500000000000000000 ) ) ;
#3552 = CARTESIAN_POINT ( 'NONE',  ( -12.30712604522699900, 8.000000000000000000, -29.80527936219560200 ) ) ;
#3553 = ORIENTED_EDGE ( 'NONE', *, *, #3084, .F. ) ;
#3554 = ORIENTED_EDGE ( 'NONE', *, *, #587, .T. ) ;
#3555 = DIRECTION ( 'NONE',  ( 1.000000000000000000, 0.0000000000000000000, 0.0000000000000000000 ) ) ;
#3556 = CARTESIAN_POINT ( 'NONE',  ( -8.900000000000000400, 13.75000000000000000, 13.99999999999999800 ) ) ;
#3557 = EDGE_LOOP ( 'NONE', ( #3477, #3718, #2249, #2680 ) ) ;
#3558 = DIRECTION ( 'NONE',  ( 1.000000000000000000, 0.0000000000000000000, 0.0000000000000000000 ) ) ;
#3559 = DIRECTION ( 'NONE',  ( 0.0000000000000000000, -1.000000000000000000, 0.0000000000000000000 ) ) ;
#3560 = VECTOR ( 'NONE', #2032, 1000.000000000000000 ) ;
#3561 = CARTESIAN_POINT ( 'NONE',  ( -8.150000569866989500, 35.75000000000000700, 9.650126457546539500 ) ) ;
#3562 = EDGE_CURVE ( 'NONE', #2506, #2335, #2982, .T. ) ;
#3563 = LINE ( 'NONE', #3404, #1413 ) ;
#3564 = EDGE_CURVE ( 'NONE', #681, #1867, #1706, .T. ) ;
#3565 = CARTESIAN_POINT ( 'NONE',  ( -17.49999999999999300, 97.49999999999992900, -30.00000000000000000 ) ) ;
#3566 = CARTESIAN_POINT ( 'NONE',  ( -8.150000569866989500, 35.55000000000000400, 11.80486396720210300 ) ) ;
#3567 = ORIENTED_EDGE ( 'NONE', *, *, #3439, .T. ) ;
#3568 = EDGE_LOOP ( 'NONE', ( #1325, #352, #923, #2660 ) ) ;
#3569 = FACE_OUTER_BOUND ( 'NONE', #1440, .T. ) ;
#3570 = CARTESIAN_POINT ( 'NONE',  ( -8.900000569866989500, 35.55000000000000400, 1.896999350387460300 ) ) ;
#3571 = ORIENTED_EDGE ( 'NONE', *, *, #3231, .F. ) ;
#3572 = CARTESIAN_POINT ( 'NONE',  ( 8.499999999999996400, 40.69999999999998900, 0.0000000000000000000 ) ) ;
#3573 = DIRECTION ( 'NONE',  ( 0.0000000000000000000, -1.000000000000000000, -0.0000000000000000000 ) ) ;
#3574 = VECTOR ( 'NONE', #351, 1000.000000000000000 ) ;
#3575 = CARTESIAN_POINT ( 'NONE',  ( 4.850000000000001400, 30.00000000000000400, 2.299999999999998900 ) ) ;
#3576 = PLANE ( 'NONE',  #2524 ) ;
#3577 = VECTOR ( 'NONE', #337, 1000.000000000000000 ) ;
#3578 = VERTEX_POINT ( 'NONE', #449 ) ;
#3579 = DIRECTION ( 'NONE',  ( 0.0000000000000000000, 1.000000000000000000, -0.0000000000000000000 ) ) ;
#3580 = DIRECTION ( 'NONE',  ( -0.0000000000000000000, 1.000000000000000000, 0.0000000000000000000 ) ) ;
#3581 = FACE_OUTER_BOUND ( 'NONE', #2838, .T. ) ;
#3582 = VERTEX_POINT ( 'NONE', #3310 ) ;
#3583 = VECTOR ( 'NONE', #2893, 1000.000000000000000 ) ;
#3584 = PRODUCT_RELATED_PRODUCT_CATEGORY ( 'part', '', ( #1288 ) ) ;
#3585 = CARTESIAN_POINT ( 'NONE',  ( -8.500000000000001800, -82.20000000000008800, 2.500000000000000000 ) ) ;
#3586 = LINE ( 'NONE', #934, #1833 ) ;
#3587 = ORIENTED_EDGE ( 'NONE', *, *, #3733, .F. ) ;
#3588 = EDGE_CURVE ( 'NONE', #3051, #88, #986, .T. ) ;
#3589 = CARTESIAN_POINT ( 'NONE',  ( -6.250000000000009800, 14.75462388992310100, 17.89999999999999900 ) ) ;
#3590 = VERTEX_POINT ( 'NONE', #1832 ) ;
#3591 = VECTOR ( 'NONE', #188, 1000.000000000000000 ) ;
#3592 = DIRECTION ( 'NONE',  ( 0.0000000000000000000, 0.0000000000000000000, -1.000000000000000000 ) ) ;
#3593 = SURFACE_STYLE_FILL_AREA ( #1982 ) ;
#3594 = CARTESIAN_POINT ( 'NONE',  ( -8.499999999999989300, -40.70000000000002400, 2.500000000000000000 ) ) ;
#3595 = ORIENTED_EDGE ( 'NONE', *, *, #365, .T. ) ;
#3596 = EDGE_LOOP ( 'NONE', ( #29, #689, #1978 ) ) ;
#3597 = DIRECTION ( 'NONE',  ( -1.299928964992575200E-049, -2.605617018427420200E-033, -1.000000000000000000 ) ) ;
#3598 = CARTESIAN_POINT ( 'NONE',  ( -14.99999999999999100, 97.49999999999992900, -30.00000000000000000 ) ) ;
#3599 = DIRECTION ( 'NONE',  ( -0.0000000000000000000, -0.0000000000000000000, 1.000000000000000000 ) ) ;
#3600 = AXIS2_PLACEMENT_3D ( 'NONE', #2958, #3602, #1837 ) ;
#3601 = DIRECTION ( 'NONE',  ( 1.000000000000000000, 0.0000000000000000000, 0.0000000000000000000 ) ) ;
#3602 = DIRECTION ( 'NONE',  ( 0.0000000000000000000, 0.0000000000000000000, 1.000000000000000000 ) ) ;
#3603 = EDGE_LOOP ( 'NONE', ( #1586, #909, #3641, #3329 ) ) ;
#3604 = CARTESIAN_POINT ( 'NONE',  ( -11.80473807952257700, 35.55000000000000400, 8.150126457546541300 ) ) ;
#3605 = CARTESIAN_POINT ( 'NONE',  ( 8.499999999999998200, 48.69999999999998200, 2.500000000000000000 ) ) ;
#3606 = LINE ( 'NONE', #1999, #3372 ) ;
#3607 = AXIS2_PLACEMENT_3D ( 'NONE', #159, #1039, #171 ) ;
#3608 = ORIENTED_EDGE ( 'NONE', *, *, #439, .F. ) ;
#3609 = CIRCLE ( 'NONE', #3357, 5.999999999996740400 ) ;
#3610 = AXIS2_PLACEMENT_3D ( 'NONE', #205, #821, #1112 ) ;
#3611 = CARTESIAN_POINT ( 'NONE',  ( -8.500000000000003600, -48.70000000000007400, 2.500000000000000000 ) ) ;
#3612 = EDGE_CURVE ( 'NONE', #1023, #2871, #2435, .T. ) ;
#3613 = DIRECTION ( 'NONE',  ( 0.0000000000000000000, -1.000000000000000000, 0.0000000000000000000 ) ) ;
#3614 = VECTOR ( 'NONE', #3698, 1000.000000000000000 ) ;
#3615 = EDGE_CURVE ( 'NONE', #618, #3684, #3403, .T. ) ;
#3616 = ORIENTED_EDGE ( 'NONE', *, *, #993, .T. ) ;
#3617 = DIRECTION ( 'NONE',  ( -0.0000000000000000000, 1.000000000000000000, -0.0000000000000000000 ) ) ;
#3618 = VECTOR ( 'NONE', #874, 1000.000000000000000 ) ;
#3619 = AXIS2_PLACEMENT_3D ( 'NONE', #2211, #3089, #3686 ) ;
#3620 = DIRECTION ( 'NONE',  ( 0.0000000000000000000, -0.0000000000000000000, 1.000000000000000000 ) ) ;
#3621 = LINE ( 'NONE', #1085, #1777 ) ;
#3622 = CARTESIAN_POINT ( 'NONE',  ( 17.50000000000001100, -100.0000000000000400, -1.500000000000000000 ) ) ;
#3623 = CARTESIAN_POINT ( 'NONE',  ( -10.72736932469479900, 35.75000000000000700, 9.650126457546539500 ) ) ;
#3624 = VECTOR ( 'NONE', #1203, 1000.000000000000000 ) ;
#3625 = ORIENTED_EDGE ( 'NONE', *, *, #100, .F. ) ;
#3626 = FACE_OUTER_BOUND ( 'NONE', #2025, .T. ) ;
#3627 = CARTESIAN_POINT ( 'NONE',  ( -8.150000569866989500, 35.75000000000000700, 9.650126457546539500 ) ) ;
#3628 = ORIENTED_EDGE ( 'NONE', *, *, #1094, .F. ) ;
#3629 = UNCERTAINTY_MEASURE_WITH_UNIT (LENGTH_MEASURE( 1.000000000000000100E-005 ), #2540, 'distance_accuracy_value', 'NONE');
#3630 = ORIENTED_EDGE ( 'NONE', *, *, #3562, .F. ) ;
#3631 = CARTESIAN_POINT ( 'NONE',  ( -9.650000569866991300, 35.75000000000000700, 11.80486396720210100 ) ) ;
#3632 = FACE_OUTER_BOUND ( 'NONE', #1603, .T. ) ;
#3633 = ORIENTED_EDGE ( 'NONE', *, *, #544, .F. ) ;
#3634 = DIRECTION ( 'NONE',  ( -0.0000000000000000000, -1.000000000000000000, -0.0000000000000000000 ) ) ;
#3635 = ORIENTED_EDGE ( 'NONE', *, *, #1269, .F. ) ;
#3636 = EDGE_CURVE ( 'NONE', #22, #23, #198, .T. ) ;
#3637 = EDGE_CURVE ( 'NONE', #1350, #3494, #3023, .T. ) ;
#3638 = ORIENTED_EDGE ( 'NONE', *, *, #1743, .F. ) ;
#3639 = AXIS2_PLACEMENT_3D ( 'NONE', #3126, #789, #1656 ) ;
#3640 = DIRECTION ( 'NONE',  ( -0.0000000000000000000, -0.0000000000000000000, -1.000000000000000000 ) ) ;
#3641 = ORIENTED_EDGE ( 'NONE', *, *, #3487, .T. ) ;
#3642 = ORIENTED_EDGE ( 'NONE', *, *, #2001, .T. ) ;
#3643 = AXIS2_PLACEMENT_3D ( 'NONE', #2605, #41, #345 ) ;
#3644 = DIRECTION ( 'NONE',  ( -1.000000000000000000, 0.0000000000000000000, 0.0000000000000000000 ) ) ;
#3645 = CARTESIAN_POINT ( 'NONE',  ( -8.150000569866989500, 35.55000000000000400, 5.995388947890980100 ) ) ;
#3646 = FACE_OUTER_BOUND ( 'NONE', #2698, .T. ) ;
#3647 = VECTOR ( 'NONE', #3658, 1000.000000000000000 ) ;
#3648 = CARTESIAN_POINT ( 'NONE',  ( -2.220446049250309900E-015, 17.87500000000000400, 13.00000000000000200 ) ) ;
#3649 = ORIENTED_EDGE ( 'NONE', *, *, #1981, .F. ) ;
#3650 = ORIENTED_EDGE ( 'NONE', *, *, #230, .F. ) ;
#3651 = AXIS2_PLACEMENT_3D ( 'NONE', #3360, #1897, #133 ) ;
#3652 = DIRECTION ( 'NONE',  ( -0.0000000000000000000, -0.0000000000000000000, -1.000000000000000000 ) ) ;
#3653 = CARTESIAN_POINT ( 'NONE',  ( -1.500000000000010000, 17.87500000000000400, 0.0000000000000000000 ) ) ;
#3654 = CARTESIAN_POINT ( 'NONE',  ( -8.900000000000030600, 0.7500000000000010000, 5.949999999999999300 ) ) ;
#3655 = ORIENTED_EDGE ( 'NONE', *, *, #3142, .T. ) ;
#3656 = CARTESIAN_POINT ( 'NONE',  ( -16.30712604522700100, 11.00000000000000200, 0.0000000000000000000 ) ) ;
#3657 = CYLINDRICAL_SURFACE ( 'NONE', #2583, 2.000000000000000000 ) ;
#3658 = DIRECTION ( 'NONE',  ( -1.000000000000000000, -0.0000000000000000000, 0.0000000000000000000 ) ) ;
#3659 = EDGE_CURVE ( 'NONE', #2626, #2597, #1657, .T. ) ;
#3660 = FACE_OUTER_BOUND ( 'NONE', #902, .T. ) ;
#3661 = FACE_OUTER_BOUND ( 'NONE', #2665, .T. ) ;
#3662 = AXIS2_PLACEMENT_3D ( 'NONE', #814, #209, #1324 ) ;
#3663 = DIRECTION ( 'NONE',  ( -1.000000000000000000, 4.988948705044639600E-017, -0.0000000000000000000 ) ) ;
#3664 = ADVANCED_FACE ( 'NONE', ( #985 ), #2744, .T. ) ;
#3665 = PLANE ( 'NONE',  #201 ) ;
#3666 = LINE ( 'NONE', #2196, #2376 ) ;
#3667 = ORIENTED_EDGE ( 'NONE', *, *, #1839, .F. ) ;
#3668 = LINE ( 'NONE', #867, #1552 ) ;
#3669 = DIRECTION ( 'NONE',  ( 1.734723475976807400E-017, -1.000000000000000000, 0.0000000000000000000 ) ) ;
#3670 = DIRECTION ( 'NONE',  ( -4.988948705044639600E-017, -1.000000000000000000, 2.605617018427420200E-033 ) ) ;
#3671 = LINE ( 'NONE', #2833, #3171 ) ;
#3672 = ORIENTED_EDGE ( 'NONE', *, *, #1981, .T. ) ;
#3673 = DIRECTION ( 'NONE',  ( -0.0000000000000000000, 1.000000000000000000, -0.0000000000000000000 ) ) ;
#3674 = PLANE ( 'NONE',  #2152 ) ;
#3675 = ORIENTED_EDGE ( 'NONE', *, *, #2372, .T. ) ;
#3676 = VECTOR ( 'NONE', #2718, 1000.000000000000000 ) ;
#3677 = CARTESIAN_POINT ( 'NONE',  ( -11.55000000000000100, 17.64999999999999900, 17.89999999999999900 ) ) ;
#3678 = SHAPE_REPRESENTATION ( 'door lock detail', ( #1117 ), #1948 ) ;
#3679 = EDGE_LOOP ( 'NONE', ( #360, #1439, #1539, #3642 ) ) ;
#3680 = ORIENTED_EDGE ( 'NONE', *, *, #3106, .T. ) ;
#3681 = EDGE_CURVE ( 'NONE', #2113, #2227, #2432, .T. ) ;
#3682 = CARTESIAN_POINT ( 'NONE',  ( -8.500000000000003600, -48.70000000000007400, 2.500000000000000000 ) ) ;
#3683 = CARTESIAN_POINT ( 'NONE',  ( -8.900000000000030600, 0.7500000000000008900, 5.949999999999999300 ) ) ;
#3684 = VERTEX_POINT ( 'NONE', #1871 ) ;
#3685 = EDGE_CURVE ( 'NONE', #989, #2926, #2616, .T. ) ;
#3686 = DIRECTION ( 'NONE',  ( 1.000000000000000000, 0.0000000000000000000, 0.0000000000000000000 ) ) ;
#3687 = CARTESIAN_POINT ( 'NONE',  ( -8.900000000000000400, 35.75000000000000700, 0.0000000000000000000 ) ) ;
#3688 = AXIS2_PLACEMENT_3D ( 'NONE', #2933, #3531, #2064 ) ;
#3689 = ADVANCED_FACE ( 'NONE', ( #892 ), #1896, .T. ) ;
#3690 = ORIENTED_EDGE ( 'NONE', *, *, #2623, .T. ) ;
#3691 = DIRECTION ( 'NONE',  ( 1.000000000000000000, 0.0000000000000000000, 0.0000000000000000000 ) ) ;
#3692 = CARTESIAN_POINT ( 'NONE',  ( -17.80000000000000100, 18.16421356237310600, 17.00000000000000000 ) ) ;
#3693 = ORIENTED_EDGE ( 'NONE', *, *, #2764, .T. ) ;
#3694 = CARTESIAN_POINT ( 'NONE',  ( -12.30712604522699900, 8.000000000000000000, 13.99999999999999500 ) ) ;
#3695 = DIRECTION ( 'NONE',  ( -1.000000000000000000, 0.0000000000000000000, -0.0000000000000000000 ) ) ;
#3696 = CIRCLE ( 'NONE', #2386, 5.999999999996729700 ) ;
#3697 = ORIENTED_EDGE ( 'NONE', *, *, #2144, .F. ) ;
#3698 = DIRECTION ( 'NONE',  ( 1.000000000000000000, 0.0000000000000000000, 0.0000000000000000000 ) ) ;
#3699 = VECTOR ( 'NONE', #3752, 1000.000000000000000 ) ;
#3700 = DIRECTION ( 'NONE',  ( -0.0000000000000000000, 0.0000000000000000000, -1.000000000000000000 ) ) ;
#3701 = PLANE ( 'NONE',  #265 ) ;
#3702 = CIRCLE ( 'NONE', #1390, 1.000000000000000900 ) ;
#3703 = CARTESIAN_POINT ( 'NONE',  ( -17.80000000000000100, 17.92157287525382600, 17.58578643762690800 ) ) ;
#3704 = EDGE_CURVE ( 'NONE', #1381, #2446, #3119, .T. ) ;
#3705 = ORIENTED_EDGE ( 'NONE', *, *, #2321, .T. ) ;
#3706 = ADVANCED_FACE ( 'NONE', ( #1559 ), #736, .T. ) ;
#3707 = VECTOR ( 'NONE', #3573, 1000.000000000000000 ) ;
#3708 = EDGE_CURVE ( 'NONE', #2351, #1775, #14, .T. ) ;
#3709 = DIRECTION ( 'NONE',  ( -1.000000000000000000, -0.0000000000000000000, -0.0000000000000000000 ) ) ;
#3710 = PLANE ( 'NONE',  #3052 ) ;
#3711 = ADVANCED_FACE ( 'NONE', ( #1347 ), #3710, .F. ) ;
#3712 = DIRECTION ( 'NONE',  ( 0.0000000000000000000, 0.0000000000000000000, 1.000000000000000000 ) ) ;
#3713 = LINE ( 'NONE', #2810, #4 ) ;
#3714 = FACE_OUTER_BOUND ( 'NONE', #2885, .T. ) ;
#3715 = EDGE_CURVE ( 'NONE', #1240, #1350, #3495, .T. ) ;
#3716 = DIRECTION ( 'NONE',  ( 0.0000000000000000000, 0.0000000000000000000, -1.000000000000000000 ) ) ;
#3717 = VECTOR ( 'NONE', #3741, 1000.000000000000000 ) ;
#3718 = ORIENTED_EDGE ( 'NONE', *, *, #682, .T. ) ;
#3719 = VECTOR ( 'NONE', #1485, 1000.000000000000000 ) ;
#3720 = EDGE_LOOP ( 'NONE', ( #2851, #59, #1794, #3667 ) ) ;
#3721 = DIRECTION ( 'NONE',  ( 1.000000000000000000, 0.0000000000000000000, -0.0000000000000000000 ) ) ;
#3722 = ORIENTED_EDGE ( 'NONE', *, *, #1984, .F. ) ;
#3723 = VECTOR ( 'NONE', #1796, 1000.000000000000000 ) ;
#3724 = VERTEX_POINT ( 'NONE', #1052 ) ;
#3725 = ORIENTED_EDGE ( 'NONE', *, *, #2636, .T. ) ;
#3726 = CARTESIAN_POINT ( 'NONE',  ( -8.500000000000003600, 48.69999999999998200, 2.500000000000000000 ) ) ;
#3727 = ADVANCED_FACE ( 'NONE', ( #806 ), #2511, .T. ) ;
#3728 = CARTESIAN_POINT ( 'NONE',  ( 4.850000000000001400, -30.00000000000000000, -8.400000000000003900 ) ) ;
#3729 = EDGE_CURVE ( 'NONE', #3190, #2343, #1261, .T. ) ;
#3730 = ORIENTED_EDGE ( 'NONE', *, *, #3188, .T. ) ;
#3731 = VERTEX_POINT ( 'NONE', #2495 ) ;
#3732 = AXIS2_PLACEMENT_3D ( 'NONE', #438, #152, #1888 ) ;
#3733 = EDGE_CURVE ( 'NONE', #1351, #3449, #1922, .T. ) ;
#3734 =( NAMED_UNIT ( * ) PLANE_ANGLE_UNIT ( ) SI_UNIT ( $, .RADIAN. ) );
#3735 = DIRECTION ( 'NONE',  ( 0.0000000000000000000, -0.0000000000000000000, 1.000000000000000000 ) ) ;
#3736 = EDGE_CURVE ( 'NONE', #1317, #695, #1081, .T. ) ;
#3737 = CARTESIAN_POINT ( 'NONE',  ( -8.900000569866989500, 35.75000000000000700, 8.896999350387458700 ) ) ;
#3738 = ORIENTED_EDGE ( 'NONE', *, *, #1984, .T. ) ;
#3739 = ORIENTED_EDGE ( 'NONE', *, *, #2897, .F. ) ;
#3740 = EDGE_CURVE ( 'NONE', #2941, #1793, #2530, .T. ) ;
#3741 = DIRECTION ( 'NONE',  ( -0.0000000000000000000, -0.0000000000000000000, -1.000000000000000000 ) ) ;
#3742 = CARTESIAN_POINT ( 'NONE',  ( -11.55000000000000100, 14.75462388992310100, 17.89999999999999900 ) ) ;
#3743 = EDGE_LOOP ( 'NONE', ( #494, #3453, #2016, #1042 ) ) ;
#3744 = AXIS2_PLACEMENT_3D ( 'NONE', #1806, #101, #69 ) ;
#3745 = PRODUCT_DEFINITION_SHAPE ( 'NONE', 'NONE',  #3797 ) ;
#3746 = VECTOR ( 'NONE', #2906, 1000.000000000000000 ) ;
#3747 = CARTESIAN_POINT ( 'NONE',  ( -8.150000569866991300, 35.75000000000000700, 14.84993980027949200 ) ) ;
#3748 =( NAMED_UNIT ( * ) SI_UNIT ( $, .STERADIAN. ) SOLID_ANGLE_UNIT ( ) );
#3749 = ADVANCED_FACE ( 'NONE', ( #103 ), #146, .F. ) ;
#3750 =( BOUNDED_CURVE ( )  B_SPLINE_CURVE ( 3, ( #3692, #3703, #495, #829 ),
 .UNSPECIFIED., .F., .T. ) 
 B_SPLINE_CURVE_WITH_KNOTS ( ( 4, 4 ),
 ( 1.570796326794897900, 3.141592653589793100 ),
 .UNSPECIFIED. ) 
 CURVE ( )  GEOMETRIC_REPRESENTATION_ITEM ( )  RATIONAL_B_SPLINE_CURVE ( ( 1.000000000000000000, 0.8047378541243652700, 0.8047378541243652700, 1.000000000000000000 ) ) 
 REPRESENTATION_ITEM ( '' )  );
#3751 = VECTOR ( 'NONE', #2472, 1000.000000000000000 ) ;
#3752 = DIRECTION ( 'NONE',  ( -0.0000000000000000000, 1.000000000000000000, -0.0000000000000000000 ) ) ;
#3753 = ORIENTED_EDGE ( 'NONE', *, *, #1316, .F. ) ;
#3754 = ORIENTED_EDGE ( 'NONE', *, *, #2573, .T. ) ;
#3755 = COLOUR_RGB ( '',0.7921568627450980000, 0.8196078431372548800, 0.9333333333333333500 ) ;
#3756 = DIRECTION ( 'NONE',  ( 0.0000000000000000000, -0.7071067811865480200, -0.7071067811865470200 ) ) ;
#3757 = ORIENTED_EDGE ( 'NONE', *, *, #3685, .F. ) ;
#3758 = CARTESIAN_POINT ( 'NONE',  ( -0.9999999999999991100, 34.75000000000000000, 17.00000000000000000 ) ) ;
#3759 = VERTEX_POINT ( 'NONE', #2812 ) ;
#3760 = AXIS2_PLACEMENT_3D ( 'NONE', #1545, #1825, #403 ) ;
#3761 = FACE_OUTER_BOUND ( 'NONE', #104, .T. ) ;
#3762 = EDGE_CURVE ( 'NONE', #2349, #1317, #2701, .T. ) ;
#3763 = CYLINDRICAL_SURFACE ( 'NONE', #1881, 4.000000000000000000 ) ;
#3764 = EDGE_CURVE ( 'NONE', #223, #19, #2704, .T. ) ;
#3765 = AXIS2_PLACEMENT_3D ( 'NONE', #2477, #744, #1304 ) ;
#3766 = ORIENTED_EDGE ( 'NONE', *, *, #807, .F. ) ;
#3767 = CARTESIAN_POINT ( 'NONE',  ( 13.50000000000000900, 99.99999999999994300, 2.500000000000000000 ) ) ;
#3768 = CARTESIAN_POINT ( 'NONE',  ( -14.99999999999999100, 97.49999999999992900, 0.0000000000000000000 ) ) ;
#3769 = VECTOR ( 'NONE', #3700, 1000.000000000000000 ) ;
#3770 = ORIENTED_EDGE ( 'NONE', *, *, #3416, .T. ) ;
#3771 = DIRECTION ( 'NONE',  ( 1.242207580000179900E-016, -1.000000000000000000, -5.108572532885540300E-031 ) ) ;
#3772 = ORIENTED_EDGE ( 'NONE', *, *, #1361, .F. ) ;
#3773 = LINE ( 'NONE', #3246, #2067 ) ;
#3774 = DIRECTION ( 'NONE',  ( 0.0000000000000000000, -0.0000000000000000000, 1.000000000000000000 ) ) ;
#3775 = CARTESIAN_POINT ( 'NONE',  ( -16.30712604522700100, 11.00000000000000200, -29.80527936219560200 ) ) ;
#3776 = ORIENTED_EDGE ( 'NONE', *, *, #3211, .T. ) ;
#3777 = VERTEX_POINT ( 'NONE', #790 ) ;
#3778 = ORIENTED_EDGE ( 'NONE', *, *, #2030, .F. ) ;
#3779 = DIRECTION ( 'NONE',  ( 1.000000000000000000, 0.0000000000000000000, 0.0000000000000000000 ) ) ;
#3780 = DIRECTION ( 'NONE',  ( -1.000000000000000000, 0.0000000000000000000, -1.097877974401809900E-015 ) ) ;
#3781 = EDGE_CURVE ( 'NONE', #2543, #3131, #859, .T. ) ;
#3782 = DIRECTION ( 'NONE',  ( -0.0000000000000000000, 1.000000000000000000, 0.0000000000000000000 ) ) ;
#3783 = EDGE_LOOP ( 'NONE', ( #828, #1071, #3215, #1441 ) ) ;
#3784 = CARTESIAN_POINT ( 'NONE',  ( -8.150000569866989500, 35.75000000000000700, 13.33480710131540200 ) ) ;
#3785 = VECTOR ( 'NONE', #1975, 1000.000000000000000 ) ;
#3786 = EDGE_LOOP ( 'NONE', ( #2089, #2360, #1797, #202 ) ) ;
#3787 = CARTESIAN_POINT ( 'NONE',  ( -8.500000000000001800, 82.19999999999997400, 0.0000000000000000000 ) ) ;
#3788 = DIRECTION ( 'NONE',  ( 0.0000000000000000000, -1.000000000000000000, 0.0000000000000000000 ) ) ;
#3789 = CIRCLE ( 'NONE', #3505, 2.000000000000000000 ) ;
#3790 = CARTESIAN_POINT ( 'NONE',  ( -8.900000569866989500, 35.75000000000000700, 8.900126457546539500 ) ) ;
#3791 = DIRECTION ( 'NONE',  ( 0.0000000000000000000, -0.0000000000000000000, 1.000000000000000000 ) ) ;
#3792 = ORIENTED_EDGE ( 'NONE', *, *, #1927, .F. ) ;
#3793 = ADVANCED_BREP_SHAPE_REPRESENTATION ( '', ( #109, #1117 ), #1308 ) ;
#3794 = LINE ( 'NONE', #2245, #3614 ) ;
#3795 = DIRECTION ( 'NONE',  ( 0.0000000000000000000, -1.000000000000000000, -0.0000000000000000000 ) ) ;
#3796 = ADVANCED_FACE ( 'NONE', ( #1349 ), #2151, .T. ) ;
#3797 = NEXT_ASSEMBLY_USAGE_OCCURRENCE ( 'NAUO1', ' ', ' ', #795, #2395, $ ) ;
#3798 = NEXT_ASSEMBLY_USAGE_OCCURRENCE ( 'NAUO2', ' ', ' ', #795, #650, $ ) ;
ENDSEC;
END-ISO-10303-21;
